employee_id,department,role,database_name,days_to_expiry,total_rotations,successful_rotations,failed_rotations,reminders_ignored,avg_response_hours,login_frequency_per_week,password_strength_score,uses_mfa,is_privileged,is_production,breach_risk_score,caused_breach
EMP-00001,Engineering,Senior Developer,MySQL,-37,2,0,2,7,61,34,8,1,0,1,100.0,1
EMP-00002,Engineering,DBA,Oracle,56,12,5,6,4,6,2,9,1,1,1,42.98,0
EMP-00003,DevOps,Platform Engineer,SQL Server,112,8,5,2,7,50,39,9,0,0,1,38.63,0
EMP-00004,Data Science,Developer,Oracle,83,16,12,3,7,40,18,10,1,0,0,0.0,0
EMP-00005,DevOps,Platform Engineer,PostgreSQL,21,16,13,3,4,17,7,2,1,0,1,0.0,0
EMP-00006,Compliance,DBA,MariaDB,-8,18,13,5,4,13,28,10,0,1,1,56.74,1
EMP-00007,Infrastructure,Security Engineer,Oracle,-30,9,4,3,0,29,9,3,0,1,0,100.0,1
EMP-00008,Platform,Security Engineer,PostgreSQL,-24,15,9,5,4,51,12,2,1,1,0,100.0,1
EMP-00009,DevOps,Tech Lead,MySQL,4,6,5,1,6,11,50,7,1,1,1,30.1,0
EMP-00010,Finance,DBA,PostgreSQL,21,11,3,6,0,11,48,9,1,1,1,17.2,0
EMP-00011,Engineering,Developer,PostgreSQL,142,19,15,2,2,10,50,3,0,0,0,0.0,0
EMP-00012,Platform,Platform Engineer,MariaDB,-14,12,5,6,3,59,26,5,0,0,0,100.0,1
EMP-00013,Security,Platform Engineer,Oracle,62,17,13,2,5,51,24,10,0,0,1,0.0,0
EMP-00014,Analytics,Tech Lead,MySQL,72,18,14,3,6,13,28,8,0,1,1,0.0,0
EMP-00015,Platform,Developer,Oracle,22,5,5,0,5,26,20,4,1,0,0,0.0,0
EMP-00016,Operations,Developer,PostgreSQL,18,16,12,2,6,29,38,3,1,0,0,0.0,0
EMP-00017,Analytics,Developer,MySQL,3,10,7,2,1,38,18,6,0,0,1,11.54,0
EMP-00018,DevOps,Senior DBA,MySQL,45,4,3,1,3,21,21,3,1,1,1,8.56,0
EMP-00019,DevOps,Senior DBA,PostgreSQL,26,12,6,6,2,31,9,9,1,1,1,19.97,0
EMP-00020,Security,Senior DBA,MongoDB,91,12,8,2,4,25,23,6,0,1,1,5.98,0
EMP-00021,DevOps,Security Engineer,Oracle,41,3,0,2,1,102,24,9,1,1,1,11.93,0
EMP-00022,Data Science,Manager,MongoDB,55,16,16,0,1,104,12,7,1,0,0,0.0,0
EMP-00023,Security,Developer,PostgreSQL,3,2,0,2,1,78,11,4,1,0,1,45.96,0
EMP-00024,Infrastructure,Developer,MySQL,5,20,15,3,6,48,25,2,1,0,1,7.0,0
EMP-00025,Engineering,Analyst,Oracle,113,7,4,1,0,65,34,2,1,0,0,0.0,0
EMP-00026,Analytics,Security Engineer,Oracle,9,6,3,2,2,43,48,9,0,1,1,22.74,0
EMP-00027,Compliance,Security Engineer,PostgreSQL,23,0,0,0,0,84,4,8,0,1,0,0.0,0
EMP-00028,Data Science,Security Engineer,MySQL,164,14,12,0,1,26,21,10,0,1,0,0.0,0
EMP-00029,Security,SRE,MySQL,159,10,9,1,3,9,26,3,0,1,0,0.0,0
EMP-00030,Finance,Security Engineer,SQL Server,-33,3,3,0,3,37,10,2,1,1,0,91.77,1
EMP-00031,Infrastructure,Manager,MariaDB,114,13,8,4,2,120,13,5,1,0,1,1.96,0
EMP-00032,Operations,Developer,PostgreSQL,42,16,10,4,7,48,33,8,1,0,0,7.6,0
EMP-00033,DevOps,Analyst,SQL Server,5,8,1,5,1,60,1,5,1,0,0,55.91,1
EMP-00034,Finance,Analyst,PostgreSQL,-39,12,12,0,0,77,9,7,1,0,1,0.0,0
EMP-00035,Analytics,Manager,MySQL,-11,0,0,0,7,61,37,9,1,0,0,95.4,1
EMP-00036,Operations,SRE,PostgreSQL,19,10,5,3,4,3,22,5,1,1,1,20.84,0
EMP-00037,Operations,Security Engineer,MySQL,37,11,7,4,2,108,20,10,1,1,1,0.0,0
EMP-00038,Finance,Analyst,PostgreSQL,73,19,14,4,6,22,32,3,1,0,1,0.0,0
EMP-00039,Analytics,Platform Engineer,PostgreSQL,41,6,3,1,0,19,44,6,1,0,1,0.0,0
EMP-00040,Analytics,SRE,PostgreSQL,1,10,10,0,4,3,14,8,0,1,0,0.0,0
EMP-00041,Engineering,Manager,Oracle,95,12,5,5,6,98,7,9,1,0,0,50.36,0
EMP-00042,Infrastructure,SRE,PostgreSQL,27,11,8,1,4,2,17,7,1,1,1,0.0,0
EMP-00043,Analytics,Senior DBA,MySQL,95,12,10,2,1,35,16,6,1,1,0,0.0,0
EMP-00044,Engineering,Platform Engineer,PostgreSQL,0,6,2,4,1,115,3,8,1,0,1,47.28,0
EMP-00045,DevOps,Platform Engineer,MySQL,11,12,10,2,2,37,14,5,1,0,1,0.0,0
EMP-00046,Infrastructure,DBA,PostgreSQL,78,1,1,0,1,15,46,6,1,1,0,0.0,0
EMP-00047,Platform,DBA,SQL Server,107,10,8,2,0,21,38,3,0,1,0,0.0,0
EMP-00048,Compliance,Developer,PostgreSQL,90,1,0,0,4,107,1,6,1,0,0,11.97,0
EMP-00049,Analytics,SRE,MariaDB,106,12,6,6,2,28,18,2,1,1,0,34.38,0
EMP-00050,DevOps,DBA,MySQL,5,6,1,4,4,24,26,9,1,1,1,64.0,1
EMP-00051,Operations,SRE,Oracle,79,2,0,2,0,24,27,3,1,1,1,12.65,0
EMP-00052,Infrastructure,Senior DBA,PostgreSQL,131,13,8,4,4,8,8,9,1,1,0,0.0,0
EMP-00053,Data Science,Analyst,PostgreSQL,-44,2,0,0,7,92,39,7,1,0,0,100.0,1
EMP-00054,Engineering,Senior DBA,PostgreSQL,-22,0,0,0,2,7,44,6,0,1,1,96.92,1
EMP-00055,Data Science,Security Engineer,Oracle,24,7,4,3,0,109,11,6,0,1,0,18.28,0
EMP-00056,Analytics,Developer,MySQL,16,8,4,2,7,81,46,8,1,0,1,36.81,0
EMP-00057,Security,Analyst,MariaDB,70,0,0,0,0,96,34,7,1,0,1,0.0,0
EMP-00058,Infrastructure,Developer,MySQL,100,20,18,2,8,44,26,6,1,0,1,0.0,0
EMP-00059,Engineering,DBA,MySQL,64,6,3,1,2,26,32,4,1,1,0,0.0,0
EMP-00060,Compliance,Developer,Oracle,103,4,2,2,3,89,14,3,0,0,1,52.3,1
EMP-00061,Analytics,Security Engineer,MySQL,18,8,6,1,0,99,10,9,0,1,1,0.0,0
EMP-00062,Security,Analyst,MySQL,2,13,7,4,5,88,23,10,0,0,0,56.83,1
EMP-00063,Finance,SRE,MySQL,63,4,4,0,0,26,46,6,0,1,0,0.0,0
EMP-00064,Operations,Tech Lead,MySQL,88,12,7,5,4,29,17,3,0,1,0,50.73,0
EMP-00065,Data Science,DBA,Oracle,156,14,8,4,0,13,30,10,1,1,0,0.0,0
EMP-00066,DevOps,Senior DBA,MySQL,-40,2,1,1,1,32,34,10,1,1,1,69.67,1
EMP-00067,Operations,Senior DBA,MySQL,2,18,13,5,3,14,28,4,0,1,0,32.04,0
EMP-00068,Operations,Manager,Oracle,-18,4,3,1,7,40,21,6,0,0,0,100.0,1
EMP-00069,Platform,Senior DBA,MySQL,168,12,11,0,4,14,37,9,0,1,1,0.0,0
EMP-00070,Operations,Analyst,MySQL,130,3,2,1,5,26,29,10,0,0,1,18.79,1
EMP-00071,Analytics,Manager,MySQL,-7,12,10,1,3,115,23,2,0,0,1,54.77,0
EMP-00072,Security,Analyst,PostgreSQL,4,15,12,3,3,36,37,8,1,0,1,0.0,0
EMP-00073,Engineering,Tech Lead,MySQL,13,17,15,2,1,29,31,5,1,1,1,0.0,0
EMP-00074,Compliance,Security Engineer,Oracle,27,12,5,5,1,65,7,4,0,1,1,54.6,0
EMP-00075,Finance,Senior DBA,PostgreSQL,23,8,3,5,0,35,2,9,1,1,1,10.07,0
EMP-00076,Security,Platform Engineer,PostgreSQL,8,4,2,1,1,116,43,3,1,0,1,11.8,0
EMP-00077,DevOps,Manager,Oracle,30,6,5,1,4,95,47,4,1,0,0,3.28,0
EMP-00078,Compliance,Security Engineer,MySQL,180,11,7,4,4,117,13,8,0,1,1,41.06,0
EMP-00079,Analytics,SRE,Oracle,57,18,14,3,3,5,32,2,1,1,0,0.0,0
EMP-00080,Platform,Platform Engineer,MongoDB,127,20,17,1,0,74,43,6,1,0,1,0.0,0
EMP-00081,Finance,Tech Lead,MariaDB,104,20,16,2,4,19,20,5,0,1,0,0.0,0
EMP-00082,Operations,Security Engineer,SQL Server,-31,18,13,3,0,37,31,4,1,1,0,27.72,0
EMP-00083,Engineering,Tech Lead,PostgreSQL,6,17,11,4,2,30,11,8,0,1,1,7.96,0
EMP-00084,Security,Senior Developer,Oracle,154,0,0,0,4,71,35,9,0,0,1,23.98,0
EMP-00085,Compliance,Developer,Oracle,180,12,5,6,0,109,22,2,0,0,0,51.63,0
EMP-00086,Data Science,DBA,Oracle,-17,18,18,0,4,12,41,6,1,1,1,0.0,0
EMP-00087,Operations,Senior Developer,Oracle,121,6,1,3,3,84,21,2,1,0,1,54.34,0
EMP-00088,Infrastructure,Manager,MySQL,31,2,0,2,0,16,50,2,1,0,0,0.0,0
EMP-00089,Platform,Analyst,MySQL,3,16,13,2,6,23,43,10,1,0,1,0.0,0
EMP-00090,Infrastructure,Security Engineer,Oracle,125,18,15,2,0,27,9,9,1,1,1,0.0,0
EMP-00091,DevOps,Tech Lead,PostgreSQL,0,14,10,3,5,36,14,8,0,1,0,33.49,0
EMP-00092,Analytics,Senior DBA,Oracle,-20,16,11,3,1,36,46,5,1,1,1,57.21,1
EMP-00093,Infrastructure,Developer,MongoDB,-11,0,0,0,6,54,26,10,1,0,0,73.69,1
EMP-00094,Analytics,Senior Developer,PostgreSQL,-7,6,4,2,4,34,12,8,1,0,1,56.96,1
EMP-00095,Infrastructure,SRE,Oracle,-10,6,3,3,3,34,10,4,0,1,1,100.0,1
EMP-00096,Security,Platform Engineer,Oracle,158,10,7,1,3,29,7,9,0,0,0,0.0,0
EMP-00097,DevOps,Security Engineer,MariaDB,42,12,12,0,2,102,8,10,0,1,1,0.0,0
EMP-00098,Platform,Senior Developer,Oracle,169,12,5,5,0,117,13,2,0,0,1,47.22,0
EMP-00099,DevOps,Security Engineer,MySQL,-23,14,10,2,4,89,39,8,1,1,1,68.98,1
EMP-00100,Security,Manager,Oracle,-30,14,12,1,7,17,50,9,1,0,1,58.63,1
EMP-00101,Finance,Senior Developer,MySQL,12,15,14,1,6,17,46,3,1,0,0,0.0,0
EMP-00102,Infrastructure,Senior DBA,MySQL,16,19,15,4,3,31,25,9,1,1,1,0.0,0
EMP-00103,Operations,Developer,Oracle,170,9,6,2,7,60,24,3,1,0,0,33.64,0
EMP-00104,Security,Platform Engineer,MySQL,154,18,16,1,0,88,12,4,1,0,0,0.0,0
EMP-00105,Analytics,Analyst,MySQL,99,18,16,1,2,42,46,4,0,0,0,0.0,0
EMP-00106,Engineering,DBA,SQL Server,80,4,3,0,3,27,41,7,1,1,1,0.0,0
EMP-00107,Data Science,Developer,PostgreSQL,-36,20,15,5,8,47,23,7,1,0,0,86.79,1
EMP-00108,Operations,SRE,MySQL,14,15,8,6,3,15,48,2,1,1,0,34.19,0
EMP-00109,Infrastructure,Tech Lead,MongoDB,114,7,7,0,7,11,28,8,0,1,1,7.74,0
EMP-00110,Infrastructure,Security Engineer,PostgreSQL,13,7,7,0,4,8,39,9,1,1,1,0.0,0
EMP-00111,Finance,Security Engineer,Oracle,3,5,2,2,0,75,44,10,1,1,0,9.13,0
EMP-00112,Data Science,Platform Engineer,PostgreSQL,-22,15,10,4,1,106,25,10,1,0,1,48.89,0
EMP-00113,DevOps,Senior Developer,PostgreSQL,6,19,12,5,1,78,49,4,1,0,0,0.0,0
EMP-00114,Finance,Developer,Oracle,175,3,0,1,3,57,22,5,1,0,1,19.33,0
EMP-00115,Finance,Tech Lead,MongoDB,80,17,14,2,0,14,4,2,1,1,0,0.0,0
EMP-00116,Platform,SRE,SQL Server,124,10,6,3,1,1,41,2,0,1,0,7.5,0
EMP-00117,Data Science,DBA,MySQL,90,9,4,3,2,12,26,8,0,1,1,14.75,0
EMP-00118,Platform,Senior Developer,MySQL,-14,16,12,4,5,93,3,3,1,0,0,84.06,1
EMP-00119,Data Science,Senior Developer,Oracle,68,0,0,0,8,64,12,4,1,0,0,56.73,1
EMP-00120,Compliance,DBA,MySQL,22,13,8,3,4,2,40,6,1,1,0,0.0,1
EMP-00121,Data Science,Security Engineer,Oracle,24,12,10,1,3,81,2,2,1,1,0,0.0,0
EMP-00122,Compliance,Platform Engineer,Oracle,4,12,12,0,4,117,30,10,1,0,0,0.0,0
EMP-00123,Data Science,SRE,MariaDB,36,0,0,0,2,21,39,7,0,1,1,10.35,0
EMP-00124,DevOps,Platform Engineer,SQL Server,-24,12,5,5,1,90,15,3,1,0,1,100.0,1
EMP-00125,Compliance,Developer,PostgreSQL,147,0,0,0,0,8,33,7,1,0,0,0.0,0
EMP-00126,Finance,Analyst,MySQL,20,15,10,4,8,65,37,2,0,0,1,68.48,1
EMP-00127,Finance,Developer,MariaDB,99,20,20,0,6,108,1,4,0,0,0,0.0,0
EMP-00128,Infrastructure,DBA,Oracle,-33,7,3,2,0,35,25,3,1,1,0,90.39,1
EMP-00129,DevOps,Senior DBA,MySQL,20,10,7,3,0,7,7,7,0,1,1,0.0,0
EMP-00130,Data Science,DBA,Oracle,82,14,9,3,0,36,14,8,0,1,0,0.0,0
EMP-00131,Analytics,Analyst,PostgreSQL,174,10,3,6,8,61,40,5,0,0,0,100.0,1
EMP-00132,Platform,Tech Lead,Oracle,-28,15,15,0,5,25,16,3,1,1,1,39.27,0
EMP-00133,Infrastructure,DBA,PostgreSQL,21,10,8,0,3,2,12,2,1,1,0,0.0,0
EMP-00134,Platform,Developer,MySQL,28,8,8,0,1,35,32,5,1,0,0,0.0,0
EMP-00135,Data Science,Tech Lead,MySQL,70,20,15,4,4,6,25,5,0,1,1,0.0,0
EMP-00136,Security,Senior Developer,PostgreSQL,3,3,1,0,3,81,1,6,1,0,0,24.52,0
EMP-00137,Analytics,Platform Engineer,Oracle,96,3,0,1,1,45,42,2,0,0,0,22.5,0
EMP-00138,Finance,Senior DBA,PostgreSQL,30,1,0,1,3,33,13,4,1,1,0,21.67,0
EMP-00139,Security,Manager,Oracle,85,15,7,6,4,37,20,7,1,0,1,33.23,0
EMP-00140,Platform,SRE,MySQL,-13,4,2,2,1,10,49,7,1,1,0,64.96,1
EMP-00141,DevOps,Analyst,Oracle,60,19,17,1,7,110,23,8,1,0,1,0.0,0
EMP-00142,Compliance,Developer,SQL Server,3,8,8,0,8,45,24,8,0,0,0,36.29,0
EMP-00143,Analytics,Developer,Oracle,7,16,11,3,5,44,36,6,1,0,1,8.53,0
EMP-00144,Engineering,Manager,PostgreSQL,85,14,12,1,8,12,34,4,0,0,1,4.51,0
EMP-00145,Engineering,Manager,PostgreSQL,-35,13,11,1,4,19,7,8,1,0,0,26.38,1
EMP-00146,Finance,Senior DBA,Oracle,86,2,0,2,3,4,40,4,0,1,1,57.02,1
EMP-00147,Infrastructure,SRE,MariaDB,70,20,17,3,4,9,17,2,0,1,1,0.0,0
EMP-00148,Operations,Platform Engineer,MariaDB,9,0,0,0,5,112,39,8,0,0,1,47.37,0
EMP-00149,Finance,Tech Lead,MySQL,120,17,10,5,5,5,21,3,0,1,1,44.23,0
EMP-00150,Infrastructure,Security Engineer,PostgreSQL,22,12,5,5,0,71,30,9,0,1,1,20.76,0
EMP-00151,DevOps,Security Engineer,PostgreSQL,6,12,11,0,4,64,25,6,1,1,1,0.0,0
EMP-00152,Data Science,Senior DBA,MySQL,104,7,2,3,0,34,31,5,1,1,1,4.46,0
EMP-00153,DevOps,SRE,MySQL,36,9,7,2,3,34,28,6,1,1,1,0.0,0
EMP-00154,Data Science,Analyst,MySQL,156,14,14,0,9,50,29,7,1,0,0,0.0,0
EMP-00155,Data Science,Analyst,PostgreSQL,5,16,13,3,2,15,42,10,1,0,1,0.0,0
EMP-00156,Infrastructure,Manager,Oracle,-31,15,13,2,7,118,12,4,0,0,0,100.0,1
EMP-00157,DevOps,DBA,MySQL,7,20,18,2,4,2,1,2,0,1,1,0.0,0
EMP-00158,Compliance,Manager,MySQL,81,16,12,4,3,108,45,5,0,0,0,0.0,0
EMP-00159,Engineering,Developer,MySQL,164,13,9,3,5,28,20,2,1,0,1,9.08,0
EMP-00160,Compliance,Senior DBA,Oracle,6,2,1,0,0,33,28,4,0,1,1,23.93,1
EMP-00161,Analytics,Manager,MariaDB,56,3,1,0,3,108,47,4,1,0,0,4.66,0
EMP-00162,Platform,Senior DBA,MySQL,76,16,14,0,2,22,5,10,1,1,0,0.0,0
EMP-00163,Operations,Platform Engineer,SQL Server,88,2,2,0,5,36,8,4,0,0,0,25.46,0
EMP-00164,Finance,Senior Developer,MySQL,10,11,6,5,1,73,31,6,0,0,0,25.65,0
EMP-00165,Infrastructure,Security Engineer,PostgreSQL,3,2,0,1,4,12,50,9,1,1,1,42.99,0
EMP-00166,Operations,Tech Lead,PostgreSQL,-43,10,10,0,1,24,34,7,1,1,0,7.6,0
EMP-00167,Compliance,Senior Developer,PostgreSQL,81,3,1,0,7,51,2,10,1,0,1,16.57,0
EMP-00168,DevOps,Developer,Oracle,-25,14,13,0,4,99,9,4,1,0,0,35.0,0
EMP-00169,DevOps,Manager,Oracle,138,18,14,4,7,64,13,3,1,0,0,4.41,0
EMP-00170,Compliance,Platform Engineer,MySQL,-23,3,1,2,7,37,39,3,0,0,0,100.0,1
EMP-00171,Infrastructure,Manager,MySQL,10,19,12,5,2,40,6,6,1,0,1,0.0,0
EMP-00172,Engineering,Security Engineer,Oracle,3,1,1,0,0,60,50,2,1,1,1,27.31,0
EMP-00173,Data Science,DBA,Oracle,-34,9,7,0,4,32,46,2,1,1,0,82.42,1
EMP-00174,Security,SRE,PostgreSQL,110,2,2,0,0,23,29,9,1,1,1,0.0,0
EMP-00175,Data Science,Developer,MySQL,-8,18,12,4,3,76,6,6,1,0,0,35.08,1
EMP-00176,Data Science,DBA,Oracle,2,9,5,2,2,11,30,9,1,1,1,9.32,0
EMP-00177,Infrastructure,Security Engineer,MongoDB,178,8,6,1,2,64,44,5,0,1,0,0.0,0
EMP-00178,Compliance,Platform Engineer,MySQL,1,15,12,2,8,112,30,7,1,0,1,33.83,0
EMP-00179,DevOps,Developer,PostgreSQL,23,4,0,2,4,70,3,6,1,0,1,37.25,0
EMP-00180,Platform,Tech Lead,Oracle,40,14,7,5,2,13,36,10,1,1,0,0.0,0
EMP-00181,Platform,SRE,MySQL,153,17,12,4,4,10,29,10,1,1,1,0.0,0
EMP-00182,DevOps,Senior DBA,Oracle,6,0,0,0,4,8,7,4,0,1,1,68.04,1
EMP-00183,Security,Tech Lead,PostgreSQL,-45,13,7,4,4,20,6,2,0,1,1,100.0,1
EMP-00184,Operations,SRE,MySQL,3,3,1,1,2,30,29,6,1,1,1,34.38,0
EMP-00185,Operations,Senior Developer,MySQL,-10,0,0,0,0,95,16,8,0,0,1,61.85,1
EMP-00186,DevOps,Senior DBA,SQL Server,98,18,15,2,2,24,46,8,1,1,1,0.0,0
EMP-00187,DevOps,Developer,Oracle,19,19,15,3,3,13,49,8,1,0,0,0.0,0
EMP-00188,Compliance,SRE,Oracle,25,5,3,2,0,19,35,8,0,1,0,0.0,0
EMP-00189,Engineering,Senior Developer,MySQL,59,4,0,3,3,28,13,7,1,0,0,21.58,0
EMP-00190,Operations,DBA,Oracle,65,20,18,1,2,4,7,3,1,1,0,0.0,0
EMP-00191,Security,Manager,Oracle,6,15,13,0,8,114,41,10,1,0,1,0.0,0
EMP-00192,DevOps,Senior DBA,MySQL,16,17,14,2,3,15,50,5,0,1,0,0.0,0
EMP-00193,Compliance,Senior DBA,MySQL,7,9,4,5,0,11,48,2,0,1,1,61.6,1
EMP-00194,Engineering,SRE,PostgreSQL,0,16,10,5,0,20,20,6,1,1,1,4.67,0
EMP-00195,Infrastructure,Developer,SQL Server,2,15,9,5,8,21,28,6,0,0,1,97.72,1
EMP-00196,Infrastructure,Security Engineer,MySQL,62,20,16,2,3,46,42,6,0,1,1,0.0,0
EMP-00197,Data Science,Manager,PostgreSQL,-37,4,1,3,7,71,44,2,0,0,0,100.0,1
EMP-00198,Operations,DBA,MySQL,96,8,3,3,3,9,23,6,1,1,0,12.31,0
EMP-00199,Platform,Manager,MariaDB,105,12,5,5,4,59,7,9,0,0,1,43.22,0
EMP-00200,DevOps,Security Engineer,PostgreSQL,179,8,3,4,1,76,27,7,0,1,0,28.1,0
EMP-00201,Engineering,Platform Engineer,Oracle,123,13,8,4,2,30,17,4,0,0,1,11.93,0
EMP-00202,DevOps,SRE,PostgreSQL,82,4,1,2,3,32,12,4,1,1,1,28.18,0
EMP-00203,Analytics,Developer,PostgreSQL,175,18,16,2,5,111,10,9,0,0,1,0.0,0
EMP-00204,Security,Analyst,PostgreSQL,21,15,9,4,12,83,2,7,0,0,0,85.12,1
EMP-00205,DevOps,Platform Engineer,PostgreSQL,139,12,11,1,1,29,16,10,1,0,1,0.0,0
EMP-00206,Platform,Senior Developer,PostgreSQL,93,9,7,1,4,55,17,5,1,0,1,0.0,0
EMP-00207,Operations,Analyst,PostgreSQL,88,1,0,1,4,47,25,7,0,0,0,27.89,0
EMP-00208,Engineering,Security Engineer,PostgreSQL,20,6,3,2,0,105,13,10,1,1,0,0.0,0
EMP-00209,Security,SRE,Oracle,-31,15,10,5,4,3,45,3,0,1,1,100.0,1
EMP-00210,Platform,SRE,SQL Server,4,17,16,1,0,4,10,2,0,1,1,0.0,0
EMP-00211,Analytics,Manager,MariaDB,49,8,6,1,3,8,30,10,1,0,1,0.0,0
EMP-00212,Compliance,DBA,MySQL,6,3,3,0,1,26,38,8,1,1,1,0.0,0
EMP-00213,DevOps,Senior DBA,Oracle,45,17,13,4,0,27,47,10,0,1,0,0.0,0
EMP-00214,Infrastructure,Analyst,Oracle,57,12,5,5,9,91,43,9,1,0,0,80.24,1
EMP-00215,Operations,Security Engineer,PostgreSQL,66,5,2,3,4,92,27,2,0,1,1,73.55,1
EMP-00216,Security,Developer,MySQL,169,0,0,0,4,115,13,10,1,0,1,5.77,0
EMP-00217,Finance,Tech Lead,Oracle,179,17,15,0,3,14,37,10,1,1,1,0.0,0
EMP-00218,Analytics,Senior DBA,Oracle,53,12,9,2,2,22,1,6,1,1,1,0.0,0
EMP-00219,Security,DBA,MariaDB,43,2,0,2,2,29,18,2,1,1,1,32.56,0
EMP-00220,Analytics,DBA,PostgreSQL,20,11,7,4,3,19,19,4,1,1,0,11.18,0
EMP-00221,Data Science,SRE,Oracle,60,6,4,0,0,2,25,10,1,1,1,0.0,0
EMP-00222,Platform,Tech Lead,PostgreSQL,-27,6,3,3,4,6,49,3,1,1,1,100.0,1
EMP-00223,Operations,Security Engineer,MariaDB,73,20,17,2,2,74,7,9,1,1,1,0.0,0
EMP-00224,DevOps,Tech Lead,MySQL,169,18,13,4,3,2,33,9,1,1,1,0.0,0
EMP-00225,Finance,SRE,Oracle,4,13,7,6,3,22,36,4,1,1,1,66.94,1
EMP-00226,Platform,SRE,PostgreSQL,-5,3,2,0,0,14,33,10,1,1,1,5.74,0
EMP-00227,Platform,Platform Engineer,Oracle,57,9,6,3,5,57,46,6,1,0,0,13.01,0
EMP-00228,Security,Senior DBA,Oracle,3,12,4,6,0,36,4,9,0,1,0,64.11,0
EMP-00229,Platform,Developer,Oracle,152,7,2,3,4,17,43,5,1,0,0,27.58,0
EMP-00230,Operations,Analyst,MySQL,3,1,0,1,7,23,24,7,1,0,1,72.85,1
EMP-00231,Finance,Platform Engineer,MariaDB,170,2,1,1,5,81,18,4,0,0,0,46.86,0
EMP-00232,Security,Tech Lead,MySQL,0,1,1,0,1,19,34,5,1,1,0,10.27,0
EMP-00233,DevOps,Senior Developer,MySQL,7,10,8,0,7,66,48,2,0,0,0,39.62,0
EMP-00234,Analytics,Security Engineer,PostgreSQL,-40,3,0,2,1,72,33,10,1,1,1,87.88,1
EMP-00235,Infrastructure,Security Engineer,Oracle,-45,13,8,5,4,62,38,2,1,1,0,100.0,1
EMP-00236,DevOps,SRE,MongoDB,7,20,12,6,4,20,14,7,1,1,1,23.78,0
EMP-00237,Analytics,Security Engineer,MySQL,144,7,4,2,4,114,14,8,1,1,0,12.62,0
EMP-00238,Platform,Security Engineer,PostgreSQL,132,6,3,1,0,86,50,4,1,1,0,0.0,0
EMP-00239,Compliance,Platform Engineer,Oracle,7,4,2,1,8,86,32,8,1,0,0,68.47,1
EMP-00240,Analytics,Platform Engineer,MySQL,62,12,9,1,4,33,18,8,1,0,1,0.0,0
EMP-00241,DevOps,Developer,MariaDB,-5,0,0,0,5,57,36,5,0,0,1,94.88,1
EMP-00242,Data Science,Manager,Oracle,-8,3,1,2,2,18,32,4,1,0,1,85.82,1
EMP-00243,Data Science,SRE,PostgreSQL,180,19,14,4,1,12,31,3,1,1,1,0.0,0
EMP-00244,Engineering,SRE,PostgreSQL,66,0,0,0,2,29,30,9,0,1,0,0.0,0
EMP-00245,Compliance,Senior Developer,PostgreSQL,95,10,6,4,1,32,29,4,1,0,0,0.0,0
EMP-00246,Operations,Manager,Oracle,3,3,1,0,7,59,42,2,1,0,1,90.39,1
EMP-00247,Compliance,Senior DBA,Oracle,67,11,9,2,4,24,8,7,1,1,0,0.0,0
EMP-00248,Finance,Manager,SQL Server,93,16,13,1,3,85,27,2,1,0,1,0.0,0
EMP-00249,Security,Platform Engineer,Oracle,-16,16,10,5,7,88,9,5,1,0,0,100.0,1
EMP-00250,Infrastructure,Senior DBA,PostgreSQL,57,19,17,1,2,4,39,2,0,1,1,0.0,0
EMP-00251,Engineering,SRE,Oracle,-14,14,10,2,2,22,16,10,0,1,0,43.94,0
EMP-00252,Operations,Analyst,MySQL,77,18,11,5,4,67,44,9,1,0,1,0.0,0
EMP-00253,Analytics,DBA,PostgreSQL,46,18,15,3,1,17,23,4,1,1,1,0.0,0
EMP-00254,Finance,Analyst,PostgreSQL,-11,0,0,0,1,56,22,3,0,0,1,81.38,1
EMP-00255,DevOps,Security Engineer,MySQL,87,9,6,2,3,64,8,10,1,1,1,0.0,0
EMP-00256,DevOps,Developer,MySQL,146,7,7,0,1,68,30,5,1,0,1,0.0,0
EMP-00257,Operations,Senior Developer,Oracle,5,18,15,3,3,63,39,5,0,0,0,0.0,0
EMP-00258,DevOps,Tech Lead,SQL Server,8,3,2,1,7,3,14,7,1,1,1,46.13,0
EMP-00259,Engineering,DBA,MySQL,25,0,0,0,0,33,23,3,0,1,0,6.31,0
EMP-00260,Analytics,Security Engineer,Oracle,3,17,14,2,0,8,5,3,1,1,1,0.0,0
EMP-00261,DevOps,Developer,PostgreSQL,155,1,0,0,5,24,38,5,1,0,1,18.05,0
EMP-00262,Analytics,Developer,SQL Server,36,18,15,3,7,77,25,5,1,0,0,0.0,0
EMP-00263,Engineering,Senior Developer,Oracle,117,14,10,4,8,44,6,5,1,0,0,30.95,0
EMP-00264,Compliance,DBA,MySQL,74,17,10,5,3,31,5,9,1,1,1,0.0,0
EMP-00265,DevOps,Developer,PostgreSQL,7,0,0,0,4,63,23,10,1,0,1,19.18,0
EMP-00266,Compliance,Senior DBA,PostgreSQL,44,13,9,2,1,32,19,9,1,1,0,0.0,0
EMP-00267,Platform,Analyst,PostgreSQL,176,5,2,1,8,34,25,6,0,0,0,52.21,0
EMP-00268,Analytics,SRE,PostgreSQL,133,11,11,0,1,14,21,4,0,1,0,0.0,0
EMP-00269,Compliance,DBA,Oracle,-7,16,10,5,2,25,19,7,1,1,1,56.52,1
EMP-00270,Analytics,Platform Engineer,Oracle,-5,11,8,2,3,113,1,8,1,0,1,37.35,0
EMP-00271,Operations,SRE,PostgreSQL,3,3,2,1,0,9,17,10,0,1,0,5.05,0
EMP-00272,Finance,Developer,MySQL,64,5,4,1,7,113,48,9,1,0,1,22.98,0
EMP-00273,Finance,Analyst,PostgreSQL,4,16,10,6,10,82,22,2,1,0,0,99.71,1
EMP-00274,Data Science,DBA,MongoDB,50,16,12,4,3,14,15,6,1,1,0,0.0,0
EMP-00275,Analytics,Manager,MySQL,39,3,0,1,2,117,32,9,1,0,0,0.0,0
EMP-00276,Engineering,Analyst,PostgreSQL,20,16,15,1,2,58,15,8,1,0,1,0.0,0
EMP-00277,DevOps,SRE,PostgreSQL,107,18,12,4,0,4,16,6,1,1,1,0.0,0
EMP-00278,Finance,Manager,Oracle,-14,5,0,3,3,28,1,9,1,0,1,100.0,1
EMP-00279,DevOps,SRE,MariaDB,43,4,4,0,1,29,21,5,0,1,0,0.0,0
EMP-00280,Analytics,Tech Lead,Oracle,154,8,5,1,5,12,45,3,0,1,0,29.04,0
EMP-00281,Platform,DBA,SQL Server,173,14,13,1,2,6,47,9,1,1,1,0.0,0
EMP-00282,Analytics,DBA,PostgreSQL,7,7,7,0,1,9,35,9,0,1,1,0.0,0
EMP-00283,Infrastructure,Senior DBA,PostgreSQL,4,19,15,4,2,1,35,3,0,1,1,0.0,0
EMP-00284,Analytics,Senior DBA,Oracle,5,0,0,0,4,6,15,6,0,1,1,59.66,1
EMP-00285,Security,Manager,PostgreSQL,124,0,0,0,6,59,1,4,0,0,0,46.17,0
EMP-00286,Finance,Manager,Oracle,21,7,7,0,5,10,24,9,1,0,0,0.0,0
EMP-00287,Data Science,Tech Lead,PostgreSQL,6,6,3,3,3,22,11,8,1,1,0,27.75,0
EMP-00288,Security,Tech Lead,Oracle,179,18,12,5,3,29,31,9,1,1,0,0.0,0
EMP-00289,Finance,Developer,MySQL,-20,6,0,4,1,73,9,2,1,0,1,100.0,1
EMP-00290,Data Science,Senior DBA,Oracle,10,13,5,6,0,28,37,5,1,1,0,23.67,0
EMP-00291,Compliance,Platform Engineer,MongoDB,10,10,4,6,3,88,28,8,0,0,1,61.05,1
EMP-00292,Compliance,Manager,Oracle,34,1,0,1,5,79,35,9,0,0,0,41.42,0
EMP-00293,Data Science,Platform Engineer,Oracle,20,7,3,2,5,69,34,5,1,0,0,31.7,0
EMP-00294,Security,Platform Engineer,PostgreSQL,5,1,0,1,5,111,12,9,1,0,1,48.15,0
EMP-00295,Data Science,Manager,PostgreSQL,-14,5,2,2,4,11,27,7,1,0,0,82.75,1
EMP-00296,Analytics,Analyst,MySQL,117,15,8,6,3,66,19,8,0,0,1,32.62,0
EMP-00297,DevOps,Developer,PostgreSQL,47,0,0,0,5,23,34,10,0,0,1,18.39,0
EMP-00298,Engineering,Senior DBA,MySQL,2,12,8,3,0,1,26,4,1,1,0,0.0,0
EMP-00299,Analytics,Senior DBA,PostgreSQL,106,0,0,0,2,24,10,5,1,1,1,0.0,0
EMP-00300,DevOps,Security Engineer,MySQL,3,14,6,6,2,73,12,9,1,1,1,55.15,0
EMP-00301,DevOps,Senior Developer,MySQL,2,8,6,1,1,50,6,3,1,0,0,0.0,0
EMP-00302,Security,Manager,MySQL,172,19,12,6,0,17,50,4,0,0,0,0.0,0
EMP-00303,Security,Security Engineer,MySQL,155,7,7,0,1,93,1,3,1,1,1,0.0,0
EMP-00304,Finance,Security Engineer,MySQL,22,6,3,3,4,74,42,7,0,1,0,49.29,0
EMP-00305,Engineering,Senior Developer,MariaDB,93,19,14,4,3,73,36,5,1,0,0,0.0,0
EMP-00306,Data Science,Security Engineer,MongoDB,23,8,2,5,1,47,11,5,0,1,0,48.02,0
EMP-00307,Analytics,Senior Developer,PostgreSQL,60,4,4,0,7,90,32,8,1,0,0,5.82,0
EMP-00308,Compliance,Manager,Oracle,0,5,1,3,6,100,50,5,0,0,0,100.0,1
EMP-00309,Infrastructure,DBA,SQL Server,7,5,3,0,0,25,2,8,0,1,0,0.0,0
EMP-00310,Infrastructure,Tech Lead,MySQL,102,5,3,1,0,30,41,10,1,1,0,0.0,0
EMP-00311,Operations,Tech Lead,Oracle,5,16,14,2,0,8,25,9,0,1,0,0.0,0
EMP-00312,DevOps,Senior Developer,Oracle,74,0,0,0,2,34,32,4,1,0,1,0.0,0
EMP-00313,Engineering,Security Engineer,PostgreSQL,136,14,10,3,3,90,26,7,0,1,0,0.0,0
EMP-00314,Platform,Tech Lead,MySQL,68,8,6,2,2,17,21,9,0,1,0,0.0,0
EMP-00315,Platform,Senior DBA,MySQL,1,8,2,4,1,5,23,7,0,1,1,63.23,1
EMP-00316,Operations,SRE,SQL Server,47,7,7,0,1,14,50,8,1,1,1,0.0,0
EMP-00317,Compliance,Security Engineer,PostgreSQL,26,18,17,0,3,47,11,2,0,1,1,0.0,0
EMP-00318,Data Science,Senior DBA,MySQL,2,10,8,1,2,19,10,9,1,1,1,0.0,0
EMP-00319,Security,Senior Developer,Oracle,23,7,4,1,2,85,6,9,1,0,1,0.0,0
EMP-00320,Analytics,Analyst,PostgreSQL,22,8,3,5,10,18,11,6,1,0,0,89.89,0
EMP-00321,Platform,Manager,Oracle,137,2,0,0,7,46,6,10,1,0,0,19.21,1
EMP-00322,DevOps,Analyst,PostgreSQL,-11,1,0,0,9,24,37,10,1,0,1,100.0,1
EMP-00323,Infrastructure,Analyst,Oracle,169,12,8,3,0,103,6,4,1,0,0,0.0,0
EMP-00324,Compliance,Analyst,Oracle,0,7,5,2,6,70,13,8,1,0,0,48.54,0
EMP-00325,Infrastructure,Security Engineer,MySQL,6,1,0,1,1,16,14,6,1,1,0,13.33,0
EMP-00326,Analytics,Tech Lead,PostgreSQL,1,20,13,6,7,20,37,9,1,1,0,42.2,0
EMP-00327,Infrastructure,SRE,PostgreSQL,47,12,8,3,1,14,19,6,1,1,0,0.0,0
EMP-00328,Platform,SRE,PostgreSQL,6,12,6,4,0,33,10,4,1,1,1,15.97,0
EMP-00329,Security,Manager,MySQL,5,2,2,0,4,41,35,5,1,0,0,16.48,0
EMP-00330,Security,Analyst,MongoDB,45,0,0,0,9,47,44,8,1,0,1,43.07,0
EMP-00331,Finance,Security Engineer,Oracle,34,11,8,3,4,43,39,9,1,1,1,0.0,0
EMP-00332,Analytics,Developer,MariaDB,27,17,12,4,4,13,17,8,1,0,1,0.0,0
EMP-00333,DevOps,Analyst,PostgreSQL,33,8,5,1,11,112,31,10,1,0,1,46.87,0
EMP-00334,Platform,Security Engineer,PostgreSQL,45,13,8,4,2,25,27,8,1,1,0,0.0,0
EMP-00335,Analytics,DBA,Oracle,115,4,1,2,2,20,9,4,1,1,0,14.85,0
EMP-00336,Analytics,Developer,MySQL,89,6,1,4,7,110,1,3,1,0,1,94.54,1
EMP-00337,Finance,Manager,MySQL,1,1,1,0,8,86,16,7,1,0,1,74.04,1
EMP-00338,Platform,Security Engineer,Oracle,-40,1,0,0,2,97,18,9,0,1,1,100.0,1
EMP-00339,Data Science,Senior Developer,MySQL,162,0,0,0,8,104,30,4,1,0,0,55.17,1
EMP-00340,Compliance,Senior DBA,MySQL,-5,13,9,3,1,34,36,7,0,1,0,31.46,0
EMP-00341,Infrastructure,Senior DBA,MariaDB,82,17,13,3,4,35,45,5,0,1,0,0.0,0
EMP-00342,Platform,Platform Engineer,Oracle,20,11,10,1,5,23,18,9,0,0,0,0.0,0
EMP-00343,Operations,Senior DBA,MariaDB,16,15,9,4,0,9,30,2,0,1,1,2.27,0
EMP-00344,DevOps,Security Engineer,Oracle,8,15,14,0,0,92,11,3,0,1,0,0.0,0
EMP-00345,Analytics,SRE,Oracle,-19,8,2,5,4,28,44,6,0,1,1,100.0,1
EMP-00346,Finance,Tech Lead,MariaDB,129,18,17,0,2,9,40,8,0,1,1,0.0,0
EMP-00347,Platform,DBA,PostgreSQL,10,9,6,2,3,3,10,5,1,1,1,0.0,0
EMP-00348,Compliance,Senior Developer,MySQL,1,19,18,0,5,100,47,10,1,0,0,0.0,0
EMP-00349,Platform,Tech Lead,Oracle,7,1,0,1,4,22,42,8,1,1,0,39.34,0
EMP-00350,Compliance,Senior DBA,PostgreSQL,4,4,1,2,0,26,3,8,0,1,0,20.7,0
EMP-00351,Compliance,Senior DBA,PostgreSQL,16,5,2,2,3,17,49,2,1,1,1,30.86,0
EMP-00352,Analytics,Analyst,MongoDB,100,12,5,5,6,108,29,2,0,0,1,84.38,1
EMP-00353,Analytics,Manager,PostgreSQL,-8,5,3,1,0,14,49,2,0,0,1,55.14,1
EMP-00354,Finance,Platform Engineer,PostgreSQL,-29,7,4,2,1,34,12,7,1,0,0,56.49,1
EMP-00355,Data Science,Senior Developer,Oracle,92,19,13,6,4,43,38,9,1,0,0,0.0,0
EMP-00356,Engineering,Senior DBA,MySQL,-23,11,7,3,0,26,2,8,1,1,1,52.79,0
EMP-00357,Infrastructure,Analyst,MongoDB,71,10,10,0,6,56,50,6,1,0,1,0.0,0
EMP-00358,Engineering,Tech Lead,PostgreSQL,170,13,12,0,4,13,28,9,1,1,0,0.0,0
EMP-00359,Analytics,Senior DBA,PostgreSQL,122,18,13,5,0,26,3,10,0,1,1,0.0,0
EMP-00360,Engineering,Senior DBA,SQL Server,-42,2,0,2,3,16,17,10,0,1,1,100.0,1
EMP-00361,Analytics,Senior Developer,MariaDB,162,1,0,0,0,110,48,7,0,0,1,0.0,0
EMP-00362,Infrastructure,Manager,PostgreSQL,-24,1,0,1,5,48,3,4,1,0,0,100.0,1
EMP-00363,Finance,SRE,Oracle,170,4,0,2,3,10,7,10,1,1,1,13.18,0
EMP-00364,Analytics,Platform Engineer,PostgreSQL,21,17,16,1,7,57,18,5,1,0,1,0.0,0
EMP-00365,Infrastructure,Senior Developer,PostgreSQL,51,16,10,6,5,94,5,10,1,0,0,11.12,0
EMP-00366,Analytics,SRE,MySQL,68,13,9,4,0,20,27,6,1,1,1,0.0,0
EMP-00367,Platform,Manager,SQL Server,89,4,0,2,4,53,34,7,1,0,1,30.69,0
EMP-00368,Analytics,Security Engineer,SQL Server,125,15,13,0,3,25,41,6,1,1,0,0.0,0
EMP-00369,Infrastructure,Developer,Oracle,5,19,13,5,4,24,9,2,0,0,1,43.12,0
EMP-00370,Platform,DBA,Oracle,154,9,4,5,4,11,2,3,1,1,1,62.22,1
EMP-00371,Data Science,Developer,MySQL,-40,13,6,5,6,116,42,9,1,0,1,100.0,0
EMP-00372,Compliance,Manager,PostgreSQL,2,20,18,1,0,114,4,10,1,0,1,0.0,0
EMP-00373,Operations,Tech Lead,PostgreSQL,158,4,2,2,1,8,32,3,0,1,1,22.48,0
EMP-00374,Engineering,Manager,SQL Server,10,9,2,5,8,13,48,7,1,0,1,92.82,1
EMP-00375,Data Science,Manager,Oracle,6,16,12,2,7,20,2,7,0,0,0,15.43,1
EMP-00376,Operations,SRE,MySQL,-21,19,18,1,1,23,4,3,1,1,0,0.0,0
EMP-00377,Data Science,Tech Lead,PostgreSQL,84,9,7,0,4,21,13,9,0,1,1,0.0,0
EMP-00378,Data Science,SRE,MySQL,113,6,3,2,2,7,46,10,1,1,1,0.0,0
EMP-00379,Engineering,SRE,PostgreSQL,97,9,8,0,2,33,31,10,1,1,1,0.0,0
EMP-00380,Platform,Platform Engineer,MySQL,66,9,7,2,1,13,39,4,1,0,0,0.0,0
EMP-00381,Security,Tech Lead,MySQL,-27,12,10,1,5,25,10,5,0,1,1,86.15,1
EMP-00382,Infrastructure,Developer,MySQL,125,15,12,1,2,49,38,5,1,0,1,0.0,0
EMP-00383,Operations,SRE,MariaDB,3,12,7,5,0,25,34,3,1,1,0,27.58,0
EMP-00384,DevOps,Developer,MongoDB,150,11,6,4,5,86,41,6,0,0,0,40.09,0
EMP-00385,Analytics,Analyst,PostgreSQL,-44,10,6,2,12,100,20,3,0,0,1,100.0,1
EMP-00386,Finance,Security Engineer,Oracle,20,14,12,2,0,49,17,10,0,1,0,0.0,0
EMP-00387,Finance,Platform Engineer,PostgreSQL,3,20,13,5,7,92,31,8,1,0,1,43.15,0
EMP-00388,DevOps,Platform Engineer,SQL Server,21,9,3,5,0,85,7,5,1,0,1,25.09,0
EMP-00389,Infrastructure,Senior DBA,PostgreSQL,106,0,0,0,0,9,24,8,0,1,1,0.0,0
EMP-00390,Operations,Developer,MongoDB,-23,15,11,3,7,77,29,10,1,0,1,75.81,1
EMP-00391,Security,Senior DBA,MongoDB,85,19,15,3,0,33,8,3,0,1,0,0.0,0
EMP-00392,Finance,Security Engineer,Oracle,80,1,0,0,0,38,43,9,1,1,0,0.0,0
EMP-00393,Engineering,Security Engineer,PostgreSQL,86,3,3,0,4,82,19,7,1,1,0,0.0,0
EMP-00394,DevOps,Tech Lead,PostgreSQL,95,2,0,1,0,20,46,7,1,1,0,0.0,0
EMP-00395,Engineering,Tech Lead,MySQL,80,14,13,0,3,33,5,6,1,1,0,0.0,0
EMP-00396,Operations,SRE,MySQL,96,13,12,1,3,27,41,6,1,1,0,0.0,0
EMP-00397,Engineering,DBA,Oracle,17,1,0,0,4,2,7,7,0,1,0,27.36,0
EMP-00398,Engineering,SRE,MySQL,-19,5,3,1,2,36,13,3,1,1,1,91.75,1
EMP-00399,Finance,Platform Engineer,Oracle,-22,2,0,2,0,69,10,5,1,0,1,100.0,1
EMP-00400,Finance,Developer,Oracle,149,1,0,0,6,26,49,10,1,0,1,12.41,0
EMP-00401,Infrastructure,DBA,PostgreSQL,78,2,1,1,2,13,16,10,1,1,1,0.0,0
EMP-00402,Engineering,Tech Lead,MySQL,97,7,4,1,7,6,19,5,0,1,1,47.38,0
EMP-00403,Data Science,Analyst,PostgreSQL,20,14,7,5,4,77,4,4,1,0,0,30.62,1
EMP-00404,Compliance,Developer,PostgreSQL,26,2,0,1,0,26,36,9,0,0,0,0.0,0
EMP-00405,Operations,DBA,MongoDB,149,16,16,0,3,25,16,4,1,1,0,0.0,0
EMP-00406,DevOps,DBA,MariaDB,-16,19,15,4,2,24,16,7,0,1,0,46.06,0
EMP-00407,Data Science,Developer,Oracle,4,4,0,3,2,27,2,4,0,0,0,72.38,1
EMP-00408,Platform,Platform Engineer,MySQL,20,6,6,0,3,28,40,5,1,0,0,0.0,0
EMP-00409,Analytics,SRE,PostgreSQL,93,1,0,1,2,17,41,7,0,1,0,14.23,0
EMP-00410,Data Science,Senior DBA,Oracle,-4,10,5,4,3,7,6,7,1,1,1,75.35,0
EMP-00411,Infrastructure,SRE,Oracle,86,13,11,0,2,36,15,7,1,1,0,0.0,0
EMP-00412,Security,Tech Lead,PostgreSQL,147,6,1,4,4,28,28,7,1,1,1,47.1,0
EMP-00413,DevOps,DBA,MariaDB,65,5,4,0,4,21,44,6,1,1,1,0.0,0
EMP-00414,Infrastructure,SRE,Oracle,4,16,13,2,0,10,17,4,1,1,1,0.0,0
EMP-00415,Compliance,Senior Developer,PostgreSQL,170,1,0,0,6,66,50,7,1,0,1,25.77,0
EMP-00416,Analytics,Senior DBA,Oracle,-23,18,16,1,0,9,30,8,1,1,0,0.0,0
EMP-00417,Security,SRE,MySQL,167,12,11,0,4,3,24,6,0,1,1,0.0,0
EMP-00418,Operations,Analyst,MySQL,99,19,16,1,2,83,13,2,1,0,0,0.0,0
EMP-00419,Analytics,Tech Lead,PostgreSQL,-32,16,8,6,5,30,11,7,1,1,1,100.0,1
EMP-00420,Platform,Manager,Oracle,85,8,2,4,7,46,34,9,1,0,1,66.94,1
EMP-00421,Platform,Tech Lead,MySQL,96,19,19,0,8,12,44,10,1,1,1,0.0,0
EMP-00422,Compliance,SRE,Oracle,16,16,12,4,1,29,27,4,1,1,1,0.0,0
EMP-00423,Finance,Tech Lead,MariaDB,-4,16,15,0,6,34,9,6,1,1,0,0.0,0
EMP-00424,DevOps,Senior Developer,PostgreSQL,-11,18,18,0,0,67,7,5,0,0,1,0.0,1
EMP-00425,Analytics,Senior Developer,PostgreSQL,120,6,0,4,2,54,4,7,1,0,1,31.71,0
EMP-00426,Engineering,Developer,PostgreSQL,111,17,10,6,8,75,21,6,0,0,1,70.24,1
EMP-00427,Compliance,Manager,SQL Server,179,10,4,5,6,74,41,3,0,0,0,89.56,1
EMP-00428,Analytics,Manager,Oracle,-24,0,0,0,0,37,50,7,0,0,1,88.43,1
EMP-00429,Compliance,Analyst,PostgreSQL,-33,2,0,2,8,116,13,5,1,0,0,100.0,1
EMP-00430,Compliance,Analyst,MongoDB,74,15,13,0,11,84,10,10,0,0,0,0.0,0
EMP-00431,Security,Security Engineer,MySQL,30,15,10,5,2,82,23,5,1,1,0,1.46,0
EMP-00432,Security,Platform Engineer,MySQL,16,9,8,1,6,51,11,7,1,0,0,0.0,0
EMP-00433,Engineering,Platform Engineer,SQL Server,100,20,18,1,8,65,17,7,1,0,1,0.0,0
EMP-00434,Platform,Security Engineer,MySQL,164,20,17,1,4,64,14,6,0,1,1,0.0,0
EMP-00435,Security,Senior DBA,PostgreSQL,39,16,14,2,1,25,49,5,1,1,1,0.0,0
EMP-00436,Compliance,DBA,Oracle,10,5,0,3,0,4,47,9,0,1,1,27.7,0
EMP-00437,Analytics,Senior DBA,PostgreSQL,19,17,15,2,3,15,10,3,0,1,0,0.0,0
EMP-00438,Security,Manager,SQL Server,87,19,13,6,2,77,30,7,0,0,0,0.0,0
EMP-00439,Compliance,SRE,Oracle,89,2,0,2,0,26,27,2,1,1,1,17.01,0
EMP-00440,Security,SRE,Oracle,124,9,3,5,1,26,11,5,1,1,0,25.64,0
EMP-00441,Infrastructure,Security Engineer,MySQL,15,15,8,6,0,115,43,4,0,1,1,38.77,0
EMP-00442,Operations,Platform Engineer,MySQL,-21,14,8,5,1,51,8,2,1,0,0,88.44,1
EMP-00443,Operations,Security Engineer,PostgreSQL,90,2,0,2,4,73,33,6,1,1,0,35.76,0
EMP-00444,Engineering,Senior Developer,PostgreSQL,4,20,14,5,5,69,33,2,0,0,0,39.01,0
EMP-00445,Platform,Senior DBA,MySQL,-7,9,5,3,0,4,45,10,1,1,0,19.58,0
EMP-00446,Infrastructure,Platform Engineer,MySQL,11,13,8,3,8,95,14,10,0,0,1,48.85,0
EMP-00447,Engineering,Manager,MySQL,157,0,0,0,0,93,2,10,0,0,0,0.0,0
EMP-00448,Data Science,Security Engineer,PostgreSQL,27,16,10,4,2,25,34,7,0,1,1,0.0,0
EMP-00449,Platform,Developer,PostgreSQL,-42,7,2,4,3,55,24,9,1,0,0,100.0,1
EMP-00450,Infrastructure,Platform Engineer,PostgreSQL,-21,9,7,1,1,118,34,7,0,0,1,63.37,1
EMP-00451,Infrastructure,Analyst,PostgreSQL,5,5,3,0,3,72,12,5,1,0,1,11.4,0
EMP-00452,DevOps,Senior DBA,MySQL,-6,17,17,0,0,11,32,10,1,1,0,0.0,0
EMP-00453,Compliance,SRE,PostgreSQL,126,4,0,3,3,9,18,8,1,1,1,27.85,0
EMP-00454,Operations,SRE,Oracle,7,15,9,5,4,3,40,10,0,1,0,37.3,0
EMP-00455,Finance,Developer,PostgreSQL,-3,18,16,1,7,99,29,6,0,0,0,19.42,0
EMP-00456,Compliance,SRE,Oracle,-5,17,11,6,1,35,20,2,1,1,1,66.82,1
EMP-00457,Security,Security Engineer,MySQL,28,18,17,0,4,28,8,2,0,1,1,0.0,0
EMP-00458,Analytics,Analyst,Oracle,-17,20,12,6,6,82,16,3,0,0,1,100.0,1
EMP-00459,Engineering,Manager,Oracle,65,13,8,3,8,100,17,9,1,0,1,32.3,0
EMP-00460,Data Science,Tech Lead,MongoDB,17,10,8,2,7,35,48,7,0,1,0,26.64,0
EMP-00461,Data Science,DBA,PostgreSQL,82,7,4,3,3,14,8,7,1,1,0,3.36,0
EMP-00462,Compliance,Developer,PostgreSQL,159,11,5,4,5,109,25,9,1,0,0,24.13,0
EMP-00463,Engineering,Manager,PostgreSQL,54,5,2,1,0,65,15,6,1,0,1,0.0,0
EMP-00464,Finance,Senior DBA,PostgreSQL,25,17,12,5,3,21,17,4,1,1,0,0.0,0
EMP-00465,Platform,Developer,MySQL,-29,12,9,3,4,48,29,4,1,0,0,80.0,1
EMP-00466,Compliance,Senior DBA,MySQL,3,16,10,6,2,27,27,7,1,1,1,31.44,0
EMP-00467,Infrastructure,Platform Engineer,SQL Server,129,15,8,6,8,15,6,8,1,0,1,54.8,0
EMP-00468,Data Science,Analyst,Oracle,21,19,18,1,8,15,42,9,0,0,1,0.0,0
EMP-00469,Engineering,Tech Lead,MongoDB,125,17,13,2,0,22,22,9,1,1,0,0.0,0
EMP-00470,Data Science,Manager,Oracle,41,5,3,0,8,91,2,2,0,0,1,76.21,1
EMP-00471,Analytics,Platform Engineer,MariaDB,-36,17,16,1,5,56,17,6,0,0,0,36.42,0
EMP-00472,Platform,Security Engineer,PostgreSQL,81,12,10,1,1,45,8,6,0,1,1,0.0,0
EMP-00473,Infrastructure,Analyst,Oracle,3,2,0,2,2,64,33,6,0,0,1,76.28,1
EMP-00474,Analytics,Developer,PostgreSQL,-31,3,1,1,1,120,23,4,1,0,0,85.02,1
EMP-00475,DevOps,Developer,MySQL,42,16,10,4,4,100,48,5,1,0,1,5.08,0
EMP-00476,Analytics,Tech Lead,PostgreSQL,-7,4,1,2,5,31,39,5,1,1,1,99.77,1
EMP-00477,Operations,Manager,MySQL,60,0,0,0,7,30,36,3,0,0,0,56.88,1
EMP-00478,Platform,Tech Lead,PostgreSQL,27,11,5,4,7,22,7,4,1,1,1,62.9,1
EMP-00479,Engineering,Developer,PostgreSQL,25,11,7,4,5,25,16,10,1,0,0,1.56,0
EMP-00480,Platform,SRE,MySQL,15,14,9,5,0,29,16,4,0,1,0,3.23,0
EMP-00481,Data Science,Senior DBA,MySQL,31,8,7,0,4,16,48,2,1,1,0,0.0,0
EMP-00482,Operations,Senior Developer,MySQL,152,1,0,1,2,17,42,10,1,0,0,0.0,0
EMP-00483,Platform,Senior Developer,MySQL,-23,3,2,1,8,20,20,10,1,0,0,100.0,1
EMP-00484,Data Science,Developer,SQL Server,11,5,3,0,7,9,50,9,1,0,1,10.3,0
EMP-00485,DevOps,Senior DBA,PostgreSQL,-6,3,3,0,1,21,18,9,0,1,1,32.83,0
EMP-00486,Infrastructure,Analyst,MariaDB,0,11,7,3,6,112,38,7,0,0,0,67.46,1
EMP-00487,Engineering,Senior Developer,MySQL,6,0,0,0,5,11,44,8,1,0,1,28.6,0
EMP-00488,Platform,Analyst,MongoDB,17,5,2,2,3,18,39,9,0,0,0,10.91,0
EMP-00489,Compliance,Security Engineer,MariaDB,-15,8,5,3,3,51,28,3,0,1,0,100.0,1
EMP-00490,Platform,Manager,MySQL,66,0,0,0,4,105,15,7,1,0,0,8.81,0
EMP-00491,Operations,Tech Lead,Oracle,7,1,0,0,0,32,17,7,0,1,0,11.69,0
EMP-00492,DevOps,DBA,PostgreSQL,-8,2,0,2,2,28,5,4,1,1,0,79.88,1
EMP-00493,Security,Senior DBA,MongoDB,-20,7,2,4,0,26,21,9,0,1,0,92.06,1
EMP-00494,Operations,Senior DBA,MySQL,-29,10,4,5,4,28,42,3,1,1,0,100.0,1
EMP-00495,Finance,SRE,PostgreSQL,138,3,1,0,3,33,24,4,0,1,0,18.82,0
EMP-00496,Security,Platform Engineer,PostgreSQL,25,3,2,1,6,32,42,10,1,0,1,13.93,0
EMP-00497,Infrastructure,Security Engineer,PostgreSQL,84,16,11,5,1,68,27,3,1,1,1,0.0,0
EMP-00498,DevOps,Senior DBA,Oracle,17,5,3,0,3,35,43,8,1,1,1,0.0,1
EMP-00499,Operations,Tech Lead,Oracle,150,5,0,3,2,35,18,4,1,1,0,36.92,0
EMP-00500,Engineering,DBA,MySQL,10,8,4,3,3,3,20,7,0,1,0,27.94,0
EMP-00501,Security,SRE,MySQL,-6,3,0,2,4,24,20,9,1,1,0,78.0,1
EMP-00502,Finance,SRE,Oracle,49,5,3,2,0,29,11,8,0,1,0,0.0,0
EMP-00503,Engineering,Analyst,PostgreSQL,156,11,6,5,5,65,7,10,1,0,1,25.16,0
EMP-00504,Security,Platform Engineer,MySQL,32,17,13,4,3,120,10,2,1,0,1,0.0,0
EMP-00505,Infrastructure,SRE,Oracle,47,15,13,2,3,30,3,2,1,1,1,0.0,0
EMP-00506,DevOps,Tech Lead,PostgreSQL,9,16,8,6,6,31,42,7,1,1,0,48.47,0
EMP-00507,Security,Senior DBA,Oracle,140,13,10,1,3,1,34,4,1,1,0,0.0,0
EMP-00508,Platform,Tech Lead,Oracle,34,12,9,1,1,26,50,4,0,1,0,0.0,0
EMP-00509,Compliance,Platform Engineer,MySQL,-22,10,7,1,8,78,4,8,0,0,0,100.0,1
EMP-00510,Compliance,Senior Developer,MySQL,103,12,8,2,8,9,19,10,1,0,0,0.0,0
EMP-00511,Security,Developer,MariaDB,25,9,9,0,4,79,14,3,1,0,1,0.0,0
EMP-00512,Compliance,SRE,PostgreSQL,90,4,2,0,2,32,28,2,1,1,0,0.0,0
EMP-00513,Engineering,Developer,SQL Server,-19,0,0,0,5,105,1,9,1,0,1,100.0,1
EMP-00514,Engineering,Senior DBA,PostgreSQL,3,8,8,0,0,35,48,3,1,1,1,0.0,0
EMP-00515,Compliance,Tech Lead,PostgreSQL,78,12,6,6,6,17,22,3,1,1,1,68.38,1
EMP-00516,Finance,Manager,PostgreSQL,8,20,14,4,3,119,26,8,1,0,1,0.0,0
EMP-00517,Platform,DBA,PostgreSQL,89,6,3,1,0,8,41,2,1,1,1,0.0,0
EMP-00518,DevOps,Security Engineer,MySQL,25,15,12,2,1,115,20,5,1,1,0,0.0,0
EMP-00519,Finance,DBA,MongoDB,-18,7,4,3,1,12,40,9,0,1,0,77.62,1
EMP-00520,Compliance,Senior DBA,Oracle,151,6,3,3,3,12,25,2,1,1,0,30.76,0
EMP-00521,Infrastructure,Tech Lead,PostgreSQL,84,19,12,6,7,31,12,2,0,1,0,59.39,1
EMP-00522,DevOps,Security Engineer,MySQL,136,19,17,0,0,91,34,9,1,1,0,0.0,0
EMP-00523,Infrastructure,Platform Engineer,PostgreSQL,42,20,14,5,0,83,4,4,0,0,0,0.0,0
EMP-00524,DevOps,Tech Lead,MySQL,14,1,0,1,7,6,38,3,1,1,1,64.38,1
EMP-00525,Security,Senior DBA,PostgreSQL,-42,19,15,3,1,34,14,9,0,1,0,22.29,0
EMP-00526,Engineering,Analyst,Oracle,68,13,7,6,4,11,43,7,1,0,1,28.87,0
EMP-00527,Security,SRE,Oracle,1,9,2,5,4,5,2,7,1,1,1,95.71,1
EMP-00528,Infrastructure,Analyst,MongoDB,28,7,5,2,7,24,50,5,1,0,0,24.3,0
EMP-00529,Finance,SRE,Oracle,157,3,3,0,1,10,23,4,1,1,1,0.0,0
EMP-00530,Finance,Manager,Oracle,16,15,9,6,7,78,36,2,0,0,1,100.0,1
EMP-00531,Engineering,Developer,Oracle,41,14,7,5,0,51,22,4,1,0,0,0.0,0
EMP-00532,DevOps,Platform Engineer,MySQL,7,18,10,6,7,48,36,3,1,0,1,75.5,1
EMP-00533,Analytics,Manager,PostgreSQL,119,15,10,3,1,31,25,3,1,0,1,0.0,0
EMP-00534,DevOps,Analyst,Oracle,147,19,18,0,11,44,31,5,1,0,0,0.0,0
EMP-00535,Finance,Senior Developer,Oracle,62,6,3,1,0,70,16,5,0,0,1,0.0,0
EMP-00536,Operations,Senior Developer,MariaDB,7,0,0,0,5,100,13,4,1,0,1,54.47,1
EMP-00537,Analytics,Senior Developer,PostgreSQL,2,8,2,5,8,44,1,4,1,0,1,100.0,1
EMP-00538,Platform,Senior DBA,PostgreSQL,7,2,1,0,0,1,33,9,1,1,0,0.0,0
EMP-00539,Infrastructure,Manager,Oracle,175,0,0,0,3,112,13,9,1,0,1,0.0,0
EMP-00540,Analytics,Manager,MySQL,6,19,14,5,5,48,6,6,1,0,1,12.0,0
EMP-00541,Analytics,Manager,SQL Server,118,8,3,4,0,77,27,6,0,0,0,17.04,0
EMP-00542,Compliance,DBA,Oracle,-37,8,6,0,4,33,5,7,0,1,0,90.06,1
EMP-00543,Security,Tech Lead,MySQL,59,14,10,2,5,17,45,2,1,1,1,0.0,0
EMP-00544,Data Science,Analyst,MongoDB,106,18,12,4,2,93,1,8,0,0,1,0.0,0
EMP-00545,Operations,Tech Lead,Oracle,-7,10,3,5,6,20,37,7,1,1,1,100.0,1
EMP-00546,DevOps,Developer,Oracle,82,12,12,0,5,81,47,2,1,0,1,0.0,1
EMP-00547,DevOps,Analyst,MariaDB,-34,13,9,4,3,87,8,5,1,0,1,88.38,1
EMP-00548,Analytics,Security Engineer,MySQL,108,14,8,5,3,75,21,5,1,1,0,17.44,0
EMP-00549,Engineering,SRE,Oracle,4,11,9,0,4,3,34,7,1,1,0,0.0,0
EMP-00550,Finance,Analyst,MongoDB,78,5,4,1,2,78,6,8,0,0,1,0.0,0
EMP-00551,Compliance,Senior Developer,PostgreSQL,15,3,2,0,0,92,31,2,1,0,1,0.0,0
EMP-00552,Engineering,Security Engineer,PostgreSQL,-30,1,0,1,3,109,49,7,0,1,0,100.0,1
EMP-00553,Engineering,SRE,MongoDB,21,15,12,1,0,26,45,4,0,1,1,0.0,0
EMP-00554,Operations,Developer,Oracle,82,3,1,1,2,34,6,10,1,0,1,0.0,0
EMP-00555,Operations,Tech Lead,Oracle,18,12,5,6,7,34,12,8,0,1,1,100.0,1
EMP-00556,Data Science,SRE,PostgreSQL,2,16,12,2,3,24,10,6,1,1,1,0.0,0
EMP-00557,Engineering,SRE,SQL Server,6,15,7,6,3,30,47,4,0,1,0,74.94,1
EMP-00558,Compliance,Analyst,PostgreSQL,68,19,17,1,10,69,15,3,1,0,0,0.0,0
EMP-00559,Finance,Analyst,MySQL,-6,2,0,1,11,67,33,5,0,0,0,100.0,1
EMP-00560,Compliance,Senior DBA,PostgreSQL,52,13,9,4,4,35,46,10,0,1,1,9.6,0
EMP-00561,Analytics,Security Engineer,Oracle,-43,15,9,5,0,20,36,7,1,1,0,68.33,1
EMP-00562,Compliance,Manager,MySQL,73,8,7,1,8,75,13,10,1,0,1,4.94,0
EMP-00563,Security,Senior DBA,MySQL,-34,11,9,2,1,35,35,10,0,1,1,51.1,0
EMP-00564,Security,Manager,Oracle,9,17,14,1,2,98,42,5,0,0,1,0.0,0
EMP-00565,Compliance,Developer,PostgreSQL,82,9,9,0,8,117,50,2,1,0,1,15.26,0
EMP-00566,Analytics,Manager,MySQL,15,11,7,3,8,66,31,8,1,0,1,36.62,0
EMP-00567,Data Science,DBA,PostgreSQL,30,11,7,2,4,33,11,5,1,1,1,3.15,0
EMP-00568,Security,Tech Lead,MySQL,120,12,6,4,2,16,19,7,1,1,0,0.0,0
EMP-00569,Data Science,Developer,PostgreSQL,-15,4,0,3,2,67,28,7,0,0,0,100.0,1
EMP-00570,Platform,Manager,Oracle,16,18,10,6,1,16,5,6,0,0,1,7.28,0
EMP-00571,Engineering,Platform Engineer,Oracle,150,9,7,1,4,114,16,2,1,0,0,0.0,0
EMP-00572,Engineering,Senior Developer,MongoDB,59,18,15,3,0,37,41,8,0,0,0,0.0,0
EMP-00573,Platform,Security Engineer,PostgreSQL,29,4,0,3,2,70,45,4,0,1,1,61.95,1
EMP-00574,Engineering,Senior Developer,Oracle,4,7,7,0,2,101,14,2,1,0,1,0.0,0
EMP-00575,Platform,Senior DBA,MongoDB,4,4,2,1,2,14,15,2,1,1,1,27.04,0
EMP-00576,Finance,Platform Engineer,PostgreSQL,-35,11,8,1,1,79,25,10,0,0,1,42.29,0
EMP-00577,Engineering,SRE,MySQL,-24,0,0,0,4,29,39,6,0,1,0,100.0,1
EMP-00578,Compliance,Platform Engineer,PostgreSQL,13,0,0,0,6,74,40,6,0,0,1,52.05,1
EMP-00579,Infrastructure,DBA,MongoDB,31,10,8,0,0,28,44,8,1,1,1,0.0,0
EMP-00580,Security,SRE,Oracle,178,17,16,0,0,11,18,4,1,1,1,0.0,0
EMP-00581,DevOps,SRE,Oracle,0,13,12,0,3,29,3,7,0,1,0,0.0,0
EMP-00582,Analytics,SRE,MySQL,19,9,2,5,4,20,1,5,1,1,0,58.42,1
EMP-00583,DevOps,Senior Developer,MySQL,151,8,4,3,1,18,35,4,1,0,0,0.0,1
EMP-00584,Operations,Analyst,PostgreSQL,141,1,0,1,6,74,21,6,1,0,0,34.95,0
EMP-00585,DevOps,DBA,Oracle,47,6,4,1,0,23,1,3,1,1,0,0.0,0
EMP-00586,DevOps,Senior DBA,SQL Server,100,18,15,3,4,18,17,3,1,1,0,0.0,0
EMP-00587,DevOps,Manager,MySQL,129,11,8,1,8,59,15,7,0,0,1,25.1,0
EMP-00588,Finance,Developer,PostgreSQL,116,15,12,1,8,91,30,6,1,0,1,0.0,0
EMP-00589,Engineering,Platform Engineer,Oracle,162,6,2,2,3,44,10,9,0,0,1,20.6,0
EMP-00590,Finance,Developer,MySQL,103,20,17,2,5,115,24,3,1,0,0,0.0,0
EMP-00591,Analytics,Security Engineer,Oracle,-7,17,9,6,0,18,47,9,0,1,0,59.94,1
EMP-00592,Finance,Tech Lead,Oracle,118,5,3,1,6,4,47,7,0,1,0,35.75,0
EMP-00593,Compliance,Developer,PostgreSQL,6,5,3,1,4,108,18,5,0,0,0,46.79,0
EMP-00594,Security,SRE,Oracle,70,1,0,1,4,5,5,10,0,1,1,30.74,0
EMP-00595,Data Science,Senior Developer,MySQL,151,1,0,1,7,58,42,5,1,0,0,46.96,0
EMP-00596,Platform,Analyst,MySQL,80,10,8,2,8,110,2,10,0,0,0,27.04,0
EMP-00597,Engineering,Analyst,Oracle,10,17,12,3,1,82,32,3,0,0,0,0.0,0
EMP-00598,Compliance,Manager,MySQL,0,20,12,6,6,56,32,8,1,0,0,42.17,0
EMP-00599,Finance,Senior Developer,SQL Server,24,2,0,2,3,59,32,6,1,0,1,30.03,0
EMP-00600,Engineering,Tech Lead,MySQL,-31,4,2,1,6,7,48,3,1,1,0,100.0,1
EMP-00601,DevOps,Tech Lead,PostgreSQL,57,10,7,1,5,35,50,4,1,1,0,0.0,0
EMP-00602,Finance,Developer,SQL Server,164,11,9,2,4,105,19,2,1,0,0,0.0,0
EMP-00603,Operations,Developer,Oracle,53,14,10,4,3,106,32,2,1,0,0,1.68,0
EMP-00604,Analytics,Tech Lead,Oracle,170,4,0,3,6,6,17,2,1,1,1,88.41,1
EMP-00605,Infrastructure,Tech Lead,PostgreSQL,168,5,3,2,5,20,3,9,1,1,0,9.9,0
EMP-00606,Platform,Senior Developer,PostgreSQL,59,15,9,4,8,117,10,3,0,0,0,65.13,1
EMP-00607,Finance,Developer,PostgreSQL,-14,3,2,0,4,72,49,4,0,0,0,97.38,1
EMP-00608,Compliance,Senior DBA,Oracle,57,3,1,2,0,2,4,8,0,1,0,0.0,0
EMP-00609,Security,Developer,Oracle,14,20,17,3,0,92,27,4,1,0,1,0.0,0
EMP-00610,Infrastructure,Senior DBA,Oracle,114,15,9,4,1,22,43,6,1,1,1,0.0,0
EMP-00611,Analytics,Senior DBA,Oracle,65,2,2,0,4,26,20,2,0,1,0,33.11,0
EMP-00612,Security,Senior Developer,MySQL,10,11,8,2,6,45,41,6,1,0,0,3.56,0
EMP-00613,Security,Senior DBA,PostgreSQL,70,12,9,3,1,25,39,3,1,1,1,0.0,0
EMP-00614,Platform,SRE,Oracle,100,9,5,3,3,6,14,10,1,1,0,0.0,0
EMP-00615,Engineering,SRE,PostgreSQL,-26,10,10,0,2,15,39,10,1,1,1,10.63,0
EMP-00616,Infrastructure,DBA,MySQL,116,8,7,1,4,13,25,4,1,1,1,0.0,0
EMP-00617,Platform,Platform Engineer,PostgreSQL,43,13,11,2,2,41,38,3,1,0,0,0.0,0
EMP-00618,Operations,Tech Lead,PostgreSQL,51,10,4,6,4,26,44,9,1,1,1,43.98,0
EMP-00619,Infrastructure,Senior DBA,PostgreSQL,139,6,4,0,2,32,10,2,0,1,1,5.38,0
EMP-00620,Security,Security Engineer,PostgreSQL,-1,6,4,2,0,30,45,8,1,1,1,12.71,0
EMP-00621,Analytics,Developer,PostgreSQL,5,7,5,0,4,10,40,6,0,0,0,8.04,0
EMP-00622,Analytics,Security Engineer,MySQL,9,20,19,1,0,66,30,2,0,1,1,0.0,0
EMP-00623,Infrastructure,Security Engineer,Oracle,-20,5,3,0,2,64,35,2,0,1,1,100.0,1
EMP-00624,Infrastructure,Platform Engineer,SQL Server,5,7,4,1,4,91,45,5,1,0,0,23.91,0
EMP-00625,Finance,Analyst,MongoDB,155,0,0,0,7,116,46,6,1,0,1,42.23,0
EMP-00626,Security,DBA,SQL Server,17,4,0,3,3,31,28,3,1,1,1,56.72,1
EMP-00627,DevOps,Developer,MySQL,114,8,6,1,6,68,45,2,1,0,1,19.92,0
EMP-00628,DevOps,DBA,MySQL,168,2,0,1,4,35,31,8,1,1,1,20.1,0
EMP-00629,Finance,Security Engineer,Oracle,137,2,2,0,0,61,49,3,1,1,1,0.0,0
EMP-00630,DevOps,Senior DBA,MySQL,-26,17,11,5,0,16,26,4,1,1,1,63.33,1
EMP-00631,Security,Senior Developer,PostgreSQL,-22,15,10,5,8,73,13,8,0,0,1,100.0,1
EMP-00632,Engineering,Manager,MongoDB,-15,13,10,1,0,107,22,6,1,0,1,16.74,0
EMP-00633,DevOps,SRE,PostgreSQL,11,0,0,0,2,34,17,7,1,1,0,0.0,0
EMP-00634,Engineering,Manager,Oracle,-7,9,6,3,2,10,46,6,1,0,1,51.13,0
EMP-00635,Analytics,Analyst,PostgreSQL,133,4,3,1,9,113,16,8,0,0,0,59.36,1
EMP-00636,Data Science,Analyst,MongoDB,2,6,6,0,8,86,9,8,0,0,0,47.29,1
EMP-00637,Compliance,Developer,MySQL,125,9,7,1,2,54,15,7,1,0,0,0.0,0
EMP-00638,Compliance,Manager,MySQL,74,10,6,3,0,89,19,10,1,0,0,0.0,0
EMP-00639,DevOps,Manager,MySQL,7,15,11,3,0,83,3,4,0,0,1,0.0,0
EMP-00640,Operations,Senior DBA,PostgreSQL,50,10,6,4,1,12,41,9,1,1,0,0.0,0
EMP-00641,Security,Tech Lead,Oracle,46,10,4,4,8,16,33,6,1,1,0,72.83,1
EMP-00642,Compliance,DBA,PostgreSQL,101,4,1,1,2,5,17,8,1,1,0,0.0,0
EMP-00643,DevOps,DBA,MySQL,37,17,14,2,3,35,1,4,0,1,1,0.0,0
EMP-00644,Engineering,Developer,MySQL,-40,15,12,2,0,77,40,5,1,0,1,21.73,0
EMP-00645,Data Science,Platform Engineer,Oracle,13,15,7,6,7,37,21,9,0,0,1,82.68,1
EMP-00646,Finance,Developer,MySQL,1,12,5,5,6,91,38,4,1,0,0,92.27,1
EMP-00647,DevOps,Senior Developer,MongoDB,52,13,7,6,7,94,47,8,0,0,1,70.84,1
EMP-00648,Engineering,Tech Lead,MariaDB,142,5,3,0,6,32,12,9,0,1,1,22.7,0
EMP-00649,DevOps,Senior Developer,MySQL,119,8,3,4,5,66,13,10,1,0,1,33.62,0
EMP-00650,Data Science,SRE,Oracle,7,14,11,2,1,24,48,5,0,1,1,0.0,0
EMP-00651,Compliance,Tech Lead,MariaDB,59,12,10,0,7,9,21,9,1,1,0,0.0,0
EMP-00652,Infrastructure,Analyst,PostgreSQL,4,12,10,1,10,105,6,9,1,0,1,33.07,0
EMP-00653,Engineering,Tech Lead,Oracle,-7,18,12,5,0,28,45,4,1,1,1,34.6,0
EMP-00654,Analytics,DBA,PostgreSQL,-7,3,1,0,3,31,2,8,1,1,1,51.79,0
EMP-00655,Platform,Security Engineer,MySQL,134,8,5,3,2,14,6,3,1,1,1,8.54,0
EMP-00656,Security,Senior DBA,MySQL,86,13,9,3,2,22,46,8,0,1,1,0.0,0
EMP-00657,DevOps,Security Engineer,PostgreSQL,23,6,3,2,0,66,10,7,1,1,0,0.0,0
EMP-00658,Engineering,Senior Developer,PostgreSQL,169,5,2,2,5,66,45,10,0,0,1,33.84,0
EMP-00659,DevOps,Analyst,MySQL,169,4,0,2,4,120,15,6,1,0,1,42.5,0
EMP-00660,Analytics,SRE,Oracle,13,15,14,1,2,18,2,5,1,1,1,0.0,0
EMP-00661,Operations,Tech Lead,SQL Server,71,8,2,5,8,5,28,2,1,1,1,100.0,1
EMP-00662,Security,Platform Engineer,Oracle,39,7,4,2,1,77,18,9,1,0,1,0.0,0
EMP-00663,Analytics,Security Engineer,MariaDB,5,3,0,2,1,58,20,10,0,1,1,39.65,0
EMP-00664,Platform,DBA,MongoDB,56,6,1,3,2,26,36,8,1,1,1,15.11,0
EMP-00665,Data Science,Security Engineer,Oracle,164,1,0,1,0,85,37,3,1,1,0,3.33,0
EMP-00666,Security,Developer,MySQL,137,18,16,2,5,43,32,6,1,0,1,0.0,0
EMP-00667,DevOps,Analyst,MySQL,-11,5,3,0,12,106,27,6,1,0,1,100.0,1
EMP-00668,Operations,Tech Lead,MariaDB,3,7,3,3,2,12,29,10,1,1,0,21.32,0
EMP-00669,Infrastructure,Manager,MySQL,31,4,0,3,1,8,22,4,0,0,1,35.17,0
EMP-00670,DevOps,Security Engineer,PostgreSQL,18,14,12,1,4,102,20,8,0,1,0,0.0,1
EMP-00671,Engineering,Security Engineer,MySQL,-3,10,9,0,0,84,3,6,0,1,1,0.25,0
EMP-00672,Operations,Developer,SQL Server,173,4,0,3,6,17,39,9,0,0,1,67.18,1
EMP-00673,Platform,Platform Engineer,MySQL,-8,6,4,0,5,85,44,9,0,0,0,65.9,1
EMP-00674,Engineering,Manager,Oracle,167,19,14,4,8,8,43,6,1,0,1,0.19,0
EMP-00675,Data Science,Platform Engineer,SQL Server,57,7,7,0,0,48,11,8,0,0,1,0.0,0
EMP-00676,Analytics,SRE,Oracle,142,19,13,6,3,24,26,4,0,1,0,14.37,0
EMP-00677,Data Science,Senior DBA,SQL Server,158,8,8,0,0,8,46,2,0,1,1,0.0,0
EMP-00678,Analytics,Analyst,Oracle,-25,5,3,0,1,40,21,5,0,0,1,86.63,1
EMP-00679,Operations,Analyst,MySQL,136,15,11,2,0,24,21,9,0,0,0,0.0,0
EMP-00680,Data Science,Tech Lead,Oracle,164,7,5,0,1,10,42,3,1,1,1,0.0,0
EMP-00681,Data Science,Security Engineer,MariaDB,-25,9,4,4,4,71,39,2,1,1,1,100.0,1
EMP-00682,Finance,Tech Lead,Oracle,151,2,2,0,6,11,6,6,0,1,1,42.09,0
EMP-00683,Security,Senior Developer,Oracle,-40,16,10,4,6,38,47,6,0,0,1,100.0,0
EMP-00684,Security,Developer,MySQL,27,8,2,5,3,43,42,6,0,0,1,65.27,1
EMP-00685,Compliance,Senior Developer,PostgreSQL,26,15,8,6,0,25,44,8,0,0,1,3.46,0
EMP-00686,DevOps,Developer,MySQL,6,5,3,2,0,45,39,2,0,0,0,25.56,0
EMP-00687,Security,Senior DBA,Oracle,171,18,10,6,1,21,6,10,1,1,1,0.0,0
EMP-00688,DevOps,Developer,PostgreSQL,83,1,0,0,1,30,14,9,0,0,1,0.0,1
EMP-00689,Security,Senior DBA,Oracle,2,10,6,3,0,19,30,7,0,1,0,17.56,0
EMP-00690,DevOps,Manager,Oracle,-32,16,12,2,1,50,23,6,1,0,0,19.89,0
EMP-00691,Security,Manager,PostgreSQL,24,6,4,0,0,72,17,9,1,0,1,0.0,0
EMP-00692,Compliance,Senior DBA,SQL Server,79,9,5,3,1,25,49,4,1,1,0,0.0,0
EMP-00693,Analytics,Platform Engineer,Oracle,10,2,0,2,8,24,45,9,1,0,0,64.4,1
EMP-00694,Security,SRE,Oracle,152,9,5,4,1,9,33,2,0,1,0,29.11,0
EMP-00695,Analytics,Developer,PostgreSQL,107,6,3,3,7,36,35,7,0,0,0,55.81,1
EMP-00696,Operations,Senior Developer,PostgreSQL,1,12,9,2,4,49,5,6,1,0,1,9.64,0
EMP-00697,Data Science,Senior Developer,MySQL,19,9,9,0,6,116,43,6,1,0,0,0.0,0
EMP-00698,Platform,Senior DBA,PostgreSQL,46,14,8,4,3,6,46,3,1,1,1,8.91,0
EMP-00699,Analytics,Security Engineer,PostgreSQL,5,6,1,3,4,78,30,3,1,1,0,72.08,1
EMP-00700,Security,Tech Lead,MySQL,-9,1,1,0,4,33,39,7,1,1,0,67.31,1
EMP-00701,Data Science,Tech Lead,MySQL,48,10,4,5,1,6,11,5,0,1,1,37.38,0
EMP-00702,Platform,Tech Lead,Oracle,-45,17,17,0,6,2,10,2,0,1,0,49.79,0
EMP-00703,DevOps,Developer,PostgreSQL,-34,16,9,5,4,102,8,10,1,0,0,84.43,1
EMP-00704,Analytics,Developer,Oracle,108,8,6,2,4,49,17,6,0,0,1,16.27,0
EMP-00705,Security,Analyst,SQL Server,-23,7,7,0,5,33,41,3,1,0,0,72.78,1
EMP-00706,Data Science,Developer,Oracle,164,17,9,6,6,68,18,9,0,0,0,51.08,0
EMP-00707,Analytics,Tech Lead,MySQL,-25,16,12,3,0,20,30,2,1,1,0,36.92,0
EMP-00708,Analytics,Developer,Oracle,60,15,13,1,4,60,29,8,1,0,0,0.0,0
EMP-00709,Platform,Senior DBA,MariaDB,26,17,16,1,1,13,6,7,1,1,1,0.0,0
EMP-00710,Operations,Manager,MariaDB,58,5,3,1,4,105,31,6,1,0,1,11.09,0
EMP-00711,Analytics,DBA,PostgreSQL,150,16,11,4,0,33,16,3,0,1,0,0.0,0
EMP-00712,Engineering,Senior Developer,MongoDB,102,15,8,6,2,81,2,10,0,0,1,16.93,1
EMP-00713,Data Science,SRE,MySQL,12,19,17,2,0,5,16,5,1,1,0,0.0,0
EMP-00714,DevOps,Senior DBA,PostgreSQL,13,13,10,1,0,35,8,9,1,1,0,0.0,0
EMP-00715,Security,Senior Developer,MySQL,-4,15,11,4,8,32,17,10,0,0,0,71.67,1
EMP-00716,Security,Developer,MySQL,-39,5,2,2,2,81,38,8,1,0,1,89.81,1
EMP-00717,Compliance,Manager,MySQL,174,19,14,3,8,112,3,2,0,0,1,36.33,0
EMP-00718,DevOps,Analyst,MySQL,65,8,2,5,8,10,12,7,0,0,1,97.96,1
EMP-00719,Operations,Security Engineer,PostgreSQL,63,11,4,6,4,116,11,9,1,1,1,56.45,1
EMP-00720,Operations,Tech Lead,SQL Server,2,11,3,6,1,22,12,10,1,1,0,49.57,0
EMP-00721,Analytics,Tech Lead,MongoDB,1,19,17,1,7,30,37,8,1,1,1,0.0,0
EMP-00722,DevOps,Senior Developer,MongoDB,11,12,6,6,8,108,26,6,1,0,0,77.17,1
EMP-00723,DevOps,Developer,MongoDB,156,14,13,0,7,15,18,3,1,0,0,0.0,0
EMP-00724,Compliance,DBA,PostgreSQL,109,20,16,2,1,26,12,4,1,1,1,0.0,0
EMP-00725,Compliance,DBA,PostgreSQL,23,14,9,5,1,27,7,3,1,1,1,3.27,0
EMP-00726,DevOps,Senior Developer,MySQL,0,17,10,6,4,70,36,2,1,0,0,59.21,1
EMP-00727,Infrastructure,DBA,SQL Server,80,4,0,3,0,27,10,9,1,1,1,1.51,0
EMP-00728,Data Science,Senior Developer,Oracle,17,0,0,0,6,39,41,3,1,0,0,40.47,0
EMP-00729,DevOps,Senior DBA,MariaDB,4,18,14,4,0,7,18,3,1,1,0,0.0,0
EMP-00730,Infrastructure,Developer,Oracle,56,11,6,4,0,61,23,3,0,0,0,7.36,0
EMP-00731,Infrastructure,Tech Lead,MySQL,-2,9,5,3,1,20,38,8,1,1,0,22.92,0
EMP-00732,Security,Platform Engineer,MySQL,112,5,0,3,2,81,47,3,0,0,1,58.31,1
EMP-00733,Data Science,Security Engineer,PostgreSQL,17,6,6,0,1,11,35,6,1,1,1,0.0,0
EMP-00734,Analytics,Senior DBA,PostgreSQL,130,19,16,2,0,13,18,9,1,1,1,0.0,0
EMP-00735,Compliance,Analyst,MongoDB,67,16,8,6,4,82,4,4,1,0,0,30.56,0
EMP-00736,Data Science,SRE,MySQL,5,8,6,2,3,21,21,5,1,1,0,10.56,0
EMP-00737,Engineering,Platform Engineer,MySQL,-42,14,8,6,7,69,48,4,1,0,1,100.0,1
EMP-00738,Platform,Manager,PostgreSQL,-15,12,12,0,6,66,4,4,0,0,0,59.49,1
EMP-00739,Data Science,Manager,Oracle,150,15,13,0,5,80,33,4,1,0,0,0.0,0
EMP-00740,Analytics,Platform Engineer,MySQL,1,18,16,0,3,26,43,2,1,0,1,0.0,0
EMP-00741,Data Science,Senior Developer,PostgreSQL,-29,16,8,6,5,36,11,2,0,0,1,100.0,1
EMP-00742,Finance,SRE,SQL Server,98,10,7,1,0,12,30,4,0,1,1,0.0,0
EMP-00743,Analytics,DBA,PostgreSQL,5,16,9,5,0,1,48,6,0,1,1,15.34,0
EMP-00744,Infrastructure,Senior Developer,SQL Server,116,0,0,0,5,91,17,9,0,0,1,34.41,0
EMP-00745,Finance,Analyst,MongoDB,-42,0,0,0,3,59,47,4,1,0,0,84.24,1
EMP-00746,DevOps,Tech Lead,Oracle,177,5,4,0,0,22,28,4,0,1,0,0.0,0
EMP-00747,Operations,DBA,PostgreSQL,29,20,12,6,0,14,9,2,1,1,0,0.0,0
EMP-00748,DevOps,Platform Engineer,SQL Server,18,16,13,3,7,42,46,8,1,0,1,0.0,0
EMP-00749,Compliance,SRE,MongoDB,169,15,11,3,4,18,12,4,1,1,1,0.0,0
EMP-00750,Finance,Security Engineer,Oracle,34,17,12,3,0,71,33,4,0,1,0,0.0,0
EMP-00751,Platform,Developer,PostgreSQL,34,20,18,0,1,101,23,4,0,0,0,0.0,0
EMP-00752,Compliance,Developer,MariaDB,26,20,19,1,7,74,39,7,0,0,1,0.0,0
EMP-00753,Security,Senior Developer,Oracle,6,17,15,0,7,73,43,9,1,0,0,0.0,0
EMP-00754,Platform,Security Engineer,PostgreSQL,124,11,4,5,3,41,17,7,1,1,1,33.71,0
EMP-00755,Finance,Analyst,SQL Server,44,16,13,2,0,20,28,5,1,0,1,0.0,0
EMP-00756,DevOps,Manager,MySQL,146,0,0,0,4,48,2,8,0,0,0,15.0,0
EMP-00757,Platform,Senior Developer,Oracle,98,10,9,0,6,47,47,7,1,0,1,0.0,1
EMP-00758,Infrastructure,Security Engineer,Oracle,20,20,20,0,2,100,40,2,1,1,0,0.0,0
EMP-00759,Security,Tech Lead,Oracle,174,1,0,1,3,2,26,10,1,1,0,0.0,0
EMP-00760,Platform,DBA,SQL Server,29,20,14,5,2,30,45,3,1,1,0,0.0,0
EMP-00761,Security,Security Engineer,Oracle,-7,15,10,5,2,14,39,4,0,1,0,80.55,1
EMP-00762,Operations,DBA,Oracle,67,20,14,6,4,34,48,8,1,1,0,0.0,0
EMP-00763,Platform,Senior DBA,Oracle,38,4,3,0,3,5,38,3,0,1,1,15.21,0
EMP-00764,Platform,Security Engineer,Oracle,30,1,0,1,4,88,27,7,0,1,1,61.33,1
EMP-00765,Infrastructure,Analyst,MySQL,101,13,7,5,7,68,21,6,1,0,1,52.92,0
EMP-00766,Operations,Analyst,PostgreSQL,-14,9,6,3,0,113,12,10,1,0,0,40.36,0
EMP-00767,Engineering,Developer,MariaDB,-6,12,8,2,1,14,1,10,0,0,1,13.76,0
EMP-00768,Data Science,Senior DBA,PostgreSQL,-16,10,5,4,1,23,27,9,1,1,0,69.21,1
EMP-00769,Infrastructure,Senior DBA,PostgreSQL,117,20,16,4,3,4,11,5,1,1,1,0.0,0
EMP-00770,Finance,Tech Lead,MySQL,125,7,6,1,6,3,13,2,1,1,1,18.44,0
EMP-00771,Platform,Tech Lead,MariaDB,94,13,9,3,6,20,14,9,0,1,0,12.17,0
EMP-00772,Finance,Security Engineer,Oracle,-9,20,17,1,2,10,34,8,1,1,0,0.0,0
EMP-00773,Operations,Security Engineer,MySQL,91,5,5,0,0,119,42,6,0,1,1,0.0,0
EMP-00774,Compliance,DBA,Oracle,-13,14,14,0,2,31,43,4,1,1,1,0.0,0
EMP-00775,Compliance,Analyst,Oracle,78,16,9,6,10,110,22,10,1,0,1,81.7,1
EMP-00776,Infrastructure,Senior DBA,MariaDB,-7,12,8,3,4,2,44,4,1,1,0,57.13,1
EMP-00777,Compliance,SRE,PostgreSQL,154,15,9,6,0,14,46,6,0,1,1,6.69,0
EMP-00778,Security,Senior Developer,MySQL,103,16,9,6,2,96,38,2,0,0,1,43.0,0
EMP-00779,Finance,Senior Developer,Oracle,40,8,3,4,8,25,26,3,1,0,0,84.12,1
EMP-00780,Finance,Manager,Oracle,11,13,11,1,5,24,45,3,1,0,1,0.0,0
EMP-00781,Infrastructure,Developer,MySQL,109,16,13,3,6,63,22,2,0,0,1,17.19,0
EMP-00782,Operations,Analyst,MariaDB,124,10,4,6,7,30,37,10,1,0,0,55.25,1
EMP-00783,Finance,Platform Engineer,PostgreSQL,-3,3,0,1,3,82,31,3,0,0,0,84.04,1
EMP-00784,Finance,Manager,PostgreSQL,70,0,0,0,1,74,20,3,1,0,1,0.0,0
EMP-00785,Security,Developer,MySQL,126,19,17,1,2,74,8,8,0,0,1,0.0,0
EMP-00786,Engineering,Senior DBA,Oracle,93,14,12,1,4,35,43,5,0,1,1,0.0,0
EMP-00787,Finance,SRE,PostgreSQL,121,12,6,6,3,3,28,6,0,1,0,42.22,0
EMP-00788,Platform,Senior Developer,MySQL,0,18,17,0,7,34,13,6,1,0,1,0.0,1
EMP-00789,Engineering,Developer,MariaDB,118,9,6,1,5,90,8,2,1,0,0,7.96,0
EMP-00790,Finance,SRE,Oracle,90,8,6,2,1,1,23,6,0,1,0,0.0,0
EMP-00791,DevOps,DBA,MySQL,-12,8,5,2,1,10,38,3,1,1,0,57.96,1
EMP-00792,Infrastructure,Senior Developer,MySQL,-25,1,0,0,6,58,47,4,0,0,0,100.0,1
EMP-00793,Infrastructure,Tech Lead,Oracle,77,16,16,0,2,27,47,6,1,1,1,0.0,1
EMP-00794,Operations,Platform Engineer,MariaDB,23,1,0,1,8,94,3,5,1,0,1,69.78,1
EMP-00795,Engineering,Analyst,PostgreSQL,1,9,4,5,8,17,12,7,0,0,1,100.0,1
EMP-00796,Infrastructure,Senior Developer,MariaDB,180,1,0,0,6,87,5,10,1,0,1,19.29,0
EMP-00797,Compliance,DBA,MySQL,156,1,0,0,4,28,2,9,1,1,1,4.58,0
EMP-00798,DevOps,DBA,PostgreSQL,163,20,15,4,1,5,2,3,1,1,1,0.0,0
EMP-00799,Platform,Senior DBA,MongoDB,4,8,5,1,1,35,24,3,1,1,0,0.0,0
EMP-00800,Engineering,Security Engineer,MySQL,159,3,0,2,1,66,35,9,0,1,0,17.12,0
EMP-00801,Platform,Manager,PostgreSQL,16,14,13,1,4,56,14,8,0,0,0,0.0,0
EMP-00802,Security,Analyst,Oracle,0,8,5,1,6,13,22,8,1,0,1,33.23,0
EMP-00803,Compliance,Senior DBA,SQL Server,18,15,8,5,4,5,18,5,0,1,0,40.14,0
EMP-00804,Security,Security Engineer,MySQL,44,18,12,4,3,99,37,9,1,1,0,0.0,0
EMP-00805,Security,DBA,MySQL,25,20,20,0,3,24,20,9,1,1,1,0.0,0
EMP-00806,Infrastructure,DBA,Oracle,94,7,5,1,1,24,35,9,0,1,0,0.0,0
EMP-00807,Operations,Platform Engineer,PostgreSQL,169,0,0,0,0,68,27,6,0,0,1,0.0,0
EMP-00808,Data Science,SRE,MySQL,-37,2,0,1,3,29,4,2,1,1,0,100.0,1
EMP-00809,DevOps,Senior Developer,MariaDB,26,1,0,1,5,12,5,3,1,0,0,32.59,0
EMP-00810,Compliance,Senior DBA,PostgreSQL,22,20,12,6,2,30,32,9,1,1,0,0.0,0
EMP-00811,Compliance,Platform Engineer,Oracle,56,0,0,0,2,81,6,10,0,0,1,0.93,0
EMP-00812,Infrastructure,Senior Developer,Oracle,115,14,7,5,4,80,1,6,1,0,0,24.92,0
EMP-00813,Infrastructure,Senior Developer,MariaDB,-38,4,2,2,7,9,50,6,0,0,1,100.0,1
EMP-00814,Analytics,Senior Developer,PostgreSQL,26,7,5,2,6,56,7,2,1,0,1,37.21,0
EMP-00815,Engineering,Manager,PostgreSQL,22,14,12,2,0,103,20,6,0,0,0,0.0,0
EMP-00816,Finance,Senior DBA,SQL Server,128,13,13,0,2,32,6,8,0,1,0,0.0,0
EMP-00817,Data Science,Senior DBA,PostgreSQL,67,18,12,4,1,32,46,10,1,1,1,0.0,0
EMP-00818,Finance,Senior DBA,Oracle,59,13,8,3,2,27,13,7,1,1,0,0.0,0
EMP-00819,Infrastructure,Security Engineer,PostgreSQL,169,17,12,4,1,30,2,3,1,1,1,0.0,0
EMP-00820,DevOps,Senior DBA,MySQL,-26,15,8,6,1,18,5,6,1,1,1,94.62,1
EMP-00821,Security,Security Engineer,MySQL,150,4,0,3,3,101,20,6,1,1,0,43.73,0
EMP-00822,Operations,Tech Lead,PostgreSQL,18,18,13,4,0,10,33,10,1,1,1,0.0,0
EMP-00823,DevOps,Platform Engineer,PostgreSQL,-45,6,2,3,2,65,5,6,1,0,0,94.51,1
EMP-00824,DevOps,Security Engineer,PostgreSQL,60,5,3,1,1,22,34,9,1,1,0,0.0,0
EMP-00825,Infrastructure,Developer,PostgreSQL,4,0,0,0,6,93,41,7,1,0,0,44.71,0
EMP-00826,Data Science,SRE,PostgreSQL,127,9,5,3,2,2,15,2,1,1,1,9.78,0
EMP-00827,Analytics,Senior Developer,MySQL,-2,11,6,4,6,108,14,8,1,0,1,83.75,0
EMP-00828,Infrastructure,Senior Developer,Oracle,18,11,4,6,5,103,31,4,1,0,1,92.02,1
EMP-00829,Security,Senior Developer,MySQL,-13,20,15,3,7,44,13,9,1,0,1,47.92,1
EMP-00830,Analytics,Senior Developer,Oracle,16,14,9,4,1,114,17,7,1,0,1,0.0,0
EMP-00831,Engineering,SRE,Oracle,-24,4,0,2,4,21,43,9,0,1,1,100.0,1
EMP-00832,Analytics,Senior Developer,PostgreSQL,13,16,10,4,4,9,6,5,1,0,1,0.0,0
EMP-00833,DevOps,Manager,MySQL,-44,6,3,3,4,71,38,4,0,0,1,100.0,1
EMP-00834,Operations,DBA,Oracle,81,9,9,0,0,13,46,7,1,1,0,0.0,0
EMP-00835,DevOps,Security Engineer,PostgreSQL,-35,9,9,0,4,81,50,3,1,1,0,60.15,1
EMP-00836,Analytics,Analyst,PostgreSQL,76,0,0,0,7,66,39,10,1,0,0,18.64,0
EMP-00837,Platform,SRE,MariaDB,166,1,1,0,4,4,36,8,1,1,0,0.0,0
EMP-00838,Platform,Developer,MySQL,65,4,0,3,4,109,18,9,1,0,0,35.4,0
EMP-00839,Finance,Tech Lead,MySQL,170,0,0,0,0,5,31,7,0,1,1,0.0,0
EMP-00840,Engineering,Developer,MySQL,93,16,13,2,3,49,32,9,1,0,0,0.0,0
EMP-00841,DevOps,SRE,MySQL,126,9,5,3,2,29,44,4,1,1,1,7.23,0
EMP-00842,Engineering,Senior Developer,PostgreSQL,68,0,0,0,2,34,22,4,1,0,1,0.0,0
EMP-00843,Finance,Senior DBA,PostgreSQL,92,12,9,2,3,32,39,10,1,1,0,0.0,0
EMP-00844,Operations,Senior Developer,MySQL,17,6,1,3,5,81,49,4,0,0,1,79.81,1
EMP-00845,Finance,Analyst,SQL Server,109,6,5,1,0,89,28,9,1,0,1,0.0,0
EMP-00846,Finance,Senior Developer,PostgreSQL,148,19,14,3,7,95,18,5,1,0,1,0.0,0
EMP-00847,Finance,Senior Developer,PostgreSQL,1,9,2,5,0,83,33,7,1,0,1,48.07,0
EMP-00848,Analytics,Tech Lead,Oracle,-36,1,1,0,6,10,15,10,1,1,1,100.0,1
EMP-00849,Engineering,Analyst,MySQL,-10,12,10,0,2,32,8,10,0,0,1,3.67,0
EMP-00850,Compliance,Security Engineer,MySQL,86,11,5,5,4,114,4,8,0,1,1,63.62,0
EMP-00851,Finance,Analyst,MongoDB,8,15,13,2,12,108,49,6,1,0,0,34.88,0
EMP-00852,Platform,Senior Developer,MySQL,-10,10,9,1,8,51,1,7,1,0,1,69.94,1
EMP-00853,Security,Developer,PostgreSQL,84,9,3,5,8,70,10,2,1,0,0,89.5,1
EMP-00854,Infrastructure,Analyst,PostgreSQL,4,12,8,4,12,31,48,10,1,0,1,79.34,1
EMP-00855,Infrastructure,Security Engineer,PostgreSQL,13,9,4,4,1,84,46,10,1,1,1,6.89,0
EMP-00856,Security,Security Engineer,Oracle,152,5,0,3,4,115,50,4,1,1,0,71.04,1
EMP-00857,Infrastructure,Developer,Oracle,113,1,0,1,4,56,34,8,1,0,0,10.54,0
EMP-00858,Analytics,Manager,MySQL,-29,0,0,0,2,51,18,10,0,0,0,80.44,1
EMP-00859,Security,Security Engineer,Oracle,175,6,0,4,1,120,4,2,1,1,1,68.42,1
EMP-00860,Infrastructure,Analyst,PostgreSQL,91,3,0,2,2,56,35,6,1,0,1,14.41,0
EMP-00861,Data Science,SRE,PostgreSQL,18,12,9,2,4,16,8,9,1,1,0,0.0,0
EMP-00862,Infrastructure,Developer,SQL Server,144,9,6,3,4,39,12,4,0,0,1,32.22,0
EMP-00863,Infrastructure,Senior Developer,MySQL,6,14,7,5,7,28,6,9,0,0,0,70.58,1
EMP-00864,Infrastructure,Senior Developer,MySQL,-12,16,8,6,0,118,37,3,1,0,0,82.71,1
EMP-00865,Finance,Tech Lead,MongoDB,83,2,0,2,4,4,32,7,1,1,0,21.68,0
EMP-00866,Data Science,Senior Developer,PostgreSQL,-1,14,7,6,7,14,3,6,1,0,0,88.39,1
EMP-00867,Data Science,SRE,PostgreSQL,8,3,0,2,1,29,37,3,1,1,1,29.19,0
EMP-00868,Compliance,Developer,Oracle,26,3,0,1,3,41,35,3,0,0,1,50.0,0
EMP-00869,DevOps,Security Engineer,PostgreSQL,99,8,2,4,2,120,5,9,1,1,1,30.4,0
EMP-00870,Engineering,DBA,MySQL,172,1,0,1,3,23,16,4,1,1,0,17.35,0
EMP-00871,DevOps,SRE,MySQL,155,12,9,1,0,36,34,3,1,1,1,0.0,0
EMP-00872,Platform,Senior DBA,Oracle,14,3,2,0,4,4,26,4,0,1,1,32.87,0
EMP-00873,Finance,Platform Engineer,Oracle,-34,11,8,1,2,27,37,6,1,0,1,48.23,0
EMP-00874,Finance,Security Engineer,Oracle,-39,17,16,0,0,66,6,7,1,1,1,0.0,0
EMP-00875,Analytics,Tech Lead,MySQL,3,17,15,1,1,19,40,9,1,1,1,0.0,0
EMP-00876,Operations,Security Engineer,MySQL,180,15,12,3,4,26,16,3,1,1,1,0.0,0
EMP-00877,Compliance,Manager,PostgreSQL,42,10,8,2,0,118,7,9,1,0,0,0.0,0
EMP-00878,Operations,Developer,Oracle,0,15,10,5,1,106,49,9,1,0,0,2.25,0
EMP-00879,Analytics,Developer,Oracle,23,1,0,1,1,49,8,4,0,0,1,26.62,0
EMP-00880,Data Science,DBA,SQL Server,177,2,1,1,3,33,20,2,0,1,0,39.7,0
EMP-00881,Engineering,SRE,PostgreSQL,43,8,2,4,1,29,30,9,0,1,1,26.34,0
EMP-00882,DevOps,SRE,Oracle,92,6,4,0,0,35,3,5,1,1,1,0.0,0
EMP-00883,Infrastructure,Developer,Oracle,-13,5,3,2,8,88,36,6,1,0,1,100.0,1
EMP-00884,Operations,Senior Developer,Oracle,-41,0,0,0,4,77,19,3,0,0,0,100.0,1
EMP-00885,Engineering,Tech Lead,Oracle,-15,20,18,2,4,4,9,3,0,1,1,44.95,0
EMP-00886,Operations,Platform Engineer,SQL Server,2,17,10,6,3,25,12,9,1,0,1,26.4,1
EMP-00887,Finance,Platform Engineer,Oracle,39,10,7,3,3,32,15,2,1,0,0,0.0,0
EMP-00888,Data Science,Analyst,PostgreSQL,139,19,13,4,10,59,41,5,1,0,1,33.35,0
EMP-00889,Infrastructure,Platform Engineer,Oracle,172,17,12,3,0,89,36,6,0,0,1,0.0,0
EMP-00890,Security,Manager,MySQL,180,2,1,0,0,92,27,3,1,0,1,0.0,1
EMP-00891,Infrastructure,SRE,Oracle,15,12,10,0,1,25,29,5,1,1,0,0.0,0
EMP-00892,Data Science,Analyst,Oracle,129,0,0,0,5,82,13,5,1,0,1,31.58,0
EMP-00893,Platform,Platform Engineer,MongoDB,146,2,0,2,2,29,22,3,1,0,0,14.16,0
EMP-00894,DevOps,Security Engineer,PostgreSQL,89,2,0,2,4,77,22,4,1,1,1,48.67,0
EMP-00895,Analytics,Manager,MongoDB,76,13,13,0,5,110,8,7,1,0,0,0.0,0
EMP-00896,Infrastructure,Tech Lead,Oracle,96,15,14,0,8,23,47,10,1,1,1,0.0,0
EMP-00897,Engineering,DBA,PostgreSQL,-4,13,9,3,2,28,43,9,0,1,1,33.8,0
EMP-00898,Finance,Developer,MySQL,65,18,15,1,3,90,19,6,1,0,1,0.0,0
EMP-00899,Security,Senior Developer,Oracle,20,10,10,0,6,64,22,10,0,0,1,0.0,0
EMP-00900,Data Science,SRE,PostgreSQL,81,11,6,5,3,11,35,9,1,1,1,11.5,0
EMP-00901,DevOps,SRE,PostgreSQL,165,11,11,0,0,15,47,4,1,1,0,0.0,0
EMP-00902,Data Science,Tech Lead,SQL Server,11,13,6,5,5,3,3,8,1,1,1,41.41,0
EMP-00903,DevOps,Developer,MySQL,124,4,2,0,6,45,41,2,1,0,0,23.56,0
EMP-00904,Platform,Manager,MySQL,44,6,2,2,0,79,32,8,0,0,0,0.0,0
EMP-00905,Analytics,Senior DBA,PostgreSQL,130,15,11,2,1,35,21,7,0,1,0,0.0,0
EMP-00906,Finance,SRE,MongoDB,-3,0,0,0,0,33,43,3,1,1,0,29.98,0
EMP-00907,Engineering,Analyst,Oracle,-5,7,3,4,1,110,28,2,1,0,0,93.2,1
EMP-00908,Analytics,Senior DBA,Oracle,6,16,11,5,1,17,34,4,0,1,0,18.95,0
EMP-00909,Platform,Security Engineer,Oracle,56,3,2,1,3,80,13,8,0,1,1,27.22,0
EMP-00910,Engineering,Developer,MySQL,36,12,8,4,7,102,11,6,0,0,1,58.88,1
EMP-00911,Engineering,Manager,MySQL,61,17,12,5,0,21,8,3,1,0,0,0.0,0
EMP-00912,Engineering,Tech Lead,MySQL,151,17,15,1,1,27,4,3,0,1,0,0.0,0
EMP-00913,Finance,Tech Lead,SQL Server,26,15,14,1,4,29,1,4,0,1,0,0.0,0
EMP-00914,Operations,Platform Engineer,MySQL,9,19,18,1,6,34,17,10,0,0,1,0.0,0
EMP-00915,Security,Manager,PostgreSQL,31,5,1,3,1,60,8,2,0,0,0,35.86,0
EMP-00916,Analytics,Security Engineer,PostgreSQL,-18,17,14,3,3,67,10,9,1,1,1,38.26,0
EMP-00917,Operations,Tech Lead,PostgreSQL,11,16,10,5,0,30,14,10,0,1,1,0.0,0
EMP-00918,Finance,Platform Engineer,Oracle,5,9,2,5,7,17,24,5,0,0,1,100.0,1
EMP-00919,Compliance,SRE,PostgreSQL,19,4,3,0,1,10,7,3,1,1,0,0.0,0
EMP-00920,Security,DBA,Oracle,69,11,6,4,1,29,46,4,1,1,0,0.0,0
EMP-00921,Compliance,Senior DBA,PostgreSQL,31,5,4,1,2,2,29,4,1,1,0,0.0,0
EMP-00922,Platform,Manager,MySQL,-4,0,0,0,0,94,5,2,1,0,0,40.71,0
EMP-00923,Data Science,Security Engineer,PostgreSQL,23,7,4,3,4,43,49,4,0,1,1,52.51,0
EMP-00924,Compliance,Security Engineer,MariaDB,57,15,14,1,3,48,50,3,1,1,1,0.0,0
EMP-00925,Infrastructure,Senior DBA,Oracle,-23,4,0,3,0,8,45,7,1,1,1,100.0,1
EMP-00926,Infrastructure,Senior DBA,SQL Server,13,0,0,0,2,31,4,4,0,1,0,22.6,0
EMP-00927,Finance,Analyst,PostgreSQL,87,19,15,4,2,66,21,3,1,0,1,0.0,0
EMP-00928,Data Science,DBA,PostgreSQL,26,13,12,1,4,3,36,7,1,1,0,0.0,0
EMP-00929,Finance,Analyst,PostgreSQL,130,16,14,2,6,69,43,3,1,0,0,0.0,0
EMP-00930,Security,SRE,PostgreSQL,10,19,15,3,4,14,8,10,1,1,1,0.0,0
EMP-00931,Data Science,Analyst,PostgreSQL,48,18,17,0,4,65,5,6,1,0,0,0.0,0
EMP-00932,Analytics,DBA,Oracle,29,17,12,3,3,32,23,3,1,1,0,0.0,0
EMP-00933,Analytics,Security Engineer,Oracle,141,4,2,0,2,50,18,2,0,1,0,16.44,0
EMP-00934,Security,DBA,Oracle,-13,1,0,1,2,27,8,9,0,1,1,100.0,1
EMP-00935,Data Science,Analyst,MySQL,24,3,0,1,3,35,23,2,1,0,1,28.1,0
EMP-00936,Platform,Manager,PostgreSQL,132,5,3,1,5,87,8,4,0,0,0,34.85,0
EMP-00937,Infrastructure,Tech Lead,Oracle,37,12,4,6,6,27,50,4,0,1,1,100.0,1
EMP-00938,Data Science,Manager,MongoDB,59,10,8,0,7,53,27,8,1,0,0,0.0,0
EMP-00939,Platform,Security Engineer,PostgreSQL,110,0,0,0,3,104,16,9,0,1,1,23.43,0
EMP-00940,Data Science,Tech Lead,PostgreSQL,-23,12,8,2,1,23,44,6,0,1,1,65.89,1
EMP-00941,Finance,Senior Developer,PostgreSQL,11,9,7,2,1,93,16,2,1,0,1,0.0,0
EMP-00942,Infrastructure,Security Engineer,PostgreSQL,134,9,7,1,1,36,49,7,1,1,1,0.0,0
EMP-00943,Engineering,Security Engineer,Oracle,30,7,3,3,4,90,19,2,1,1,1,65.69,1
EMP-00944,Platform,DBA,MongoDB,130,8,2,5,4,23,29,10,1,1,1,39.02,0
EMP-00945,Infrastructure,Platform Engineer,MySQL,174,6,1,3,8,105,16,10,1,0,1,67.31,1
EMP-00946,Platform,SRE,Oracle,24,9,6,1,3,34,22,2,1,1,1,0.0,0
EMP-00947,Compliance,Manager,PostgreSQL,8,1,0,0,6,77,44,9,1,0,0,24.44,0
EMP-00948,Security,SRE,SQL Server,45,2,0,0,1,12,6,8,1,1,1,0.0,0
EMP-00949,Security,Senior Developer,PostgreSQL,159,10,7,1,0,38,12,4,1,0,0,0.0,0
EMP-00950,DevOps,Developer,SQL Server,-39,19,18,0,4,60,39,9,0,0,0,0.0,0
EMP-00951,DevOps,Manager,MySQL,108,1,0,1,1,64,15,3,1,0,1,6.83,0
EMP-00952,Data Science,Analyst,PostgreSQL,13,14,10,2,6,85,18,2,1,0,0,7.98,0
EMP-00953,Operations,Analyst,SQL Server,9,0,0,0,3,58,38,8,1,0,0,0.0,0
EMP-00954,Platform,Security Engineer,MariaDB,-7,8,5,2,1,85,1,5,1,1,1,51.84,0
EMP-00955,Security,DBA,MySQL,-13,5,3,1,0,33,9,8,1,1,1,44.81,0
EMP-00956,Operations,Manager,Oracle,-30,14,14,0,6,107,28,5,0,0,0,66.82,1
EMP-00957,Infrastructure,Analyst,PostgreSQL,3,14,12,1,7,17,40,5,1,0,1,6.63,0
EMP-00958,Infrastructure,SRE,MySQL,1,12,5,5,2,5,5,6,1,1,1,50.73,0
EMP-00959,Security,Senior DBA,Oracle,112,1,0,0,3,11,43,9,1,1,0,0.0,0
EMP-00960,Infrastructure,Security Engineer,SQL Server,-14,20,16,3,4,14,49,2,1,1,1,48.34,0
EMP-00961,Infrastructure,DBA,MySQL,172,0,0,0,0,19,24,3,0,1,1,6.27,0
EMP-00962,Compliance,Developer,MariaDB,164,13,12,1,7,99,12,8,1,0,1,0.0,0
EMP-00963,Engineering,SRE,PostgreSQL,4,0,0,0,1,12,24,6,0,1,1,24.46,0
EMP-00964,Platform,Senior Developer,SQL Server,24,13,8,3,1,57,20,4,0,0,0,0.0,0
EMP-00965,Operations,Tech Lead,PostgreSQL,101,0,0,0,5,18,28,3,1,1,1,31.47,0
EMP-00966,Security,Analyst,PostgreSQL,111,19,16,3,6,50,2,3,1,0,0,0.0,0
EMP-00967,Security,Developer,PostgreSQL,19,3,0,2,7,28,14,7,1,0,1,53.75,0
EMP-00968,Data Science,SRE,MariaDB,24,15,13,2,1,9,32,10,1,1,1,0.0,0
EMP-00969,Security,Manager,MySQL,92,4,0,2,5,30,24,9,1,0,0,21.88,0
EMP-00970,Operations,SRE,PostgreSQL,98,18,12,6,4,6,7,10,0,1,0,3.68,0
EMP-00971,Operations,Tech Lead,MySQL,3,4,1,2,4,29,12,7,1,1,1,59.73,1
EMP-00972,Infrastructure,Developer,MongoDB,54,3,1,1,0,66,14,7,1,0,1,0.0,0
EMP-00973,Engineering,Security Engineer,MySQL,-28,13,9,4,3,99,17,6,1,1,0,90.44,1
EMP-00974,Engineering,Developer,PostgreSQL,126,7,3,3,7,116,19,5,1,0,1,62.15,1
EMP-00975,Compliance,SRE,MySQL,92,9,7,2,1,3,23,9,1,1,1,0.0,0
EMP-00976,Data Science,SRE,PostgreSQL,2,19,15,2,4,4,23,7,0,1,1,0.0,0
EMP-00977,Data Science,Senior DBA,MySQL,1,15,13,1,3,31,35,2,0,1,0,0.0,0
EMP-00978,Compliance,Platform Engineer,MongoDB,150,13,11,2,0,66,47,8,1,0,1,0.0,0
EMP-00979,Data Science,Analyst,Oracle,20,14,11,3,12,45,16,8,1,0,1,52.4,0
EMP-00980,Data Science,Senior DBA,MySQL,114,15,8,5,3,30,33,3,0,1,0,35.88,0
EMP-00981,DevOps,Analyst,MySQL,125,16,11,4,9,68,35,2,1,0,1,49.92,0
EMP-00982,Analytics,Tech Lead,MySQL,-43,1,0,1,1,7,10,9,1,1,0,69.52,1
EMP-00983,Platform,Senior Developer,PostgreSQL,0,15,11,2,2,62,19,8,1,0,0,0.0,0
EMP-00984,Finance,Manager,MySQL,-18,17,11,4,0,26,16,9,1,0,1,28.29,0
EMP-00985,Infrastructure,Tech Lead,MySQL,122,10,9,0,1,14,44,8,0,1,1,0.0,0
EMP-00986,Engineering,Manager,MySQL,41,2,0,2,8,36,17,9,1,0,1,55.75,1
EMP-00987,Compliance,Tech Lead,PostgreSQL,27,1,0,1,3,23,7,6,0,1,1,36.44,0
EMP-00988,Infrastructure,Security Engineer,MySQL,-42,19,13,6,3,78,44,3,1,1,1,100.0,1
EMP-00989,Security,Tech Lead,Oracle,146,15,8,6,2,4,29,6,0,1,0,27.12,0
EMP-00990,Security,Senior DBA,PostgreSQL,21,3,3,0,0,3,18,9,0,1,1,0.0,0
EMP-00991,Security,Analyst,Oracle,0,12,9,1,12,87,38,7,1,0,0,77.27,1
EMP-00992,DevOps,Developer,PostgreSQL,-39,17,14,3,0,101,6,10,0,0,1,23.49,0
EMP-00993,Operations,Senior Developer,MySQL,20,8,5,1,2,13,28,3,1,0,1,0.0,0
EMP-00994,Platform,Security Engineer,MySQL,60,8,3,5,4,89,45,2,1,1,1,74.98,1
EMP-00995,DevOps,DBA,Oracle,2,13,10,3,1,15,27,8,1,1,0,0.0,1
EMP-00996,DevOps,Manager,MySQL,-29,2,1,1,1,42,16,9,1,0,0,60.62,1
EMP-00997,Compliance,Analyst,Oracle,17,1,0,1,0,32,49,7,0,0,1,1.34,0
EMP-00998,Analytics,Analyst,MySQL,4,10,8,0,1,10,44,6,1,0,1,0.0,0
EMP-00999,Compliance,DBA,MySQL,30,19,14,5,0,16,5,7,1,1,1,0.0,0
EMP-01000,Analytics,Platform Engineer,MySQL,34,12,6,6,1,107,39,3,0,0,1,50.1,0
EMP-01001,DevOps,Platform Engineer,MySQL,99,11,10,0,1,63,28,5,1,0,0,0.0,0
EMP-01002,DevOps,Analyst,Oracle,29,8,1,5,8,52,33,3,0,0,1,100.0,1
EMP-01003,Security,Manager,Oracle,168,20,18,2,0,20,2,6,1,0,0,0.0,0
EMP-01004,Platform,Developer,MySQL,101,4,3,0,8,67,5,6,1,0,0,24.77,0
EMP-01005,Operations,Senior DBA,Oracle,12,0,0,0,4,4,37,9,1,1,0,1.25,0
EMP-01006,Engineering,Tech Lead,Oracle,6,15,9,5,2,12,48,4,0,1,0,42.26,0
EMP-01007,Security,Developer,PostgreSQL,87,12,6,6,1,62,50,9,1,0,0,0.0,0
EMP-01008,Security,Tech Lead,Oracle,115,9,5,2,3,27,28,7,1,1,0,0.0,0
EMP-01009,Compliance,Senior DBA,PostgreSQL,-2,12,10,0,4,20,50,2,0,1,0,24.62,0
EMP-01010,Platform,Security Engineer,PostgreSQL,20,17,14,2,3,91,12,10,0,1,0,0.0,0
EMP-01011,Compliance,Senior DBA,MongoDB,4,8,4,3,4,8,46,7,1,1,1,35.7,0
EMP-01012,Platform,Platform Engineer,MySQL,-38,6,4,1,4,106,26,3,1,0,1,100.0,1
EMP-01013,Engineering,DBA,MySQL,25,0,0,0,1,22,29,2,1,1,0,0.0,0
EMP-01014,Operations,Developer,Oracle,178,19,12,5,1,15,35,2,0,0,1,0.0,0
EMP-01015,Operations,Tech Lead,MariaDB,99,19,14,5,3,19,28,7,1,1,1,0.0,0
EMP-01016,Security,DBA,PostgreSQL,8,15,12,2,0,10,21,5,1,1,0,0.0,0
EMP-01017,Finance,Senior Developer,Oracle,-32,13,6,6,3,94,26,6,0,0,0,100.0,1
EMP-01018,DevOps,Security Engineer,MySQL,60,6,2,3,1,15,9,2,0,1,0,33.19,0
EMP-01019,Analytics,Manager,Oracle,-41,17,16,1,7,42,23,2,1,0,0,56.49,1
EMP-01020,Finance,SRE,PostgreSQL,27,16,14,0,4,32,43,7,1,1,0,0.0,0
EMP-01021,Infrastructure,Analyst,Oracle,35,13,8,4,9,75,20,8,1,0,1,55.13,1
EMP-01022,Security,Analyst,MariaDB,118,6,4,1,9,118,49,2,1,0,1,64.88,1
EMP-01023,Operations,Senior Developer,PostgreSQL,-6,1,0,1,6,108,21,8,1,0,1,93.81,1
EMP-01024,Platform,Tech Lead,MySQL,39,10,6,4,8,29,31,8,1,1,0,46.23,0
EMP-01025,Engineering,Security Engineer,MySQL,144,18,16,2,0,29,19,6,1,1,0,0.0,0
EMP-01026,Platform,DBA,MySQL,1,18,16,2,2,10,38,8,1,1,0,0.0,0
EMP-01027,Operations,Senior DBA,MongoDB,18,11,7,3,1,14,20,5,1,1,0,0.0,0
EMP-01028,Compliance,Developer,SQL Server,108,7,6,1,3,117,34,10,1,0,0,0.0,0
EMP-01029,Engineering,Tech Lead,Oracle,134,19,17,0,3,14,32,4,1,1,1,0.0,0
EMP-01030,Finance,Senior DBA,Oracle,54,14,12,1,4,6,13,5,1,1,1,0.0,0
EMP-01031,Security,Tech Lead,PostgreSQL,117,18,15,2,5,1,15,9,0,1,1,0.0,0
EMP-01032,Engineering,Tech Lead,Oracle,117,4,1,1,3,16,13,3,1,1,1,22.81,0
EMP-01033,Security,Senior Developer,MySQL,-44,13,6,6,8,15,43,8,1,0,0,100.0,1
EMP-01034,Analytics,Developer,MySQL,15,13,11,2,2,91,2,9,1,0,1,0.0,0
EMP-01035,Security,SRE,PostgreSQL,33,20,19,1,4,5,39,10,1,1,0,0.0,0
EMP-01036,DevOps,SRE,MariaDB,120,3,2,1,0,2,25,6,1,1,1,0.0,0
EMP-01037,Security,Platform Engineer,PostgreSQL,0,15,12,1,6,111,37,6,1,0,1,7.78,0
EMP-01038,Analytics,Developer,PostgreSQL,80,15,14,1,1,117,33,8,1,0,1,0.0,0
EMP-01039,Infrastructure,Security Engineer,Oracle,39,11,11,0,3,62,12,4,0,1,1,0.0,0
EMP-01040,Finance,Platform Engineer,Oracle,3,3,0,2,0,89,41,3,0,0,0,64.95,1
EMP-01041,Engineering,Platform Engineer,MySQL,160,13,5,6,5,25,7,4,1,0,1,58.65,1
EMP-01042,Platform,SRE,PostgreSQL,36,15,8,6,4,36,21,9,1,1,1,22.56,0
EMP-01043,Platform,Tech Lead,Oracle,59,6,2,2,0,29,6,9,0,1,1,0.0,0
EMP-01044,DevOps,Manager,Oracle,40,20,15,4,5,10,22,2,1,0,1,0.0,0
EMP-01045,Operations,Security Engineer,PostgreSQL,52,8,2,4,0,65,24,8,1,1,0,3.31,0
EMP-01046,Operations,SRE,MySQL,165,2,1,1,1,28,32,10,1,1,0,0.0,0
EMP-01047,DevOps,Developer,PostgreSQL,13,13,7,6,5,17,31,10,0,0,0,39.41,0
EMP-01048,Analytics,Platform Engineer,MySQL,1,19,16,3,8,50,22,8,1,0,0,2.29,0
EMP-01049,Security,Manager,PostgreSQL,83,6,6,0,4,59,16,7,1,0,1,0.0,0
EMP-01050,Operations,Senior DBA,Oracle,39,4,0,2,0,21,37,10,1,1,1,0.0,0
EMP-01051,Compliance,Manager,PostgreSQL,55,7,2,3,2,58,28,2,0,0,0,38.44,0
EMP-01052,DevOps,SRE,Oracle,129,18,15,1,1,5,30,2,0,1,0,0.0,0
EMP-01053,Security,Senior DBA,PostgreSQL,47,17,15,0,4,3,47,9,1,1,1,0.0,0
EMP-01054,Finance,Platform Engineer,PostgreSQL,4,11,7,4,7,10,10,7,1,0,0,43.66,0
EMP-01055,Infrastructure,SRE,Oracle,30,1,0,1,3,18,41,4,0,1,1,51.32,0
EMP-01056,DevOps,Tech Lead,MySQL,109,17,14,3,5,17,4,9,1,1,1,0.0,0
EMP-01057,Operations,SRE,Oracle,43,4,3,1,3,11,45,3,1,1,0,1.27,0
EMP-01058,Compliance,Tech Lead,Oracle,76,13,9,4,5,5,8,10,0,1,0,10.04,0
EMP-01059,Platform,Tech Lead,PostgreSQL,5,0,0,0,1,23,8,8,1,1,0,0.0,0
EMP-01060,Data Science,Analyst,Oracle,-41,7,1,4,9,64,43,5,0,0,1,100.0,1
EMP-01061,DevOps,Manager,MongoDB,40,20,15,4,5,47,12,2,1,0,1,0.0,0
EMP-01062,Operations,Analyst,MongoDB,26,0,0,0,3,11,23,3,1,0,1,9.09,0
EMP-01063,DevOps,Platform Engineer,SQL Server,133,0,0,0,2,64,37,9,1,0,0,0.0,0
EMP-01064,Infrastructure,Manager,Oracle,72,3,2,1,7,82,33,6,1,0,0,40.2,0
EMP-01065,Security,Senior Developer,MariaDB,6,6,3,1,0,75,20,6,1,0,0,0.0,0
EMP-01066,Analytics,Security Engineer,PostgreSQL,-38,10,2,6,1,39,26,5,1,1,0,100.0,1
EMP-01067,DevOps,Security Engineer,MySQL,22,12,8,2,3,98,25,7,1,1,0,0.0,0
EMP-01068,Operations,Developer,MariaDB,23,5,1,2,4,118,48,10,0,0,0,37.44,0
EMP-01069,Data Science,Security Engineer,MongoDB,20,16,11,4,2,26,41,8,0,1,1,0.0,0
EMP-01070,Platform,Developer,SQL Server,-16,2,1,1,1,40,5,3,0,0,0,100.0,0
EMP-01071,Finance,DBA,Oracle,120,16,14,1,4,7,19,4,1,1,0,0.0,0
EMP-01072,Platform,SRE,MariaDB,10,16,11,4,0,19,50,3,1,1,1,0.0,0
EMP-01073,Platform,Senior DBA,PostgreSQL,4,9,6,1,3,20,40,3,1,1,1,11.8,1
EMP-01074,Finance,Platform Engineer,MySQL,-21,1,1,0,1,89,19,8,0,0,1,83.98,1
EMP-01075,Platform,DBA,PostgreSQL,83,10,4,5,1,33,31,9,0,1,1,25.95,0
EMP-01076,Platform,Senior Developer,Oracle,33,16,8,6,3,17,49,3,0,0,1,49.43,0
EMP-01077,Compliance,Developer,MongoDB,7,11,5,4,7,98,6,5,1,0,0,70.01,1
EMP-01078,Platform,Senior Developer,PostgreSQL,-10,19,15,2,1,60,23,5,1,0,1,0.0,0
EMP-01079,Data Science,Analyst,Oracle,-12,5,4,1,8,107,5,2,1,0,0,100.0,1
EMP-01080,Analytics,Developer,MySQL,99,18,14,2,5,43,33,3,1,0,1,0.0,0
EMP-01081,Data Science,Platform Engineer,PostgreSQL,71,5,4,1,8,28,25,10,1,0,1,15.28,0
EMP-01082,Compliance,Developer,Oracle,150,14,8,6,5,111,22,5,1,0,0,50.24,0
EMP-01083,Infrastructure,Developer,Oracle,172,11,10,0,2,40,3,3,0,0,0,0.0,0
EMP-01084,DevOps,Security Engineer,PostgreSQL,122,2,0,2,2,81,22,2,1,1,1,38.77,0
EMP-01085,Engineering,Platform Engineer,Oracle,12,2,0,2,3,23,24,9,1,0,0,10.18,0
EMP-01086,Engineering,Senior Developer,Oracle,62,8,2,4,0,48,25,3,1,0,1,18.97,0
EMP-01087,Infrastructure,Security Engineer,PostgreSQL,-24,15,8,5,4,29,5,8,0,1,0,100.0,1
EMP-01088,Analytics,Platform Engineer,Oracle,86,18,17,0,8,101,50,8,0,0,1,0.0,0
EMP-01089,Compliance,Platform Engineer,Oracle,140,10,10,0,8,58,25,3,1,0,1,0.0,0
EMP-01090,Engineering,SRE,PostgreSQL,-42,8,6,0,4,33,46,10,0,1,1,70.12,1
EMP-01091,Security,Developer,PostgreSQL,29,14,11,2,2,70,11,3,0,0,1,0.0,0
EMP-01092,Operations,Security Engineer,PostgreSQL,117,14,8,6,2,56,15,5,1,1,0,15.83,0
EMP-01093,Data Science,Analyst,Oracle,164,2,1,0,2,49,20,5,0,0,0,1.89,0
EMP-01094,Operations,Analyst,PostgreSQL,63,20,18,0,6,109,36,6,0,0,1,0.0,0
EMP-01095,Data Science,Developer,Oracle,-10,17,16,0,7,117,9,5,1,0,0,21.35,0
EMP-01096,DevOps,Senior DBA,MySQL,147,9,8,0,4,19,14,2,1,1,1,0.0,0
EMP-01097,Operations,Analyst,PostgreSQL,134,18,17,0,8,102,34,10,1,0,1,0.0,0
EMP-01098,Operations,Developer,MySQL,173,13,10,2,6,84,16,3,0,0,1,23.75,0
EMP-01099,Compliance,DBA,MySQL,-13,16,11,3,3,26,46,2,0,1,1,83.79,1
EMP-01100,Operations,DBA,PostgreSQL,124,12,8,2,2,11,19,8,0,1,1,0.0,0
EMP-01101,Infrastructure,Analyst,MySQL,111,20,14,5,10,27,5,4,0,0,0,50.94,0
EMP-01102,Engineering,Developer,PostgreSQL,147,20,12,6,8,28,5,5,1,0,0,32.85,0
EMP-01103,Finance,Senior Developer,PostgreSQL,-41,20,17,1,5,10,47,3,1,0,0,16.11,0
EMP-01104,Analytics,Senior DBA,MySQL,77,4,1,2,3,18,40,7,0,1,0,29.12,0
EMP-01105,Security,SRE,MariaDB,157,6,4,2,2,5,2,9,0,1,1,0.0,0
EMP-01106,DevOps,Senior Developer,MariaDB,20,8,5,2,5,109,22,9,0,0,1,30.77,0
EMP-01107,Analytics,Tech Lead,Oracle,118,19,18,1,2,12,28,6,1,1,0,0.0,0
EMP-01108,Data Science,DBA,Oracle,132,17,16,1,2,20,3,6,0,1,0,0.0,0
EMP-01109,Finance,Manager,Oracle,1,3,1,2,5,14,46,8,1,0,0,56.4,1
EMP-01110,Security,Analyst,MySQL,1,15,8,6,7,99,43,8,1,0,0,81.44,1
EMP-01111,Engineering,Platform Engineer,MySQL,4,11,11,0,3,56,25,8,1,0,0,0.0,0
EMP-01112,Finance,Analyst,MySQL,62,19,14,4,6,74,35,4,0,0,1,16.79,0
EMP-01113,Infrastructure,Senior Developer,MySQL,-25,2,0,0,2,54,44,8,1,0,0,69.88,1
EMP-01114,DevOps,DBA,Oracle,-24,12,7,4,0,32,48,4,1,1,1,90.47,1
EMP-01115,Operations,Security Engineer,SQL Server,42,2,0,2,2,46,27,2,1,1,0,31.19,0
EMP-01116,Finance,Senior Developer,MySQL,166,16,13,3,8,81,7,3,1,0,1,16.31,0
EMP-01117,Infrastructure,Senior Developer,PostgreSQL,103,5,3,1,1,111,40,7,1,0,1,0.0,0
EMP-01118,Platform,Senior DBA,MongoDB,42,2,0,2,2,27,33,6,0,1,1,33.24,0
EMP-01119,Finance,Analyst,SQL Server,-23,17,11,4,8,65,5,7,0,0,1,100.0,1
EMP-01120,Engineering,SRE,PostgreSQL,63,4,1,1,4,25,1,4,1,1,0,19.61,0
EMP-01121,Infrastructure,Manager,Oracle,151,8,3,3,1,64,40,4,0,0,0,22.23,0
EMP-01122,Finance,Platform Engineer,MariaDB,13,3,0,1,4,58,19,6,0,0,0,38.67,0
EMP-01123,Engineering,Senior DBA,MySQL,71,20,18,0,4,10,14,5,0,1,0,0.0,0
EMP-01124,Data Science,Tech Lead,SQL Server,72,13,7,6,8,23,9,5,0,1,1,100.0,1
EMP-01125,DevOps,DBA,PostgreSQL,-39,18,16,0,3,16,22,10,0,1,1,2.22,0
EMP-01126,Finance,Developer,PostgreSQL,46,3,3,0,3,73,19,9,1,0,0,0.0,0
EMP-01127,Security,Senior DBA,PostgreSQL,178,13,12,1,4,22,3,4,1,1,0,0.0,1
EMP-01128,Data Science,Senior DBA,MySQL,-15,10,4,6,1,36,14,4,0,1,0,100.0,1
EMP-01129,Engineering,Analyst,MySQL,16,12,12,0,9,11,19,4,1,0,0,0.0,0
EMP-01130,Data Science,Senior DBA,MySQL,167,13,8,4,4,19,5,7,1,1,1,6.27,0
EMP-01131,Security,Analyst,MongoDB,27,13,9,3,8,55,8,5,1,0,1,30.17,0
EMP-01132,Finance,Developer,PostgreSQL,41,12,8,4,5,72,50,5,1,0,0,15.2,0
EMP-01133,Data Science,Tech Lead,PostgreSQL,27,4,1,3,6,5,15,9,1,1,0,42.02,0
EMP-01134,Finance,Platform Engineer,MySQL,76,14,10,2,4,112,27,8,1,0,0,0.0,0
EMP-01135,Operations,Tech Lead,Oracle,2,17,11,5,5,7,11,6,0,1,0,62.12,1
EMP-01136,Analytics,Platform Engineer,Oracle,-25,20,12,6,6,107,44,2,0,0,1,100.0,1
EMP-01137,Data Science,Tech Lead,MySQL,98,17,15,1,2,30,35,3,0,1,1,0.0,0
EMP-01138,DevOps,Senior DBA,MySQL,38,8,4,2,2,28,10,9,0,1,0,0.0,0
EMP-01139,Compliance,Manager,MySQL,5,8,2,4,1,97,25,7,1,0,1,40.65,0
EMP-01140,Security,DBA,PostgreSQL,130,3,2,0,2,3,3,6,1,1,0,0.0,0
EMP-01141,Infrastructure,Security Engineer,Oracle,-30,1,1,0,2,120,34,7,0,1,0,100.0,1
EMP-01142,Data Science,Manager,MariaDB,129,8,1,5,7,15,13,10,1,0,1,65.84,1
EMP-01143,Compliance,Manager,Oracle,1,10,4,5,0,81,48,3,1,0,1,60.16,1
EMP-01144,Analytics,DBA,MySQL,111,6,2,3,3,12,5,9,0,1,1,32.25,0
EMP-01145,Data Science,Platform Engineer,MySQL,60,5,3,0,3,27,35,2,0,0,0,5.94,0
EMP-01146,Compliance,Senior Developer,PostgreSQL,26,15,9,4,8,29,4,9,0,0,0,36.79,0
EMP-01147,Infrastructure,Analyst,PostgreSQL,7,5,0,3,12,54,34,7,1,0,0,100.0,1
EMP-01148,Analytics,SRE,MariaDB,41,11,4,5,1,4,25,5,0,1,0,30.46,0
EMP-01149,Data Science,Senior Developer,MariaDB,130,5,3,1,2,119,16,7,1,0,0,0.0,0
EMP-01150,Compliance,Tech Lead,Oracle,154,2,0,2,2,11,7,3,1,1,1,31.17,0
EMP-01151,Security,Manager,PostgreSQL,165,0,0,0,1,102,18,5,0,0,0,6.06,0
EMP-01152,Compliance,Senior DBA,SQL Server,22,6,1,3,0,20,25,9,0,1,1,17.24,0
EMP-01153,Infrastructure,Developer,Oracle,38,16,14,1,3,57,43,4,1,0,1,0.0,0
EMP-01154,Analytics,Senior Developer,PostgreSQL,18,9,3,4,8,26,44,7,1,0,0,60.13,1
EMP-01155,Operations,Senior Developer,PostgreSQL,112,8,4,3,8,41,8,7,0,0,0,59.36,1
EMP-01156,DevOps,Senior Developer,Oracle,3,5,1,2,4,120,5,4,1,0,1,86.82,1
EMP-01157,Operations,Analyst,Oracle,38,20,13,5,0,9,17,10,0,0,0,0.0,0
EMP-01158,Compliance,Security Engineer,PostgreSQL,86,14,9,5,3,102,7,9,0,1,1,24.11,0
EMP-01159,Infrastructure,Security Engineer,Oracle,72,6,3,2,1,38,13,8,0,1,1,5.22,0
EMP-01160,Data Science,Senior Developer,MySQL,1,13,8,3,5,86,14,6,1,0,1,41.54,0
EMP-01161,Engineering,Analyst,Oracle,113,17,13,3,8,87,37,5,0,0,0,25.52,0
EMP-01162,Data Science,Security Engineer,MongoDB,99,10,5,5,2,10,33,6,0,1,0,28.31,0
EMP-01163,Platform,Developer,PostgreSQL,-33,15,13,1,4,72,33,2,1,0,0,42.27,0
EMP-01164,Operations,Senior Developer,PostgreSQL,139,12,11,0,3,25,12,8,1,0,1,0.0,0
EMP-01165,Compliance,Manager,Oracle,0,7,4,2,1,26,18,2,0,0,1,48.06,0
EMP-01166,Analytics,Tech Lead,PostgreSQL,-29,9,4,5,5,28,34,7,0,1,1,100.0,1
EMP-01167,Finance,Security Engineer,SQL Server,100,18,16,0,3,105,8,2,1,1,1,0.0,0
EMP-01168,Engineering,DBA,Oracle,109,6,3,3,2,19,12,7,1,1,0,1.46,0
EMP-01169,Infrastructure,SRE,MySQL,59,16,11,3,1,21,14,7,0,1,0,0.0,0
EMP-01170,Operations,Developer,PostgreSQL,-16,19,17,2,3,104,26,10,1,0,1,3.01,0
EMP-01171,Compliance,DBA,PostgreSQL,127,1,1,0,2,7,8,6,1,1,0,0.0,0
EMP-01172,Platform,Security Engineer,Oracle,42,2,0,2,0,117,10,2,1,1,1,32.27,0
EMP-01173,Analytics,Analyst,Oracle,-34,7,4,3,10,65,36,3,1,0,0,100.0,1
EMP-01174,DevOps,Developer,Oracle,0,20,19,1,5,97,41,5,0,0,1,0.0,0
EMP-01175,Platform,Developer,MariaDB,-32,8,5,1,5,64,5,8,1,0,1,83.63,1
EMP-01176,Engineering,Platform Engineer,MySQL,7,19,15,3,6,65,35,4,1,0,0,0.0,0
EMP-01177,Analytics,DBA,PostgreSQL,15,5,3,1,3,6,23,9,1,1,0,0.0,0
EMP-01178,Data Science,Analyst,MySQL,123,14,11,3,0,18,29,9,1,0,1,0.0,0
EMP-01179,Platform,Senior Developer,MySQL,14,18,16,1,4,58,27,2,1,0,0,0.0,0
EMP-01180,DevOps,Senior Developer,Oracle,12,20,17,3,8,115,1,8,0,0,1,4.34,0
EMP-01181,Analytics,Developer,MariaDB,26,2,0,2,2,82,44,3,1,0,1,32.79,0
EMP-01182,Data Science,Senior Developer,Oracle,-17,18,11,5,5,22,25,4,1,0,0,100.0,1
EMP-01183,Compliance,Senior DBA,PostgreSQL,2,20,14,4,1,12,13,3,1,1,1,0.0,0
EMP-01184,Operations,Developer,MySQL,179,7,5,0,2,63,30,2,1,0,1,0.0,0
EMP-01185,Platform,DBA,MySQL,21,20,13,5,3,26,4,7,1,1,0,0.0,0
EMP-01186,Data Science,Senior Developer,Oracle,48,6,2,3,8,90,8,9,0,0,1,92.72,1
EMP-01187,Data Science,Tech Lead,PostgreSQL,-10,18,12,6,4,25,28,8,1,1,0,62.36,1
EMP-01188,Platform,Manager,MongoDB,-39,1,0,1,3,24,1,7,0,0,1,100.0,1
EMP-01189,Platform,SRE,PostgreSQL,31,9,5,3,0,34,31,8,1,1,0,0.0,0
EMP-01190,Compliance,Security Engineer,MySQL,128,0,0,0,3,62,13,5,1,1,0,8.54,0
EMP-01191,Platform,Senior Developer,Oracle,18,15,12,3,1,29,19,3,1,0,1,0.0,0
EMP-01192,Compliance,DBA,MySQL,78,3,0,2,2,9,27,6,1,1,1,16.31,0
EMP-01193,Security,Analyst,MongoDB,91,13,8,3,2,55,30,3,1,0,0,0.0,0
EMP-01194,Operations,DBA,MySQL,3,1,0,0,3,6,32,9,1,1,1,24.38,0
EMP-01195,Analytics,Security Engineer,PostgreSQL,52,18,16,2,2,25,35,8,1,1,1,0.0,0
EMP-01196,Engineering,Analyst,MySQL,116,18,10,6,2,79,6,3,0,0,1,31.02,0
EMP-01197,Operations,Manager,Oracle,-12,13,13,0,2,74,45,8,1,0,0,0.0,0
EMP-01198,Engineering,Tech Lead,PostgreSQL,41,0,0,0,0,28,41,5,1,1,0,0.0,0
EMP-01199,Compliance,Platform Engineer,MySQL,0,4,0,3,4,55,11,2,1,0,0,84.02,1
EMP-01200,Operations,Senior Developer,MongoDB,115,12,5,6,2,8,14,7,0,0,1,33.0,0
EMP-01201,Finance,SRE,SQL Server,7,7,3,2,3,13,25,2,1,1,1,46.09,0
EMP-01202,Infrastructure,Developer,MariaDB,27,12,7,4,3,43,23,5,1,0,1,9.58,0
EMP-01203,Data Science,SRE,MySQL,96,17,16,0,4,14,30,9,0,1,0,0.0,0
EMP-01204,DevOps,Senior DBA,MySQL,121,6,4,0,4,7,49,4,1,1,0,0.0,0
EMP-01205,Engineering,SRE,MySQL,67,14,10,3,2,29,46,7,1,1,0,0.0,0
EMP-01206,Finance,Tech Lead,MariaDB,14,17,16,0,1,8,3,5,1,1,1,0.0,0
EMP-01207,Engineering,Senior Developer,SQL Server,-29,18,12,6,3,95,20,7,0,0,0,100.0,1
EMP-01208,Data Science,Tech Lead,Oracle,164,17,17,0,8,36,33,2,1,1,1,0.0,0
EMP-01209,Compliance,Manager,PostgreSQL,-15,8,2,4,5,13,42,4,1,0,1,100.0,1
EMP-01210,Data Science,Senior DBA,Oracle,87,4,3,0,3,15,41,4,0,1,0,5.97,0
EMP-01211,Security,SRE,MySQL,69,17,10,5,1,1,5,6,1,1,0,0.0,0
EMP-01212,Finance,Manager,MySQL,180,2,0,2,4,42,11,7,1,0,0,21.62,0
EMP-01213,Security,Analyst,PostgreSQL,67,11,8,3,6,65,12,5,1,0,0,12.33,0
EMP-01214,Platform,Tech Lead,MySQL,85,11,10,0,2,33,15,7,0,1,1,0.0,0
EMP-01215,Finance,Platform Engineer,Oracle,153,10,6,2,4,90,40,5,1,0,0,0.0,0
EMP-01216,Security,Platform Engineer,Oracle,7,1,0,0,2,12,6,8,1,0,1,2.01,0
EMP-01217,Platform,SRE,PostgreSQL,11,6,4,1,0,20,22,3,1,1,0,0.0,0
EMP-01218,Operations,Tech Lead,MySQL,140,18,16,0,7,10,42,5,0,1,0,0.0,0
EMP-01219,Operations,Senior Developer,PostgreSQL,17,7,4,2,3,17,38,4,0,0,1,22.31,0
EMP-01220,Finance,DBA,MySQL,6,9,8,1,4,16,31,2,0,1,0,24.33,0
EMP-01221,Infrastructure,Senior Developer,MySQL,129,16,14,1,8,94,27,6,1,0,1,0.0,0
EMP-01222,Engineering,Developer,PostgreSQL,173,9,3,4,8,25,43,6,0,0,1,82.31,1
EMP-01223,Platform,SRE,Oracle,-13,0,0,0,1,18,21,6,1,1,0,68.57,1
EMP-01224,DevOps,Developer,MySQL,137,0,0,0,0,78,2,3,1,0,0,0.0,0
EMP-01225,Data Science,Security Engineer,Oracle,2,15,9,4,3,37,14,7,0,1,1,50.48,0
EMP-01226,Platform,DBA,Oracle,173,16,15,1,1,12,43,6,0,1,0,0.0,0
EMP-01227,DevOps,SRE,Oracle,-4,9,7,1,1,14,8,6,1,1,1,8.1,0
EMP-01228,Finance,Security Engineer,PostgreSQL,32,14,13,0,0,80,35,7,1,1,1,0.0,0
EMP-01229,Infrastructure,Manager,MySQL,179,16,16,0,2,43,19,9,0,0,0,0.0,0
EMP-01230,Engineering,Analyst,PostgreSQL,101,7,3,3,6,35,30,6,0,0,0,50.45,0
EMP-01231,Compliance,Manager,SQL Server,141,18,10,6,7,105,8,7,1,0,0,43.9,0
EMP-01232,DevOps,Tech Lead,MySQL,-43,17,12,4,4,5,20,9,0,1,1,81.23,1
EMP-01233,DevOps,DBA,PostgreSQL,81,19,15,2,4,33,14,8,1,1,1,0.0,0
EMP-01234,Engineering,Developer,PostgreSQL,13,15,11,3,3,109,42,6,0,0,1,0.0,0
EMP-01235,Analytics,Platform Engineer,MySQL,6,1,0,1,2,80,1,7,0,0,1,44.17,0
EMP-01236,Platform,SRE,PostgreSQL,172,17,16,0,3,36,1,6,1,1,1,0.0,0
EMP-01237,Finance,Platform Engineer,PostgreSQL,136,4,2,0,3,68,4,2,1,0,0,0.0,0
EMP-01238,Analytics,Developer,PostgreSQL,157,3,2,1,4,105,39,5,1,0,0,14.07,0
EMP-01239,Infrastructure,Security Engineer,MySQL,62,9,4,4,3,117,49,7,0,1,1,53.56,0
EMP-01240,Finance,Senior Developer,PostgreSQL,10,6,2,3,1,105,32,9,1,0,1,9.32,0
EMP-01241,Finance,Manager,PostgreSQL,38,5,2,2,8,100,9,10,1,0,0,41.4,0
EMP-01242,Security,Manager,SQL Server,35,8,3,3,2,116,28,6,1,0,1,17.76,0
EMP-01243,Platform,Senior DBA,PostgreSQL,147,18,11,6,0,3,5,9,1,1,1,0.0,0
EMP-01244,Operations,Manager,Oracle,31,18,13,5,1,25,36,4,0,0,1,0.0,1
EMP-01245,Infrastructure,SRE,MariaDB,5,0,0,0,3,24,43,10,0,1,0,24.99,0
EMP-01246,DevOps,Senior Developer,MySQL,-34,9,7,1,2,85,22,9,0,0,0,57.9,1
EMP-01247,Compliance,Tech Lead,SQL Server,78,5,2,1,1,13,39,8,0,1,0,0.0,0
EMP-01248,Finance,Platform Engineer,MariaDB,-33,11,10,1,4,39,13,6,0,0,0,60.45,1
EMP-01249,Platform,Senior Developer,MySQL,89,14,6,6,8,13,29,10,1,0,1,56.9,1
EMP-01250,Operations,Senior Developer,PostgreSQL,175,1,1,0,5,73,35,10,0,0,0,13.91,0
EMP-01251,Infrastructure,Security Engineer,MySQL,3,14,7,6,0,119,24,3,1,1,0,52.85,0
EMP-01252,Platform,Analyst,Oracle,98,17,14,2,4,34,28,5,0,0,0,0.0,0
EMP-01253,Analytics,DBA,MySQL,49,9,3,5,2,19,3,3,0,1,1,61.27,1
EMP-01254,Data Science,DBA,Oracle,63,1,0,0,3,11,17,9,0,1,1,12.77,0
EMP-01255,Infrastructure,Platform Engineer,Oracle,32,8,5,2,5,69,12,7,1,0,0,5.25,0
EMP-01256,Analytics,Platform Engineer,PostgreSQL,110,6,5,1,0,60,19,9,1,0,1,0.0,0
EMP-01257,Security,Security Engineer,MySQL,5,4,3,0,0,89,24,8,1,1,1,0.0,0
EMP-01258,Data Science,SRE,PostgreSQL,-26,7,4,2,1,10,14,6,1,1,0,64.09,1
EMP-01259,Engineering,Analyst,Oracle,90,13,5,6,9,40,49,7,0,0,1,100.0,1
EMP-01260,Finance,DBA,PostgreSQL,126,14,7,5,3,29,4,9,1,1,0,2.59,0
EMP-01261,Platform,Analyst,PostgreSQL,57,11,9,0,12,57,50,5,1,0,1,31.17,0
EMP-01262,Data Science,Security Engineer,PostgreSQL,123,18,17,0,4,104,30,7,1,1,1,0.0,0
EMP-01263,DevOps,Platform Engineer,PostgreSQL,24,16,12,2,7,13,40,4,1,0,1,0.0,0
EMP-01264,Platform,SRE,PostgreSQL,71,16,12,2,0,9,7,7,0,1,0,0.0,0
EMP-01265,Infrastructure,Security Engineer,Oracle,171,6,3,3,0,36,39,8,0,1,1,7.19,0
EMP-01266,Platform,Manager,SQL Server,83,3,1,2,7,39,25,8,1,0,1,46.92,0
EMP-01267,Compliance,Tech Lead,MySQL,42,11,6,4,7,20,34,7,1,1,0,39.42,0
EMP-01268,Security,Manager,SQL Server,59,17,14,1,0,70,25,10,1,0,0,0.0,0
EMP-01269,DevOps,Security Engineer,PostgreSQL,-23,11,4,6,3,82,47,5,1,1,1,100.0,1
EMP-01270,Infrastructure,Senior DBA,PostgreSQL,137,10,3,6,4,23,42,4,0,1,1,82.99,1
EMP-01271,Security,Platform Engineer,MySQL,161,8,6,0,5,79,18,4,1,0,0,0.0,0
EMP-01272,Finance,Developer,PostgreSQL,177,13,10,1,5,89,31,4,1,0,0,0.0,0
EMP-01273,Engineering,Senior DBA,PostgreSQL,152,18,16,1,4,36,6,3,1,1,1,0.0,0
EMP-01274,Infrastructure,Analyst,MySQL,7,14,8,6,5,9,48,2,1,0,1,67.31,1
EMP-01275,Compliance,Security Engineer,MySQL,-30,7,4,3,4,77,11,8,1,1,1,100.0,1
EMP-01276,DevOps,DBA,PostgreSQL,142,20,14,4,3,7,50,10,0,1,0,0.0,1
EMP-01277,Platform,Platform Engineer,Oracle,-17,0,0,0,7,26,44,4,1,0,1,100.0,1
EMP-01278,Engineering,Senior Developer,MongoDB,-24,9,7,1,0,28,11,10,0,0,0,25.28,0
EMP-01279,Data Science,Platform Engineer,PostgreSQL,20,1,0,0,0,87,45,4,0,0,0,2.55,0
EMP-01280,Data Science,DBA,PostgreSQL,3,1,0,0,1,9,16,9,1,1,0,0.77,0
EMP-01281,Infrastructure,SRE,Oracle,89,4,0,2,4,19,34,3,1,1,1,53.21,0
EMP-01282,Engineering,Security Engineer,Oracle,30,1,0,1,2,28,44,6,1,1,0,7.0,0
EMP-01283,Data Science,Manager,Oracle,41,7,6,1,7,12,30,7,1,0,1,3.74,0
EMP-01284,Infrastructure,SRE,SQL Server,152,16,10,5,3,10,29,3,1,1,1,9.41,0
EMP-01285,Data Science,SRE,MySQL,55,15,13,1,0,26,9,8,0,1,1,0.0,0
EMP-01286,Platform,Developer,Oracle,12,13,13,0,8,34,23,3,0,0,1,0.53,0
EMP-01287,Finance,SRE,PostgreSQL,82,11,9,2,0,28,33,9,0,1,0,0.0,0
EMP-01288,Finance,Senior DBA,MySQL,6,11,6,4,2,33,34,10,0,1,0,25.81,0
EMP-01289,Operations,Analyst,PostgreSQL,171,15,13,1,3,14,13,2,1,0,1,0.0,0
EMP-01290,Analytics,Manager,Oracle,146,9,8,0,2,18,38,3,1,0,1,0.0,0
EMP-01291,Infrastructure,Senior DBA,PostgreSQL,153,2,0,1,4,31,3,10,1,1,1,11.89,0
EMP-01292,Data Science,DBA,Oracle,49,8,4,2,3,20,20,6,1,1,0,0.0,0
EMP-01293,Infrastructure,Security Engineer,Oracle,134,11,7,3,3,23,36,2,1,1,0,5.01,0
EMP-01294,Platform,Developer,PostgreSQL,4,13,11,2,7,67,38,10,0,0,0,14.98,0
EMP-01295,DevOps,DBA,MySQL,0,19,17,1,4,8,6,6,1,1,0,0.0,0
EMP-01296,Operations,Analyst,Oracle,-18,1,0,1,7,52,23,5,1,0,1,100.0,1
EMP-01297,Analytics,Analyst,MongoDB,122,2,0,1,1,120,21,3,0,0,0,24.3,1
EMP-01298,Compliance,Tech Lead,Oracle,-1,10,6,3,6,31,25,10,0,1,1,89.15,1
EMP-01299,DevOps,DBA,MySQL,4,18,12,4,0,16,13,2,0,1,0,0.0,0
EMP-01300,Operations,Senior DBA,PostgreSQL,-30,0,0,0,2,16,15,9,1,1,1,71.09,1
EMP-01301,DevOps,Senior Developer,SQL Server,14,5,1,2,3,99,21,4,1,0,0,30.91,0
EMP-01302,Infrastructure,Senior DBA,MongoDB,-32,16,11,4,2,29,4,3,1,1,1,68.16,1
EMP-01303,DevOps,DBA,MySQL,0,16,13,3,2,28,23,4,1,1,1,0.0,0
EMP-01304,Operations,Senior DBA,PostgreSQL,75,9,5,3,4,2,31,5,1,1,1,16.9,0
EMP-01305,Operations,Manager,Oracle,175,0,0,0,0,86,26,2,1,0,1,0.0,0
EMP-01306,Security,Security Engineer,Oracle,-9,0,0,0,1,89,11,10,0,1,0,71.28,1
EMP-01307,Security,Manager,Oracle,-13,5,2,3,1,28,31,2,0,0,1,100.0,1
EMP-01308,Security,Platform Engineer,PostgreSQL,18,15,8,6,3,20,24,6,1,0,1,17.97,0
EMP-01309,Data Science,Tech Lead,PostgreSQL,45,10,8,1,6,34,34,9,0,1,1,4.24,0
EMP-01310,Data Science,Platform Engineer,PostgreSQL,10,14,7,5,0,50,36,9,1,0,1,0.0,0
EMP-01311,DevOps,DBA,MySQL,27,17,13,4,4,5,41,8,1,1,0,0.0,0
EMP-01312,Analytics,Senior Developer,Oracle,129,5,2,3,4,25,40,3,1,0,0,36.97,0
EMP-01313,Engineering,Senior Developer,PostgreSQL,-28,16,15,0,3,17,33,6,1,0,1,0.0,0
EMP-01314,Finance,Senior DBA,MySQL,28,10,7,2,4,26,41,2,1,1,1,12.79,0
EMP-01315,Infrastructure,Platform Engineer,PostgreSQL,6,11,10,0,6,15,8,5,1,0,0,0.0,0
EMP-01316,Finance,Security Engineer,Oracle,49,7,2,3,4,103,8,7,1,1,0,43.15,0
EMP-01317,Compliance,Platform Engineer,PostgreSQL,60,20,16,4,4,53,33,9,1,0,0,0.0,0
EMP-01318,Data Science,Senior Developer,MySQL,179,10,7,1,0,75,28,4,0,0,1,0.0,0
EMP-01319,Analytics,DBA,Oracle,7,18,15,1,0,28,4,6,0,1,1,0.0,0
EMP-01320,Compliance,SRE,PostgreSQL,85,12,10,2,2,12,45,3,0,1,1,0.0,0
EMP-01321,Engineering,Platform Engineer,Oracle,35,18,16,2,7,19,28,2,0,0,1,0.0,0
EMP-01322,Security,Manager,MariaDB,16,10,6,3,7,59,11,2,0,0,0,64.29,1
EMP-01323,DevOps,Manager,Oracle,30,15,8,5,7,13,4,10,1,0,1,33.23,0
EMP-01324,Data Science,Security Engineer,PostgreSQL,11,7,2,4,2,86,35,3,0,1,0,63.69,1
EMP-01325,Finance,Developer,Oracle,2,20,17,2,5,103,17,8,0,0,0,0.0,0
EMP-01326,Operations,Analyst,Oracle,119,4,1,1,1,114,9,3,1,0,0,2.44,0
EMP-01327,Security,Security Engineer,PostgreSQL,93,3,0,1,4,61,12,7,1,1,1,26.03,0
EMP-01328,Compliance,Developer,MySQL,4,14,6,6,5,74,17,6,1,0,0,68.79,1
EMP-01329,Engineering,Senior Developer,MySQL,154,18,16,0,7,61,9,9,1,0,1,0.0,0
EMP-01330,Infrastructure,Platform Engineer,PostgreSQL,6,20,13,6,3,82,11,8,1,0,1,8.51,0
EMP-01331,Platform,Security Engineer,PostgreSQL,26,19,13,5,0,107,34,7,1,1,1,0.0,0
EMP-01332,Finance,Security Engineer,Oracle,41,3,1,0,2,40,19,9,1,1,0,0.0,0
EMP-01333,Platform,Platform Engineer,PostgreSQL,53,1,1,0,0,49,32,8,1,0,0,0.0,0
EMP-01334,DevOps,Tech Lead,MariaDB,9,5,2,2,1,2,23,7,0,1,1,17.44,0
EMP-01335,Finance,SRE,PostgreSQL,-26,10,6,3,0,15,10,8,0,1,0,65.73,1
EMP-01336,Infrastructure,Tech Lead,SQL Server,84,20,17,1,0,36,48,2,1,1,0,0.0,0
EMP-01337,Infrastructure,Developer,Oracle,21,0,0,0,5,97,8,6,1,0,1,34.67,0
EMP-01338,Operations,Senior DBA,PostgreSQL,-22,16,11,4,4,17,33,2,1,1,1,90.71,1
EMP-01339,Operations,Senior Developer,SQL Server,11,9,3,5,6,111,28,3,1,0,0,89.97,1
EMP-01340,Analytics,Senior Developer,Oracle,54,12,10,0,5,25,5,5,1,0,0,0.0,0
EMP-01341,Analytics,Tech Lead,PostgreSQL,19,18,16,0,1,19,2,8,0,1,0,0.0,0
EMP-01342,Compliance,Senior DBA,MySQL,-9,6,4,2,4,24,9,7,0,1,0,88.0,1
EMP-01343,Finance,Senior DBA,SQL Server,-6,18,11,6,3,18,12,10,0,1,0,63.66,1
EMP-01344,Engineering,Senior DBA,MySQL,-26,9,9,0,0,6,42,5,0,1,0,27.38,0
EMP-01345,Security,Analyst,PostgreSQL,84,4,2,2,10,112,48,5,1,0,0,76.79,1
EMP-01346,Data Science,Platform Engineer,MariaDB,69,1,1,0,1,106,36,3,0,0,0,7.8,0
EMP-01347,Data Science,Security Engineer,PostgreSQL,130,11,9,2,4,63,46,5,1,1,1,0.0,0
EMP-01348,Data Science,Security Engineer,MySQL,34,19,16,1,3,101,32,8,0,1,0,0.0,0
EMP-01349,Security,Security Engineer,MySQL,-27,15,11,2,4,74,38,8,1,1,0,54.79,0
EMP-01350,Data Science,Tech Lead,MySQL,25,0,0,0,2,14,49,5,1,1,0,0.0,0
EMP-01351,Data Science,DBA,PostgreSQL,8,8,4,2,1,34,9,9,1,1,0,0.0,0
EMP-01352,Security,Platform Engineer,MongoDB,-13,1,0,1,7,15,26,9,1,0,0,95.12,1
EMP-01353,Analytics,Manager,Oracle,-31,10,6,4,3,13,24,5,1,0,1,100.0,1
EMP-01354,Finance,Manager,MySQL,-38,18,15,3,8,79,30,8,0,0,1,94.52,1
EMP-01355,Security,Tech Lead,MySQL,46,1,1,0,5,5,46,2,1,1,1,28.73,0
EMP-01356,Infrastructure,Platform Engineer,Oracle,30,12,9,1,6,88,10,3,1,0,1,6.13,0
EMP-01357,Infrastructure,Senior DBA,SQL Server,149,14,11,1,2,21,43,10,1,1,0,0.0,0
EMP-01358,Data Science,Analyst,MySQL,-20,20,15,4,7,70,21,8,1,0,0,71.21,1
EMP-01359,Compliance,Platform Engineer,MySQL,9,19,18,0,1,113,37,3,1,0,0,0.0,0
EMP-01360,Compliance,Analyst,PostgreSQL,-26,16,10,6,2,43,5,8,1,0,1,76.26,1
EMP-01361,Infrastructure,Platform Engineer,Oracle,154,5,0,3,0,35,23,9,0,0,1,14.49,0
EMP-01362,Finance,DBA,MongoDB,70,13,8,4,0,22,40,2,0,1,0,0.19,0
EMP-01363,Analytics,Manager,MariaDB,103,4,4,0,8,106,40,10,1,0,0,10.25,0
EMP-01364,Platform,SRE,Oracle,29,12,5,6,0,35,6,2,1,1,1,39.22,0
EMP-01365,Operations,Security Engineer,SQL Server,42,0,0,0,1,65,17,9,1,1,1,0.0,0
EMP-01366,Infrastructure,Platform Engineer,PostgreSQL,125,19,12,5,8,83,39,9,0,0,1,39.52,0
EMP-01367,DevOps,Analyst,PostgreSQL,25,4,3,0,9,58,13,8,1,0,0,27.99,0
EMP-01368,DevOps,Senior DBA,Oracle,175,19,15,2,1,4,38,6,1,1,1,0.0,0
EMP-01369,Infrastructure,Analyst,Oracle,-8,15,15,0,6,28,49,2,1,0,0,8.15,1
EMP-01370,Finance,Tech Lead,PostgreSQL,158,4,2,2,3,34,13,3,1,1,0,20.39,0
EMP-01371,Engineering,Analyst,MySQL,96,9,6,1,12,51,16,3,0,0,1,85.94,1
EMP-01372,Finance,Developer,Oracle,73,11,6,3,7,33,27,2,0,0,1,73.38,1
EMP-01373,Infrastructure,SRE,MongoDB,-37,17,11,5,0,9,36,3,1,1,1,59.23,1
EMP-01374,Finance,Platform Engineer,MySQL,16,1,1,0,6,25,3,9,1,0,0,6.15,0
EMP-01375,DevOps,SRE,MySQL,-10,3,3,0,0,24,2,2,1,1,0,38.5,0
EMP-01376,Security,Tech Lead,MySQL,89,12,7,3,3,36,46,9,0,1,0,0.0,0
EMP-01377,Finance,Senior Developer,MySQL,120,4,1,2,3,43,17,2,0,0,1,48.27,0
EMP-01378,DevOps,Developer,MySQL,5,0,0,0,1,68,4,9,1,0,0,0.0,0
EMP-01379,DevOps,Senior DBA,MySQL,13,3,0,2,0,16,10,9,1,1,0,0.0,0
EMP-01380,Platform,Platform Engineer,PostgreSQL,21,2,1,0,5,113,46,10,1,0,1,11.86,0
EMP-01381,Security,Tech Lead,PostgreSQL,49,5,2,1,0,12,45,9,1,1,0,0.0,0
EMP-01382,Security,DBA,PostgreSQL,159,0,0,0,4,35,11,7,0,1,0,23.37,0
EMP-01383,Data Science,Platform Engineer,Oracle,121,7,6,0,8,65,24,7,0,0,1,31.03,0
EMP-01384,DevOps,Tech Lead,MySQL,68,15,13,1,0,27,9,2,0,1,0,0.0,0
EMP-01385,Finance,Senior Developer,MySQL,6,18,17,0,1,89,7,6,1,0,1,0.0,0
EMP-01386,Operations,Tech Lead,PostgreSQL,70,20,16,3,2,20,36,9,1,1,0,0.0,0
EMP-01387,DevOps,Platform Engineer,Oracle,151,4,0,2,8,81,10,5,1,0,1,87.76,1
EMP-01388,DevOps,SRE,Oracle,12,11,8,3,3,35,36,9,1,1,1,0.0,0
EMP-01389,Analytics,Manager,PostgreSQL,145,16,11,4,1,119,17,10,1,0,1,0.0,0
EMP-01390,DevOps,Platform Engineer,PostgreSQL,93,1,0,1,1,101,4,5,0,0,1,22.07,0
EMP-01391,Security,Senior Developer,MongoDB,-20,8,2,5,3,80,15,9,0,0,0,100.0,1
EMP-01392,Analytics,Platform Engineer,PostgreSQL,22,0,0,0,8,65,13,7,1,0,1,46.53,0
EMP-01393,Infrastructure,DBA,PostgreSQL,29,8,2,5,1,19,1,5,1,1,0,29.71,0
EMP-01394,Compliance,SRE,Oracle,71,9,7,1,1,11,17,7,1,1,1,0.0,0
EMP-01395,Platform,Senior DBA,PostgreSQL,150,6,4,2,4,5,2,8,1,1,1,2.59,0
EMP-01396,Analytics,Platform Engineer,MongoDB,15,17,13,4,4,70,10,8,1,0,0,0.0,0
EMP-01397,Infrastructure,Tech Lead,PostgreSQL,180,15,9,5,5,6,3,4,0,1,0,38.83,0
EMP-01398,DevOps,Senior Developer,MySQL,15,9,8,1,3,89,7,7,1,0,1,0.0,0
EMP-01399,Finance,DBA,Oracle,36,19,11,6,4,16,18,10,1,1,1,0.0,0
EMP-01400,Engineering,Tech Lead,MySQL,-27,13,8,5,4,32,46,10,0,1,0,100.0,1
EMP-01401,Operations,Platform Engineer,MariaDB,27,4,0,3,6,56,32,9,1,0,1,54.55,0
EMP-01402,Engineering,Developer,PostgreSQL,15,11,8,3,2,33,18,5,1,0,0,0.0,0
EMP-01403,DevOps,Senior Developer,PostgreSQL,23,4,1,2,6,16,23,6,1,0,0,35.47,0
EMP-01404,Platform,Developer,Oracle,-34,6,3,2,4,57,13,2,1,0,1,100.0,1
EMP-01405,Data Science,DBA,MariaDB,-35,20,14,4,4,28,29,3,0,1,1,91.71,1
EMP-01406,Platform,Senior Developer,MySQL,22,4,0,2,3,44,49,5,1,0,1,29.92,0
EMP-01407,Finance,Developer,Oracle,-1,14,7,5,7,71,14,3,1,0,1,100.0,1
EMP-01408,Infrastructure,Tech Lead,MySQL,-37,20,17,2,3,11,33,10,0,1,0,11.6,0
EMP-01409,DevOps,Security Engineer,MySQL,95,19,17,0,1,101,22,2,0,1,0,0.0,1
EMP-01410,Platform,Developer,PostgreSQL,20,13,12,0,7,36,24,3,0,0,0,0.0,0
EMP-01411,Infrastructure,Manager,Oracle,131,3,0,2,8,79,38,5,1,0,0,80.52,1
EMP-01412,DevOps,Manager,MongoDB,11,11,7,3,5,103,19,7,0,0,1,35.57,0
EMP-01413,DevOps,SRE,MongoDB,136,3,1,1,2,33,23,8,1,1,1,0.0,0
EMP-01414,Infrastructure,DBA,Oracle,65,7,2,3,3,24,41,7,1,1,1,26.45,0
EMP-01415,Platform,DBA,PostgreSQL,26,13,10,1,2,24,46,3,1,1,1,0.0,0
EMP-01416,Data Science,Tech Lead,Oracle,-19,12,10,2,5,29,3,10,0,1,1,92.26,1
EMP-01417,Engineering,Senior Developer,PostgreSQL,125,6,4,2,2,40,46,8,1,0,1,0.0,0
EMP-01418,Platform,SRE,PostgreSQL,40,3,3,0,3,35,31,8,0,1,1,0.1,0
EMP-01419,Engineering,Senior DBA,Oracle,31,7,3,4,1,17,47,7,0,1,1,31.03,0
EMP-01420,Engineering,Analyst,PostgreSQL,41,19,13,5,6,33,48,6,0,0,1,19.77,0
EMP-01421,Analytics,Tech Lead,Oracle,-28,8,5,3,2,2,44,8,0,1,0,100.0,1
EMP-01422,Security,Security Engineer,MariaDB,24,6,3,3,0,80,18,5,1,1,0,3.1,0
EMP-01423,Platform,Platform Engineer,Oracle,-8,13,9,3,0,16,42,8,1,0,1,6.13,0
EMP-01424,DevOps,SRE,MySQL,1,5,4,1,3,33,15,10,1,1,0,5.81,0
EMP-01425,Finance,Tech Lead,Oracle,6,15,12,1,2,6,29,9,1,1,0,0.0,0
EMP-01426,Engineering,Security Engineer,PostgreSQL,111,12,5,5,1,79,23,7,1,1,1,16.17,0
EMP-01427,Analytics,Security Engineer,MySQL,-34,8,8,0,1,100,15,5,1,1,1,44.08,0
EMP-01428,Operations,Security Engineer,Oracle,151,17,11,6,1,102,16,3,1,1,0,3.88,0
EMP-01429,Analytics,Manager,Oracle,8,1,0,1,1,36,43,2,0,0,1,39.39,0
EMP-01430,Infrastructure,DBA,Oracle,23,19,15,2,3,35,3,2,1,1,0,0.0,0
EMP-01431,Operations,Security Engineer,SQL Server,121,3,3,0,4,51,33,2,1,1,1,15.16,0
EMP-01432,Security,Platform Engineer,MySQL,26,16,14,2,8,13,26,9,0,0,1,0.0,0
EMP-01433,Security,Analyst,PostgreSQL,61,8,4,2,11,25,21,5,1,0,1,67.59,1
EMP-01434,Operations,Platform Engineer,Oracle,167,19,17,1,4,101,10,7,1,0,1,0.0,0
EMP-01435,Operations,Analyst,Oracle,112,19,16,2,4,101,1,9,1,0,0,0.0,0
EMP-01436,Infrastructure,Security Engineer,PostgreSQL,164,2,0,0,2,78,22,8,1,1,0,0.0,0
EMP-01437,Data Science,Developer,SQL Server,25,12,8,4,5,29,2,8,0,0,0,22.29,0
EMP-01438,Engineering,SRE,MySQL,117,0,0,0,0,28,16,10,0,1,0,0.0,0
EMP-01439,Platform,Manager,MySQL,57,4,1,2,6,101,41,4,1,0,0,52.73,0
EMP-01440,Analytics,Analyst,SQL Server,-7,14,8,6,5,72,36,10,0,0,1,100.0,1
EMP-01441,Engineering,Manager,PostgreSQL,-33,15,8,6,6,92,37,9,1,0,0,100.0,1
EMP-01442,Infrastructure,DBA,MariaDB,147,4,1,3,4,32,43,8,1,1,0,29.07,0
EMP-01443,Compliance,Tech Lead,Oracle,0,4,4,0,0,9,5,3,0,1,1,14.73,0
EMP-01444,Analytics,Senior Developer,PostgreSQL,-39,17,11,6,2,42,2,9,1,0,1,67.09,1
EMP-01445,Analytics,SRE,Oracle,133,9,2,5,3,4,49,2,1,1,0,61.62,1
EMP-01446,DevOps,DBA,MariaDB,-4,12,9,2,0,36,3,7,0,1,1,14.46,0
EMP-01447,Analytics,Security Engineer,MariaDB,74,18,14,3,4,50,17,2,0,1,1,0.0,0
EMP-01448,Data Science,Senior DBA,PostgreSQL,116,11,9,0,0,16,17,3,1,1,0,0.0,0
EMP-01449,Compliance,Platform Engineer,Oracle,151,5,3,2,4,43,42,6,1,0,0,8.36,0
EMP-01450,Security,Senior Developer,Oracle,27,20,18,1,5,101,23,9,1,0,0,0.0,0
EMP-01451,DevOps,SRE,MySQL,156,10,5,5,3,7,34,3,1,1,0,32.52,0
EMP-01452,Platform,Security Engineer,PostgreSQL,81,2,0,2,1,98,49,8,1,1,0,6.93,0
EMP-01453,DevOps,DBA,MySQL,5,13,11,1,0,21,21,10,1,1,1,0.0,0
EMP-01454,Engineering,Security Engineer,MongoDB,-3,15,9,5,3,47,18,3,1,1,0,57.02,1
EMP-01455,Finance,Analyst,PostgreSQL,1,7,3,4,5,11,30,4,1,0,1,74.67,1
EMP-01456,Finance,SRE,MySQL,-35,8,3,4,1,31,27,5,1,1,1,100.0,0
EMP-01457,Analytics,Tech Lead,PostgreSQL,144,13,9,4,1,23,9,3,1,1,1,0.0,0
EMP-01458,Analytics,DBA,PostgreSQL,104,18,13,5,1,34,32,7,0,1,1,0.0,0
EMP-01459,Security,DBA,MySQL,125,18,15,1,1,36,3,7,0,1,1,0.0,0
EMP-01460,Engineering,Security Engineer,MySQL,-44,15,8,5,3,47,18,5,1,1,1,100.0,1
EMP-01461,Operations,Tech Lead,Oracle,58,12,8,2,5,6,35,3,1,1,0,0.0,0
EMP-01462,Infrastructure,Developer,PostgreSQL,129,4,1,1,6,80,31,6,0,0,1,52.88,0
EMP-01463,Compliance,Senior Developer,MySQL,8,9,7,0,4,48,21,5,1,0,1,0.0,0
EMP-01464,Compliance,DBA,Oracle,-27,0,0,0,4,26,37,9,1,1,1,100.0,1
EMP-01465,Platform,Senior Developer,Oracle,18,9,5,3,5,96,15,4,1,0,0,39.1,0
EMP-01466,Engineering,Analyst,MySQL,9,12,8,4,8,13,20,8,1,0,0,32.9,0
EMP-01467,Compliance,Senior Developer,MySQL,157,18,12,6,1,68,32,7,1,0,0,0.0,0
EMP-01468,Analytics,Tech Lead,Oracle,164,3,2,0,6,5,48,5,1,1,1,24.41,0
EMP-01469,Compliance,Analyst,MySQL,35,19,17,0,8,103,29,9,1,0,0,0.0,0
EMP-01470,Data Science,Analyst,MySQL,-20,16,9,6,12,49,4,8,1,0,1,100.0,1
EMP-01471,Finance,Senior Developer,Oracle,-11,16,9,5,0,61,3,8,0,0,0,63.13,1
EMP-01472,Engineering,Developer,Oracle,-4,1,0,0,7,61,8,4,0,0,0,100.0,1
EMP-01473,Analytics,SRE,Oracle,3,4,2,0,0,35,1,6,1,1,1,0.12,0
EMP-01474,Data Science,Platform Engineer,MariaDB,107,10,3,5,2,12,43,8,1,0,1,16.41,0
EMP-01475,Platform,Developer,PostgreSQL,25,15,12,1,4,43,39,10,1,0,1,0.0,0
EMP-01476,Finance,SRE,PostgreSQL,14,2,2,0,0,8,9,6,1,1,0,0.0,0
EMP-01477,Infrastructure,Security Engineer,PostgreSQL,24,1,1,0,3,45,28,5,1,1,1,9.56,0
EMP-01478,Compliance,Senior DBA,PostgreSQL,132,13,11,1,3,35,9,4,1,1,0,0.0,0
EMP-01479,Analytics,Senior Developer,PostgreSQL,168,8,4,2,2,71,27,8,0,0,1,4.14,0
EMP-01480,Finance,SRE,PostgreSQL,156,8,6,0,0,10,16,6,1,1,1,0.0,0
EMP-01481,Security,Platform Engineer,MySQL,-32,18,15,2,7,15,10,8,0,0,0,59.19,1
EMP-01482,Analytics,Senior DBA,MySQL,-32,14,14,0,4,25,22,10,0,1,1,24.65,0
EMP-01483,Platform,Security Engineer,SQL Server,-11,8,5,3,3,24,38,2,0,1,0,100.0,1
EMP-01484,Data Science,Security Engineer,Oracle,127,15,9,6,4,58,41,5,1,1,0,33.3,0
EMP-01485,DevOps,Security Engineer,PostgreSQL,16,0,0,0,0,52,32,2,1,1,0,0.0,0
EMP-01486,Engineering,DBA,PostgreSQL,-8,18,10,6,3,24,2,3,1,1,1,81.7,1
EMP-01487,Operations,Tech Lead,SQL Server,0,19,17,0,4,20,43,8,1,1,0,0.0,0
EMP-01488,Infrastructure,Security Engineer,Oracle,1,5,0,3,4,35,28,4,0,1,0,100.0,1
EMP-01489,Data Science,Security Engineer,PostgreSQL,18,19,16,1,3,52,37,5,0,1,0,0.0,0
EMP-01490,Compliance,Developer,PostgreSQL,49,15,12,2,2,58,44,5,1,0,0,0.0,0
EMP-01491,Engineering,Developer,MySQL,-31,19,14,5,8,22,42,4,1,0,0,100.0,1
EMP-01492,Infrastructure,Tech Lead,MongoDB,-4,10,6,3,3,2,22,3,0,1,0,66.41,1
EMP-01493,Finance,DBA,PostgreSQL,4,5,4,0,0,1,13,5,1,1,1,0.0,0
EMP-01494,Security,Developer,PostgreSQL,50,6,6,0,3,50,44,2,0,0,0,0.0,0
EMP-01495,Finance,Platform Engineer,PostgreSQL,170,2,0,2,6,59,19,3,1,0,0,53.3,0
EMP-01496,Compliance,Tech Lead,PostgreSQL,-43,9,5,2,0,11,50,3,0,1,1,82.75,1
EMP-01497,Engineering,Analyst,Oracle,99,9,4,5,8,105,26,10,1,0,1,82.01,0
EMP-01498,Operations,Senior DBA,MySQL,50,11,6,3,3,21,7,9,1,1,0,0.0,0
EMP-01499,DevOps,Senior DBA,PostgreSQL,2,12,5,5,2,31,5,6,1,1,0,46.09,1
EMP-01500,Infrastructure,Manager,Oracle,154,15,9,5,1,40,17,4,1,0,1,0.0,0
EMP-01501,Platform,Senior Developer,MySQL,130,13,9,2,8,70,28,4,1,0,1,24.21,0
EMP-01502,Data Science,Platform Engineer,MariaDB,10,4,2,1,7,103,22,5,1,0,0,48.53,0
EMP-01503,Infrastructure,DBA,MySQL,17,10,5,5,0,31,24,3,0,1,0,31.02,0
EMP-01504,Data Science,SRE,Oracle,42,3,0,1,2,14,44,3,1,1,0,12.12,0
EMP-01505,DevOps,Tech Lead,MongoDB,25,0,0,0,2,2,7,8,1,1,1,0.0,0
EMP-01506,Finance,Senior DBA,MariaDB,172,10,7,2,1,35,7,8,0,1,1,0.0,0
EMP-01507,Data Science,Analyst,MySQL,5,0,0,0,9,67,49,10,1,0,1,65.77,1
EMP-01508,Operations,Platform Engineer,PostgreSQL,65,20,16,2,2,102,9,10,1,0,0,0.0,0
EMP-01509,Engineering,DBA,Oracle,18,8,6,1,4,30,29,10,1,1,0,0.0,0
EMP-01510,Compliance,Analyst,Oracle,25,5,4,1,6,103,50,5,1,0,1,35.1,0
EMP-01511,Finance,Manager,MariaDB,-7,19,15,4,4,11,25,5,0,0,0,34.4,0
EMP-01512,DevOps,DBA,Oracle,-37,0,0,0,0,16,20,2,1,1,0,86.63,1
EMP-01513,Engineering,Developer,MySQL,62,11,8,1,4,17,46,8,1,0,0,0.0,0
EMP-01514,Engineering,Manager,MariaDB,5,4,1,3,8,11,9,5,1,0,1,91.24,0
EMP-01515,Operations,SRE,Oracle,-21,4,1,2,4,7,2,2,1,1,1,100.0,1
EMP-01516,Compliance,SRE,MySQL,39,9,3,4,3,19,4,5,1,1,0,28.27,0
EMP-01517,Infrastructure,SRE,Oracle,99,6,1,4,1,34,16,9,1,1,0,12.03,0
EMP-01518,Compliance,Security Engineer,MariaDB,71,17,15,1,3,100,39,5,0,1,1,0.0,0
EMP-01519,Compliance,Developer,MySQL,-26,10,2,6,3,86,9,6,1,0,0,100.0,1
EMP-01520,Analytics,DBA,PostgreSQL,-33,9,7,1,1,11,21,10,1,1,0,23.37,1
EMP-01521,Finance,Security Engineer,Oracle,120,2,0,0,4,35,43,2,0,1,0,48.42,0
EMP-01522,Finance,SRE,MySQL,159,15,9,6,1,6,13,9,1,1,0,0.0,0
EMP-01523,Operations,Analyst,MySQL,77,18,12,4,10,70,48,4,1,0,0,40.21,0
EMP-01524,Security,Security Engineer,MySQL,-37,11,6,4,0,35,11,2,1,1,1,92.1,1
EMP-01525,Engineering,Platform Engineer,SQL Server,-20,17,15,2,0,93,34,2,0,0,1,36.29,0
EMP-01526,Infrastructure,Tech Lead,Oracle,11,16,13,3,7,6,11,4,1,1,1,9.06,0
EMP-01527,Infrastructure,Senior Developer,MySQL,-28,8,5,3,7,119,37,2,1,0,1,100.0,1
EMP-01528,Security,DBA,Oracle,171,0,0,0,0,19,17,7,1,1,0,0.0,0
EMP-01529,Analytics,Developer,PostgreSQL,53,2,2,0,1,102,16,8,0,0,1,0.0,0
EMP-01530,Security,Developer,PostgreSQL,-9,12,12,0,6,93,4,7,1,0,1,24.76,0
EMP-01531,Infrastructure,DBA,PostgreSQL,87,19,16,1,0,25,50,8,0,1,1,0.0,0
EMP-01532,Analytics,Security Engineer,Oracle,21,2,0,0,0,95,21,8,1,1,1,0.0,0
EMP-01533,Finance,Security Engineer,PostgreSQL,8,6,0,4,1,83,5,8,1,1,0,35.25,0
EMP-01534,Analytics,Security Engineer,MySQL,7,12,4,6,4,95,40,5,0,1,0,100.0,1
EMP-01535,Data Science,Tech Lead,MySQL,99,13,9,3,0,25,40,4,1,1,0,0.0,0
EMP-01536,Infrastructure,Security Engineer,SQL Server,12,14,11,3,0,15,7,8,0,1,1,0.0,0
EMP-01537,Data Science,Tech Lead,MongoDB,20,2,0,1,2,4,17,6,1,1,1,7.72,0
EMP-01538,Security,Senior Developer,Oracle,5,19,16,1,4,84,15,10,1,0,0,0.0,0
EMP-01539,DevOps,Analyst,Oracle,40,10,7,2,9,77,30,9,1,0,1,33.04,0
EMP-01540,Platform,Senior DBA,MySQL,91,18,17,0,4,23,28,3,1,1,1,0.0,0
EMP-01541,Operations,Developer,MySQL,122,8,4,3,8,22,43,7,0,0,0,59.71,0
EMP-01542,Finance,SRE,MariaDB,26,16,14,1,2,35,10,7,1,1,1,0.0,0
EMP-01543,Infrastructure,Analyst,Oracle,68,1,1,0,4,25,15,9,1,0,1,0.0,0
EMP-01544,Compliance,Platform Engineer,MySQL,23,5,3,2,0,101,42,5,1,0,1,0.0,0
EMP-01545,Operations,Tech Lead,SQL Server,131,19,14,4,6,28,50,10,1,1,1,0.0,0
EMP-01546,Data Science,Platform Engineer,SQL Server,60,1,1,0,4,81,11,10,1,0,1,0.0,0
EMP-01547,Security,Tech Lead,Oracle,-11,10,2,6,6,36,15,8,1,1,1,100.0,1
EMP-01548,Engineering,Analyst,PostgreSQL,132,4,2,2,9,92,28,3,1,0,0,72.12,1
EMP-01549,Operations,Analyst,PostgreSQL,129,17,17,0,8,29,1,6,0,0,0,0.0,0
EMP-01550,Engineering,Platform Engineer,Oracle,4,3,2,0,3,53,42,4,1,0,1,21.54,0
EMP-01551,Security,DBA,SQL Server,-27,11,5,5,1,17,36,10,1,1,1,91.85,1
EMP-01552,Operations,Analyst,MySQL,2,6,4,1,5,77,44,8,1,0,0,29.23,0
EMP-01553,Analytics,DBA,SQL Server,77,11,9,1,1,1,37,6,1,1,0,0.0,0
EMP-01554,Operations,Analyst,Oracle,11,6,5,1,4,34,12,7,1,0,1,0.0,0
EMP-01555,Data Science,Tech Lead,PostgreSQL,24,4,2,2,4,25,13,2,1,1,1,40.51,0
EMP-01556,Compliance,Analyst,MySQL,83,3,3,0,9,80,46,9,1,0,1,31.17,0
EMP-01557,Infrastructure,DBA,PostgreSQL,49,10,8,1,3,21,50,10,1,1,1,0.0,0
EMP-01558,Security,Manager,MySQL,2,20,18,0,4,113,31,6,1,0,1,0.0,0
EMP-01559,Infrastructure,SRE,SQL Server,164,19,11,6,2,13,16,6,1,1,0,0.0,0
EMP-01560,Analytics,Senior Developer,MySQL,178,5,3,0,1,107,25,4,1,0,1,0.0,0
EMP-01561,Finance,Senior DBA,Oracle,9,3,3,0,0,10,14,3,1,1,1,0.0,0
EMP-01562,Finance,SRE,Oracle,49,3,0,1,3,13,21,7,1,1,1,13.11,0
EMP-01563,Engineering,Tech Lead,PostgreSQL,16,5,1,3,4,25,44,6,1,1,1,43.36,1
EMP-01564,Infrastructure,Senior DBA,Oracle,72,2,1,0,3,14,45,3,1,1,0,2.92,0
EMP-01565,Engineering,Senior Developer,PostgreSQL,7,5,3,0,8,37,47,9,0,0,1,53.1,0
EMP-01566,Operations,Tech Lead,MySQL,12,9,5,2,0,12,17,5,0,1,0,0.0,0
EMP-01567,DevOps,Tech Lead,MySQL,43,1,0,1,7,7,9,4,1,1,1,57.02,1
EMP-01568,DevOps,Developer,Oracle,-21,3,0,1,5,103,39,8,1,0,1,100.0,1
EMP-01569,DevOps,DBA,PostgreSQL,-29,12,11,0,4,21,2,2,0,1,1,66.56,1
EMP-01570,Analytics,Senior Developer,Oracle,29,16,9,6,5,15,30,8,0,0,1,47.37,0
EMP-01571,Data Science,Security Engineer,MySQL,140,13,7,5,2,88,16,8,1,1,1,11.83,0
EMP-01572,Compliance,Platform Engineer,MongoDB,71,10,8,2,5,27,27,2,1,0,0,0.0,0
EMP-01573,Security,DBA,MySQL,47,16,12,2,4,9,36,10,0,1,1,0.0,0
EMP-01574,Security,SRE,SQL Server,-17,3,0,1,4,7,45,10,1,1,0,97.67,1
EMP-01575,Compliance,Platform Engineer,PostgreSQL,2,12,7,5,4,33,17,9,1,0,0,34.5,0
EMP-01576,Compliance,Senior Developer,PostgreSQL,-33,2,1,1,4,18,41,2,1,0,1,100.0,1
EMP-01577,Finance,Senior Developer,MySQL,135,9,3,4,8,26,4,3,0,0,0,91.29,1
EMP-01578,Engineering,SRE,MongoDB,44,20,15,4,1,11,22,2,0,1,0,0.0,0
EMP-01579,Security,SRE,Oracle,17,5,4,0,3,12,23,6,1,1,0,0.0,0
EMP-01580,Platform,Security Engineer,MySQL,13,3,0,2,0,41,36,6,1,1,1,7.98,0
EMP-01581,DevOps,Senior Developer,MongoDB,98,15,13,2,4,21,37,7,1,0,1,0.0,0
EMP-01582,Analytics,Security Engineer,MariaDB,-26,11,6,5,4,56,14,4,1,1,0,100.0,1
EMP-01583,Security,Security Engineer,Oracle,93,12,11,0,0,54,19,4,1,1,1,0.0,0
EMP-01584,Engineering,Analyst,PostgreSQL,119,20,12,6,4,85,16,5,0,0,0,23.65,0
EMP-01585,Compliance,Security Engineer,MySQL,89,19,16,2,1,79,30,10,0,1,0,0.0,0
EMP-01586,Finance,Senior Developer,Oracle,127,2,1,0,8,42,38,5,0,0,1,69.72,1
EMP-01587,Security,Tech Lead,PostgreSQL,161,7,4,1,3,27,32,5,1,1,0,0.0,0
EMP-01588,Analytics,Tech Lead,PostgreSQL,101,11,7,2,5,3,48,8,1,1,1,0.0,0
EMP-01589,Platform,SRE,SQL Server,155,5,5,0,1,3,18,8,1,1,1,0.0,0
EMP-01590,Security,Security Engineer,PostgreSQL,30,10,3,6,2,35,37,8,1,1,1,40.95,0
EMP-01591,Data Science,Developer,PostgreSQL,14,15,10,5,6,27,47,10,1,0,1,9.44,0
EMP-01592,Data Science,Senior DBA,Oracle,0,0,0,0,2,23,44,8,1,1,0,17.66,0
EMP-01593,Platform,DBA,PostgreSQL,146,17,15,2,4,7,30,3,0,1,0,0.0,0
EMP-01594,Data Science,Analyst,Oracle,-34,3,0,1,4,16,45,8,1,0,1,100.0,1
EMP-01595,DevOps,Developer,MongoDB,81,9,7,2,7,71,2,8,0,0,0,22.82,0
EMP-01596,Data Science,Platform Engineer,PostgreSQL,-23,11,8,2,6,99,40,2,1,0,1,100.0,1
EMP-01597,Data Science,Tech Lead,Oracle,30,17,12,5,0,7,35,10,0,1,0,0.0,0
EMP-01598,Finance,DBA,PostgreSQL,17,1,1,0,0,17,15,9,0,1,1,0.0,0
EMP-01599,Analytics,Manager,PostgreSQL,71,20,16,4,4,63,2,7,1,0,1,0.0,0
EMP-01600,Engineering,Senior Developer,PostgreSQL,-33,12,10,2,0,91,46,8,1,0,0,18.31,0
EMP-01601,Platform,Security Engineer,Oracle,-36,19,16,2,0,10,31,10,0,1,1,0.0,0
EMP-01602,Platform,Analyst,SQL Server,58,20,15,3,10,92,9,4,1,0,1,21.44,0
EMP-01603,Operations,SRE,MySQL,17,7,2,3,3,27,10,8,0,1,1,41.94,0
EMP-01604,Data Science,Platform Engineer,MySQL,148,17,12,4,0,88,2,9,1,0,0,0.0,0
EMP-01605,Data Science,Security Engineer,MariaDB,-40,19,14,3,0,115,45,10,1,1,0,10.56,0
EMP-01606,Compliance,Security Engineer,MySQL,112,13,11,2,1,107,3,6,0,1,1,0.0,0
EMP-01607,Security,Security Engineer,Oracle,5,11,5,4,2,112,48,2,1,1,1,68.23,1
EMP-01608,Platform,SRE,Oracle,-34,14,8,6,2,16,22,9,1,1,0,99.86,1
EMP-01609,Data Science,Platform Engineer,Oracle,-15,2,1,1,5,44,7,3,1,0,0,100.0,1
EMP-01610,DevOps,Senior Developer,Oracle,2,2,0,2,6,34,25,3,0,0,0,100.0,1
EMP-01611,Infrastructure,SRE,MySQL,20,3,2,1,2,31,17,5,0,1,1,22.02,0
EMP-01612,Operations,Senior DBA,SQL Server,114,12,7,4,1,33,1,7,0,1,0,0.0,0
EMP-01613,Compliance,Senior DBA,MySQL,-26,13,11,2,0,21,20,3,1,1,0,28.56,0
EMP-01614,Analytics,DBA,MySQL,129,2,0,2,1,7,38,8,1,1,1,0.02,0
EMP-01615,DevOps,Security Engineer,MongoDB,44,17,14,3,4,73,12,3,1,1,1,0.0,0
EMP-01616,Security,SRE,PostgreSQL,47,7,7,0,0,36,33,7,1,1,0,0.0,0
EMP-01617,Compliance,Analyst,Oracle,144,2,0,2,4,23,34,6,1,0,0,25.71,0
EMP-01618,Platform,Security Engineer,Oracle,50,14,8,4,4,12,48,9,1,1,1,0.0,0
EMP-01619,Finance,Security Engineer,Oracle,162,8,1,5,2,65,5,9,1,1,1,47.13,0
EMP-01620,Finance,SRE,PostgreSQL,25,3,1,2,2,3,23,4,0,1,0,30.82,0
EMP-01621,Operations,SRE,PostgreSQL,103,14,14,0,4,6,40,8,1,1,0,0.0,0
EMP-01622,Data Science,Analyst,MongoDB,40,10,9,1,12,8,9,10,0,0,1,33.45,0
EMP-01623,Operations,Tech Lead,Oracle,13,17,11,6,2,15,7,7,0,1,0,9.99,0
EMP-01624,Analytics,Senior DBA,Oracle,48,12,9,1,4,20,36,6,0,1,0,0.0,0
EMP-01625,Operations,Manager,PostgreSQL,5,13,9,3,0,16,38,7,0,0,0,0.0,0
EMP-01626,DevOps,Tech Lead,MySQL,3,9,8,1,1,23,4,4,1,1,0,0.0,0
EMP-01627,Data Science,Analyst,MongoDB,118,15,15,0,7,114,12,9,0,0,0,0.0,0
EMP-01628,Data Science,Senior Developer,MySQL,166,15,12,3,6,78,42,5,1,0,0,0.0,0
EMP-01629,Analytics,Analyst,PostgreSQL,84,8,7,0,11,106,28,2,1,0,1,50.79,0
EMP-01630,DevOps,Manager,PostgreSQL,28,8,6,2,1,77,42,3,1,0,0,0.0,0
EMP-01631,DevOps,Manager,MySQL,118,16,11,3,2,49,4,5,1,0,0,0.0,0
EMP-01632,Compliance,DBA,Oracle,5,13,7,5,1,28,6,8,1,1,0,11.6,0
EMP-01633,DevOps,Manager,MySQL,-5,7,1,4,4,44,37,5,1,0,1,100.0,1
EMP-01634,Analytics,Security Engineer,Oracle,67,5,2,1,4,74,23,10,1,1,0,0.91,0
EMP-01635,Security,SRE,Oracle,153,1,0,0,3,26,39,8,1,1,1,0.0,0
EMP-01636,Finance,Senior Developer,Oracle,30,20,15,3,8,82,33,4,1,0,1,5.7,0
EMP-01637,Compliance,Manager,PostgreSQL,172,20,18,1,7,66,49,6,1,0,1,0.0,0
EMP-01638,Infrastructure,Senior DBA,MySQL,51,19,16,1,2,28,13,3,0,1,1,0.0,0
EMP-01639,Platform,Senior DBA,PostgreSQL,31,10,8,2,3,13,8,6,1,1,1,0.0,0
EMP-01640,Finance,SRE,MongoDB,151,3,0,2,1,10,7,6,0,1,1,22.91,0
EMP-01641,Analytics,Platform Engineer,MongoDB,12,7,6,1,5,13,5,8,1,0,1,0.0,0
EMP-01642,Analytics,Developer,Oracle,-5,18,11,6,2,79,13,2,0,0,1,96.05,1
EMP-01643,Infrastructure,Senior DBA,Oracle,25,6,1,4,4,20,25,4,0,1,1,93.05,0
EMP-01644,Finance,SRE,MySQL,62,5,2,1,2,14,11,3,1,1,1,4.54,0
EMP-01645,Compliance,Analyst,MySQL,14,15,10,4,7,32,37,5,1,0,0,20.17,0
EMP-01646,Security,Senior Developer,MongoDB,109,4,2,2,1,75,29,7,1,0,1,0.0,0
EMP-01647,Platform,Platform Engineer,MySQL,109,20,20,0,6,46,13,6,0,0,0,0.0,0
EMP-01648,Engineering,Platform Engineer,Oracle,78,1,0,0,3,33,22,2,1,0,1,14.73,0
EMP-01649,Infrastructure,Senior DBA,Oracle,6,5,1,3,1,32,28,5,1,1,0,40.44,0
EMP-01650,Operations,Manager,MySQL,132,14,12,1,7,90,46,9,0,0,0,0.0,0
EMP-01651,Data Science,Senior Developer,Oracle,23,17,14,2,7,41,23,3,0,0,0,0.55,0
EMP-01652,Engineering,Security Engineer,PostgreSQL,92,13,8,5,0,11,34,3,1,1,1,0.0,0
EMP-01653,Infrastructure,Manager,Oracle,15,19,14,3,2,105,2,7,0,0,0,0.0,0
EMP-01654,Analytics,Platform Engineer,SQL Server,-41,11,6,4,8,74,31,5,1,0,1,100.0,1
EMP-01655,Analytics,Analyst,MySQL,-30,17,15,1,6,14,27,7,0,0,0,42.54,1
EMP-01656,Platform,Senior Developer,Oracle,-25,0,0,0,5,111,8,4,1,0,0,100.0,1
EMP-01657,Platform,Security Engineer,MariaDB,111,2,2,0,0,18,46,5,1,1,0,0.0,0
EMP-01658,Platform,Senior DBA,MongoDB,1,16,11,3,4,27,23,7,1,1,1,9.39,0
EMP-01659,Security,Analyst,PostgreSQL,10,18,11,6,10,56,1,9,0,0,0,70.93,1
EMP-01660,Infrastructure,Tech Lead,Oracle,-4,5,3,2,5,26,27,5,1,1,1,95.79,1
EMP-01661,Analytics,Tech Lead,Oracle,36,11,7,2,2,32,5,7,1,1,1,0.0,0
EMP-01662,Platform,Developer,PostgreSQL,31,3,0,1,6,18,14,7,1,0,1,29.57,0
EMP-01663,Infrastructure,DBA,PostgreSQL,140,12,6,6,2,2,31,2,1,1,0,29.73,0
EMP-01664,Platform,Senior Developer,MongoDB,147,8,2,5,8,65,41,10,1,0,1,69.73,1
EMP-01665,DevOps,Manager,MySQL,136,6,3,2,2,73,4,4,1,0,1,6.65,1
EMP-01666,DevOps,Senior Developer,PostgreSQL,102,15,9,6,8,10,30,4,0,0,1,73.59,1
EMP-01667,Operations,Manager,MySQL,24,19,16,2,7,11,11,8,1,0,1,0.0,0
EMP-01668,Finance,SRE,Oracle,-19,17,15,1,2,7,5,9,1,1,0,0.0,0
EMP-01669,Data Science,Developer,MySQL,15,10,5,3,8,27,15,2,1,0,1,63.94,1
EMP-01670,Finance,Tech Lead,Oracle,39,4,1,1,5,5,41,6,1,1,1,29.59,0
EMP-01671,Analytics,Manager,PostgreSQL,131,17,14,2,5,86,24,9,0,0,0,0.0,0
EMP-01672,Infrastructure,Developer,MySQL,-28,9,3,4,2,59,31,3,1,0,0,100.0,1
EMP-01673,Infrastructure,Manager,Oracle,122,12,6,5,8,83,24,9,1,0,1,68.54,1
EMP-01674,Finance,Senior Developer,Oracle,83,1,0,1,4,88,39,6,0,0,1,51.56,1
EMP-01675,Finance,DBA,Oracle,130,18,16,2,4,36,11,3,1,1,0,0.0,0
EMP-01676,Security,Security Engineer,Oracle,62,20,15,5,2,61,33,8,1,1,0,0.0,0
EMP-01677,Operations,Manager,PostgreSQL,143,0,0,0,1,52,28,8,1,0,0,0.0,0
EMP-01678,Operations,Tech Lead,PostgreSQL,9,8,6,0,3,8,11,10,0,1,1,0.0,0
EMP-01679,Infrastructure,Manager,Oracle,-30,14,13,0,0,54,50,2,1,0,1,1.01,0
EMP-01680,Engineering,Senior Developer,MySQL,42,18,12,4,7,92,14,9,0,0,1,22.92,0
EMP-01681,Platform,Platform Engineer,PostgreSQL,128,7,2,4,1,109,45,3,1,0,1,32.68,0
EMP-01682,Infrastructure,Security Engineer,PostgreSQL,89,5,3,0,0,108,26,5,1,1,1,0.0,0
EMP-01683,DevOps,Analyst,PostgreSQL,-27,19,14,4,11,52,23,9,1,0,0,100.0,1
EMP-01684,Finance,Security Engineer,MariaDB,145,3,0,1,0,72,49,10,1,1,1,0.0,0
EMP-01685,DevOps,Senior DBA,MySQL,153,8,2,4,4,13,42,7,1,1,1,41.4,0
EMP-01686,Compliance,Manager,PostgreSQL,1,1,0,1,6,99,41,3,1,0,1,84.49,1
EMP-01687,Operations,Developer,MongoDB,24,12,11,1,3,103,31,10,0,0,0,0.0,0
EMP-01688,DevOps,SRE,SQL Server,-9,4,2,1,4,16,47,3,1,1,0,88.03,1
EMP-01689,Operations,Analyst,Oracle,107,0,0,0,12,83,40,2,0,0,1,100.0,1
EMP-01690,Infrastructure,Security Engineer,PostgreSQL,144,13,8,3,0,27,37,7,1,1,1,0.0,0
EMP-01691,Engineering,Manager,SQL Server,106,6,0,4,2,11,9,4,1,0,1,39.48,0
EMP-01692,Analytics,SRE,Oracle,24,1,0,1,3,20,14,4,1,1,0,24.05,0
EMP-01693,Data Science,Tech Lead,Oracle,47,19,12,5,0,7,36,3,1,1,1,0.0,0
EMP-01694,Infrastructure,Manager,PostgreSQL,-9,6,2,2,1,57,7,6,1,0,1,58.25,1
EMP-01695,Data Science,DBA,Oracle,7,12,8,4,2,30,12,2,0,1,1,54.48,0
EMP-01696,Engineering,Senior DBA,Oracle,35,3,2,1,1,3,6,3,1,1,1,0.0,0
EMP-01697,Security,Tech Lead,PostgreSQL,156,13,12,1,5,28,40,2,1,1,1,0.0,0
EMP-01698,Compliance,Manager,PostgreSQL,30,9,3,4,3,97,37,6,0,0,0,47.64,0
EMP-01699,Operations,Platform Engineer,PostgreSQL,15,14,10,3,1,55,21,6,1,0,1,0.0,0
EMP-01700,Finance,DBA,Oracle,65,3,0,2,3,8,32,3,1,1,0,34.12,0
EMP-01701,DevOps,SRE,Oracle,47,20,18,2,0,13,23,4,0,1,0,0.0,0
EMP-01702,Security,Tech Lead,PostgreSQL,33,4,1,3,3,24,47,5,0,1,0,45.6,0
EMP-01703,Data Science,Security Engineer,Oracle,106,1,1,0,3,28,40,9,0,1,0,1.82,0
EMP-01704,Security,Senior DBA,MySQL,163,7,7,0,4,12,27,10,0,1,1,0.0,0
EMP-01705,Security,Manager,Oracle,6,2,0,2,4,117,36,8,0,0,0,79.42,1
EMP-01706,DevOps,Manager,PostgreSQL,112,3,1,2,2,86,1,2,1,0,0,20.46,0
EMP-01707,Operations,SRE,PostgreSQL,131,5,2,3,1,15,38,9,0,1,0,8.25,0
EMP-01708,Infrastructure,Manager,PostgreSQL,-15,11,7,4,5,58,25,3,0,0,1,100.0,1
EMP-01709,Engineering,Senior DBA,MySQL,-21,11,5,4,3,1,18,9,1,1,1,95.65,1
EMP-01710,Security,SRE,MySQL,1,9,4,4,0,27,32,9,0,1,0,32.44,0
EMP-01711,DevOps,DBA,PostgreSQL,-33,2,0,2,4,9,49,10,0,1,0,100.0,1
EMP-01712,Security,Manager,SQL Server,7,20,17,2,0,87,25,8,0,0,0,0.0,0
EMP-01713,DevOps,Developer,PostgreSQL,108,5,3,0,0,22,18,10,0,0,1,0.0,0
EMP-01714,Operations,SRE,MySQL,143,2,0,0,4,24,30,2,1,1,0,22.5,0
EMP-01715,Finance,Analyst,MySQL,8,0,0,0,3,53,6,2,1,0,1,25.73,0
EMP-01716,Engineering,Tech Lead,PostgreSQL,25,2,0,1,1,3,34,7,1,1,1,0.0,0
EMP-01717,Compliance,Security Engineer,MongoDB,17,18,16,2,0,72,34,4,1,1,0,0.0,0
EMP-01718,Platform,Analyst,SQL Server,29,4,3,1,10,67,41,9,0,0,1,74.83,1
EMP-01719,DevOps,DBA,MySQL,131,0,0,0,2,25,33,4,0,1,0,15.65,0
EMP-01720,Platform,Analyst,MariaDB,21,8,4,4,4,13,16,8,1,0,1,21.46,0
EMP-01721,Data Science,Security Engineer,Oracle,20,4,2,0,0,104,40,4,0,1,1,8.24,0
EMP-01722,Engineering,SRE,PostgreSQL,-42,2,0,2,0,7,44,2,1,1,0,91.22,1
EMP-01723,Compliance,SRE,Oracle,43,10,5,3,3,31,5,9,1,1,1,0.0,0
EMP-01724,Compliance,Tech Lead,MariaDB,3,3,2,1,1,10,35,8,0,1,0,21.03,0
EMP-01725,Security,Manager,MongoDB,109,14,12,1,4,41,35,7,1,0,1,0.0,0
EMP-01726,DevOps,Platform Engineer,MySQL,73,11,6,5,2,45,12,6,1,0,1,10.56,0
EMP-01727,Platform,Senior DBA,SQL Server,54,5,3,2,1,34,46,8,1,1,0,0.0,0
EMP-01728,Security,Tech Lead,Oracle,6,18,17,1,6,4,39,10,1,1,1,0.0,0
EMP-01729,Finance,Security Engineer,MySQL,15,12,11,1,4,64,50,5,1,1,1,0.0,0
EMP-01730,Infrastructure,Platform Engineer,PostgreSQL,79,15,13,0,0,18,25,8,1,0,1,0.0,0
EMP-01731,Infrastructure,Senior DBA,MySQL,76,1,1,0,3,10,19,4,1,1,0,0.0,0
EMP-01732,Platform,Platform Engineer,MySQL,38,1,0,1,4,77,7,10,0,0,1,29.23,0
EMP-01733,Security,Analyst,PostgreSQL,25,20,16,2,8,86,50,2,0,0,0,7.16,0
EMP-01734,Finance,SRE,MariaDB,106,11,9,2,0,1,42,9,1,1,0,0.0,0
EMP-01735,Analytics,Manager,MySQL,84,13,11,1,7,106,35,2,0,0,1,22.46,0
EMP-01736,Analytics,Analyst,MySQL,24,11,10,1,2,42,34,7,1,0,1,0.0,0
EMP-01737,Security,Senior DBA,PostgreSQL,29,15,10,5,0,12,14,3,0,1,0,0.0,0
EMP-01738,Operations,Senior Developer,PostgreSQL,32,6,2,3,1,77,31,2,1,0,1,21.12,0
EMP-01739,Security,DBA,MongoDB,78,6,6,0,0,25,6,9,0,1,1,0.0,0
EMP-01740,Finance,Developer,MySQL,-19,4,3,0,3,115,26,10,0,0,1,86.77,1
EMP-01741,Security,SRE,PostgreSQL,-24,13,12,1,3,27,32,6,1,1,1,33.19,0
EMP-01742,Infrastructure,Senior DBA,MySQL,23,20,18,1,0,1,49,4,1,1,0,0.0,0
EMP-01743,DevOps,Analyst,MongoDB,10,12,7,3,9,112,30,5,1,0,1,60.15,1
EMP-01744,Security,Platform Engineer,Oracle,180,10,8,0,7,43,36,10,1,0,1,0.0,0
EMP-01745,Infrastructure,Security Engineer,MySQL,79,3,0,2,1,43,3,9,1,1,0,0.0,0
EMP-01746,Data Science,Manager,Oracle,23,5,2,2,8,19,42,9,0,0,0,65.86,1
EMP-01747,Operations,Developer,PostgreSQL,98,19,15,4,4,22,8,3,0,0,0,0.0,0
EMP-01748,Finance,Senior Developer,PostgreSQL,-45,20,18,1,5,14,39,4,0,0,1,30.44,0
EMP-01749,Compliance,Senior Developer,MySQL,9,3,0,2,6,96,48,2,1,0,1,80.0,1
EMP-01750,DevOps,Security Engineer,Oracle,110,8,5,1,2,37,20,8,1,1,1,0.0,0
EMP-01751,Data Science,Analyst,MySQL,34,4,4,0,5,38,40,9,1,0,0,0.0,0
EMP-01752,Infrastructure,Tech Lead,MySQL,63,8,3,5,4,25,35,7,1,1,1,48.15,0
EMP-01753,Infrastructure,SRE,Oracle,-28,17,10,5,0,15,1,7,0,1,0,81.29,1
EMP-01754,Operations,Analyst,PostgreSQL,-42,15,10,3,11,71,30,3,1,0,0,100.0,1
EMP-01755,Infrastructure,Developer,MySQL,172,20,14,4,3,20,26,2,1,0,1,0.0,0
EMP-01756,Analytics,Security Engineer,PostgreSQL,15,0,0,0,2,42,10,4,1,1,0,3.92,0
EMP-01757,Finance,Analyst,PostgreSQL,-16,14,11,2,9,116,48,9,1,0,1,93.5,1
EMP-01758,Engineering,Analyst,MySQL,-19,9,4,4,3,92,9,7,1,0,1,100.0,1
EMP-01759,Engineering,Senior Developer,MongoDB,176,10,7,2,1,57,14,6,0,0,0,0.0,0
EMP-01760,DevOps,Tech Lead,MySQL,6,1,0,1,6,23,4,2,0,1,1,97.35,1
EMP-01761,Finance,Developer,PostgreSQL,17,7,4,2,7,63,48,7,1,0,0,30.1,0
EMP-01762,Platform,Developer,MariaDB,3,13,8,4,6,33,11,6,0,0,0,64.5,1
EMP-01763,Compliance,DBA,MySQL,0,6,1,4,1,6,5,6,0,1,0,66.88,1
EMP-01764,Infrastructure,Security Engineer,MySQL,122,14,13,0,2,120,31,2,0,1,0,0.0,0
EMP-01765,Engineering,DBA,Oracle,-2,1,0,0,4,10,14,7,1,1,1,63.2,1
EMP-01766,Operations,Tech Lead,Oracle,173,5,2,1,7,32,21,7,1,1,1,43.89,0
EMP-01767,Data Science,Manager,MySQL,112,18,14,4,4,78,39,10,1,0,1,0.0,0
EMP-01768,Security,Security Engineer,MySQL,20,14,12,0,2,65,20,3,1,1,0,0.0,0
EMP-01769,Infrastructure,Analyst,Oracle,-43,13,6,6,6,14,6,2,0,0,0,100.0,1
EMP-01770,Analytics,Developer,MySQL,142,14,12,0,1,57,39,10,1,0,1,0.0,0
EMP-01771,Security,Developer,MySQL,92,0,0,0,3,50,36,10,1,0,0,0.0,0
EMP-01772,Data Science,Manager,MySQL,9,19,15,3,4,42,45,5,1,0,0,0.0,0
EMP-01773,Security,Platform Engineer,MongoDB,18,15,9,5,5,28,39,9,0,0,1,25.73,0
EMP-01774,Finance,Analyst,PostgreSQL,-16,0,0,0,4,48,18,10,1,0,1,79.8,1
EMP-01775,Security,Senior DBA,Oracle,127,7,3,4,4,22,19,7,0,1,0,56.01,1
EMP-01776,Compliance,Platform Engineer,MySQL,9,8,7,1,7,40,13,10,0,0,1,17.83,0
EMP-01777,Security,Platform Engineer,MySQL,54,7,2,3,2,97,34,10,0,0,1,24.15,0
EMP-01778,Analytics,DBA,MySQL,169,0,0,0,3,24,31,6,0,1,1,23.5,0
EMP-01779,Infrastructure,Senior Developer,PostgreSQL,160,19,14,3,1,15,29,5,1,0,1,0.0,0
EMP-01780,Infrastructure,Analyst,MySQL,22,10,6,2,6,15,43,5,1,0,1,16.69,0
EMP-01781,Infrastructure,Platform Engineer,MySQL,26,14,12,0,5,30,4,6,0,0,1,0.0,0
EMP-01782,Engineering,SRE,MySQL,-2,20,19,0,2,7,25,5,0,1,1,0.0,0
EMP-01783,Operations,SRE,Oracle,55,6,0,4,2,28,39,3,1,1,0,52.42,0
EMP-01784,Analytics,Analyst,Oracle,153,0,0,0,11,113,38,2,1,0,0,100.0,1
EMP-01785,Finance,Senior DBA,MySQL,-22,16,12,3,0,23,46,4,1,1,0,30.35,0
EMP-01786,Finance,Manager,PostgreSQL,-7,17,9,6,7,61,2,2,1,0,0,100.0,1
EMP-01787,Analytics,Manager,MongoDB,93,7,3,2,4,17,49,5,1,0,0,6.28,0
EMP-01788,DevOps,SRE,PostgreSQL,18,15,11,4,1,33,21,2,1,1,0,0.0,0
EMP-01789,DevOps,Tech Lead,PostgreSQL,13,15,11,4,6,22,50,9,1,1,1,4.47,0
EMP-01790,Security,Senior Developer,Oracle,143,9,3,5,4,51,16,4,1,0,1,62.6,1
EMP-01791,Platform,Manager,MySQL,26,1,0,0,0,52,21,3,1,0,0,0.0,0
EMP-01792,Finance,Platform Engineer,MariaDB,57,15,9,6,3,13,25,10,0,0,1,11.66,0
EMP-01793,Compliance,Analyst,MySQL,68,17,17,0,4,63,38,9,1,0,0,0.0,0
EMP-01794,Platform,Developer,PostgreSQL,34,8,6,1,3,77,41,4,1,0,1,0.0,0
EMP-01795,Compliance,SRE,PostgreSQL,94,12,9,2,3,10,40,6,0,1,0,0.0,0
EMP-01796,Operations,Platform Engineer,PostgreSQL,121,19,12,6,0,57,29,9,0,0,1,0.0,0
EMP-01797,DevOps,Platform Engineer,MongoDB,54,8,3,4,3,23,15,6,1,0,1,21.02,0
EMP-01798,Operations,Senior Developer,Oracle,169,17,16,1,3,80,39,8,1,0,1,0.0,0
EMP-01799,Security,DBA,Oracle,157,11,5,6,3,31,33,10,0,1,0,46.6,0
EMP-01800,Platform,Platform Engineer,MySQL,17,0,0,0,7,21,34,3,1,0,1,47.56,0
EMP-01801,Security,Manager,MongoDB,88,11,6,4,0,77,19,9,1,0,1,0.0,0
EMP-01802,Security,Senior DBA,Oracle,2,14,12,0,3,34,15,8,1,1,1,0.0,0
EMP-01803,Finance,Tech Lead,SQL Server,115,14,10,2,8,13,33,9,1,1,1,0.42,0
EMP-01804,Infrastructure,Senior DBA,MySQL,23,13,5,6,2,11,3,6,1,1,1,34.6,0
EMP-01805,Compliance,Senior Developer,PostgreSQL,46,12,9,2,3,43,16,5,1,0,0,0.0,0
EMP-01806,Data Science,DBA,PostgreSQL,-24,1,0,1,0,36,37,2,1,1,0,84.79,1
EMP-01807,Platform,Senior Developer,MySQL,26,15,10,5,4,33,12,9,1,0,1,0.0,0
EMP-01808,Finance,Security Engineer,PostgreSQL,-25,9,3,5,2,50,15,4,1,1,1,100.0,1
EMP-01809,Engineering,DBA,PostgreSQL,72,15,9,6,3,13,37,10,1,1,0,0.0,0
EMP-01810,Data Science,Platform Engineer,PostgreSQL,145,14,11,1,8,84,46,3,0,0,1,23.51,0
EMP-01811,Compliance,Security Engineer,Oracle,82,17,16,1,1,8,50,10,1,1,0,0.0,0
EMP-01812,Platform,Senior Developer,SQL Server,30,9,3,4,1,70,38,3,1,0,0,21.74,0
EMP-01813,Infrastructure,SRE,PostgreSQL,135,14,14,0,4,25,50,2,0,1,0,0.0,0
EMP-01814,DevOps,SRE,MySQL,-32,11,11,0,1,24,24,8,1,1,0,0.0,0
EMP-01815,Operations,Security Engineer,MySQL,30,18,17,0,3,43,18,3,0,1,1,0.0,0
EMP-01816,Security,Platform Engineer,MySQL,0,8,6,1,4,19,47,7,1,0,0,3.27,0
EMP-01817,Compliance,DBA,MySQL,23,4,1,3,1,24,26,10,1,1,0,0.0,0
EMP-01818,Platform,Senior Developer,Oracle,169,20,18,0,7,39,29,9,0,0,0,0.0,0
EMP-01819,Data Science,Analyst,Oracle,-42,11,7,4,2,43,21,4,1,0,1,100.0,1
EMP-01820,Analytics,Platform Engineer,Oracle,178,8,1,5,5,28,2,10,1,0,1,58.75,1
EMP-01821,Security,Senior Developer,MySQL,4,7,6,1,2,89,43,3,1,0,0,0.0,0
EMP-01822,Platform,Security Engineer,PostgreSQL,-10,13,8,5,2,113,26,8,0,1,0,86.91,1
EMP-01823,Analytics,Platform Engineer,MySQL,-27,7,6,0,0,13,3,5,1,0,0,20.4,0
EMP-01824,Data Science,Security Engineer,PostgreSQL,27,16,14,1,1,87,30,7,1,1,1,0.0,0
EMP-01825,DevOps,Senior DBA,MySQL,49,5,2,3,2,1,43,2,1,1,1,28.15,0
EMP-01826,Finance,SRE,PostgreSQL,16,10,7,2,1,35,40,10,0,1,0,0.0,0
EMP-01827,DevOps,DBA,PostgreSQL,-2,16,10,5,2,9,20,2,1,1,1,46.85,0
EMP-01828,Infrastructure,Senior DBA,MySQL,121,9,7,1,1,34,36,2,1,1,0,0.0,0
EMP-01829,Compliance,DBA,MySQL,6,2,0,1,1,35,10,10,0,1,1,26.1,0
EMP-01830,Engineering,Security Engineer,Oracle,71,2,1,0,3,116,43,3,1,1,0,20.03,0
EMP-01831,Engineering,Analyst,PostgreSQL,-39,12,6,4,8,91,37,5,1,0,0,100.0,1
EMP-01832,Engineering,Senior DBA,PostgreSQL,7,6,2,4,4,24,9,3,0,1,1,92.15,1
EMP-01833,Infrastructure,Manager,MariaDB,-20,2,0,0,7,110,4,4,0,0,0,100.0,1
EMP-01834,Platform,Security Engineer,MySQL,2,2,0,2,4,81,12,8,0,1,1,87.81,1
EMP-01835,Security,Security Engineer,Oracle,-8,8,5,2,4,95,47,6,1,1,0,86.08,1
EMP-01836,Data Science,Platform Engineer,MySQL,30,20,15,3,8,118,26,4,1,0,1,10.21,0
EMP-01837,Engineering,Senior Developer,Oracle,40,19,14,5,4,54,5,5,0,0,1,3.88,0
EMP-01838,Operations,Senior DBA,Oracle,-24,14,8,4,1,31,34,8,0,1,0,91.45,0
EMP-01839,DevOps,DBA,MySQL,-15,14,12,1,4,36,50,3,1,1,0,44.75,0
EMP-01840,Analytics,Tech Lead,PostgreSQL,43,7,7,0,7,6,34,6,1,1,0,0.0,0
EMP-01841,Engineering,Senior Developer,MongoDB,171,11,5,6,4,46,39,7,0,0,1,54.19,0
EMP-01842,Compliance,Analyst,PostgreSQL,-19,20,16,2,12,103,2,3,1,0,1,100.0,1
EMP-01843,Data Science,Platform Engineer,Oracle,23,15,11,2,5,71,3,8,0,0,1,0.0,0
EMP-01844,Finance,Tech Lead,PostgreSQL,117,16,12,4,5,16,16,2,0,1,1,25.02,0
EMP-01845,Engineering,Security Engineer,Oracle,9,5,3,0,4,93,8,2,1,1,1,34.0,1
EMP-01846,Infrastructure,Platform Engineer,SQL Server,72,7,4,1,8,90,48,2,1,0,1,55.78,1
EMP-01847,Engineering,Developer,Oracle,165,11,5,5,7,43,9,10,1,0,0,47.46,0
EMP-01848,Platform,DBA,Oracle,174,13,10,3,4,36,11,6,1,1,0,0.0,1
EMP-01849,DevOps,Developer,MySQL,117,8,7,1,0,112,37,10,1,0,0,0.0,0
EMP-01850,Operations,Security Engineer,MySQL,101,8,8,0,1,60,47,9,1,1,1,0.0,0
EMP-01851,Analytics,Platform Engineer,PostgreSQL,-12,9,8,1,7,70,49,6,1,0,1,75.25,1
EMP-01852,DevOps,Platform Engineer,Oracle,5,15,12,1,6,115,20,8,1,0,1,0.0,0
EMP-01853,Platform,SRE,PostgreSQL,114,3,1,1,1,11,16,10,1,1,0,0.0,0
EMP-01854,Operations,Senior Developer,MySQL,146,17,16,1,3,68,30,2,0,0,0,0.0,0
EMP-01855,Finance,Analyst,SQL Server,54,10,2,6,12,20,12,2,0,0,1,100.0,1
EMP-01856,Platform,Senior DBA,PostgreSQL,30,13,10,3,1,14,49,3,1,1,0,0.0,0
EMP-01857,Security,SRE,PostgreSQL,-33,4,1,1,0,20,34,2,1,1,1,82.57,1
EMP-01858,Security,Senior Developer,Oracle,37,2,1,0,5,120,9,6,1,0,1,27.02,0
EMP-01859,Finance,Platform Engineer,SQL Server,9,2,0,0,8,23,24,10,1,0,1,39.22,0
EMP-01860,Compliance,Manager,MySQL,-5,7,3,2,1,41,33,7,0,0,1,55.48,1
EMP-01861,Finance,Platform Engineer,PostgreSQL,-5,11,7,2,7,67,13,7,1,0,0,62.01,1
EMP-01862,Finance,Platform Engineer,Oracle,18,5,2,3,6,118,30,6,1,0,1,72.69,1
EMP-01863,DevOps,Senior Developer,MongoDB,122,17,14,3,6,20,40,7,1,0,1,0.0,0
EMP-01864,Platform,DBA,MySQL,-2,0,0,0,4,8,30,10,0,1,0,56.17,1
EMP-01865,DevOps,Tech Lead,PostgreSQL,90,20,12,6,5,32,23,5,1,1,1,21.06,0
EMP-01866,Operations,Senior DBA,Oracle,-14,0,0,0,0,3,11,8,1,1,0,51.1,0
EMP-01867,Operations,Analyst,Oracle,1,16,11,4,10,56,28,4,1,0,1,94.49,1
EMP-01868,Finance,SRE,PostgreSQL,157,18,17,0,1,30,17,8,0,1,0,0.0,0
EMP-01869,Operations,Security Engineer,PostgreSQL,-18,4,2,2,4,45,26,3,0,1,1,100.0,1
EMP-01870,Finance,DBA,PostgreSQL,28,7,1,4,1,35,19,6,1,1,0,23.85,0
EMP-01871,Analytics,Senior DBA,PostgreSQL,114,5,2,3,0,31,38,3,1,1,0,4.77,0
EMP-01872,Analytics,Manager,Oracle,-3,13,9,3,4,103,36,8,1,0,1,44.87,0
EMP-01873,Infrastructure,Tech Lead,MariaDB,144,7,4,2,7,2,26,5,0,1,1,56.64,1
EMP-01874,Operations,SRE,Oracle,98,8,2,5,4,3,34,8,1,1,1,54.55,0
EMP-01875,Platform,SRE,MySQL,61,9,7,0,3,12,15,6,1,1,1,0.0,0
EMP-01876,Data Science,Analyst,Oracle,70,8,3,5,10,84,38,2,1,0,1,100.0,1
EMP-01877,Data Science,Analyst,MariaDB,-9,20,20,0,10,32,6,8,1,0,1,1.63,0
EMP-01878,Finance,Tech Lead,PostgreSQL,119,14,14,0,8,1,1,6,1,1,1,0.0,1
EMP-01879,Data Science,DBA,MySQL,28,5,2,2,1,24,40,3,1,1,0,6.0,0
EMP-01880,Infrastructure,DBA,MySQL,143,0,0,0,4,11,33,10,1,1,0,0.0,0
EMP-01881,DevOps,DBA,SQL Server,14,0,0,0,0,14,35,4,1,1,0,0.0,0
EMP-01882,Analytics,Senior Developer,MariaDB,39,7,6,0,2,87,30,10,0,0,0,0.0,0
EMP-01883,Platform,SRE,PostgreSQL,158,3,0,2,0,11,16,9,1,1,0,0.0,0
EMP-01884,Operations,SRE,Oracle,30,7,1,4,0,7,24,6,0,1,0,34.52,0
EMP-01885,Platform,Tech Lead,PostgreSQL,170,11,10,1,3,33,29,2,0,1,0,0.0,0
EMP-01886,Finance,Manager,PostgreSQL,-29,5,4,0,3,20,25,3,1,0,0,64.05,1
EMP-01887,Platform,Security Engineer,Oracle,28,3,0,2,0,73,42,8,1,1,1,5.34,0
EMP-01888,Data Science,SRE,MySQL,-9,2,0,2,2,36,20,6,1,1,1,87.25,1
EMP-01889,Finance,Platform Engineer,MariaDB,179,15,13,1,8,69,12,6,1,0,1,0.0,0
EMP-01890,Security,SRE,PostgreSQL,3,16,11,3,1,16,42,10,1,1,0,0.0,0
EMP-01891,Engineering,SRE,Oracle,119,17,13,2,2,5,3,3,1,1,1,0.0,0
EMP-01892,Infrastructure,DBA,PostgreSQL,98,2,1,1,3,17,42,2,1,1,0,16.61,0
EMP-01893,Security,Developer,SQL Server,86,17,11,4,2,24,6,7,1,0,1,0.0,0
EMP-01894,Platform,SRE,PostgreSQL,14,4,0,3,2,11,9,10,0,1,0,28.12,0
EMP-01895,Platform,Developer,MySQL,169,1,0,1,6,29,39,8,1,0,1,29.23,0
EMP-01896,Security,DBA,Oracle,-2,9,6,1,4,14,39,7,0,1,1,55.82,1
EMP-01897,Compliance,Senior Developer,MySQL,21,10,7,1,2,8,32,9,0,0,1,0.0,0
EMP-01898,Security,Developer,MySQL,11,6,3,3,8,79,34,5,1,0,0,70.02,1
EMP-01899,Platform,Analyst,MySQL,153,17,16,0,11,14,48,3,1,0,1,0.0,0
EMP-01900,Platform,DBA,SQL Server,161,16,12,2,1,11,40,3,1,1,1,0.0,0
EMP-01901,Operations,Tech Lead,Oracle,-20,0,0,0,1,1,40,9,1,1,1,73.19,1
EMP-01902,Compliance,Developer,PostgreSQL,6,11,10,0,6,99,40,10,1,0,1,0.0,0
EMP-01903,Compliance,Manager,MySQL,155,9,6,1,5,94,46,2,1,0,1,14.71,0
EMP-01904,Infrastructure,Manager,SQL Server,-35,7,4,3,1,72,8,7,1,0,0,79.8,1
EMP-01905,DevOps,SRE,PostgreSQL,-26,11,10,1,3,31,26,5,1,1,1,48.47,0
EMP-01906,DevOps,Senior DBA,Oracle,112,11,8,3,4,34,50,3,0,1,1,33.88,0
EMP-01907,DevOps,Senior Developer,SQL Server,138,14,8,4,1,115,29,5,1,0,0,0.0,0
EMP-01908,Engineering,Manager,PostgreSQL,139,20,15,4,3,36,22,8,0,0,0,0.0,0
EMP-01909,Data Science,Manager,SQL Server,88,16,14,2,7,75,20,7,1,0,1,0.0,1
EMP-01910,DevOps,Developer,MySQL,169,6,2,2,0,108,8,5,0,0,1,14.25,0
EMP-01911,Security,Analyst,PostgreSQL,140,4,1,1,5,62,41,4,0,0,0,42.79,0
EMP-01912,Operations,DBA,PostgreSQL,2,15,13,1,1,3,37,6,1,1,0,0.0,0
EMP-01913,Operations,Senior Developer,MongoDB,46,12,7,5,5,26,13,6,1,0,0,20.51,0
EMP-01914,Platform,Analyst,Oracle,-19,14,12,0,5,71,45,3,1,0,1,58.48,1
EMP-01915,Data Science,Analyst,PostgreSQL,127,0,0,0,5,10,14,4,1,0,0,13.74,0
EMP-01916,DevOps,Manager,PostgreSQL,21,19,15,2,8,38,19,3,0,0,1,8.59,0
EMP-01917,Engineering,Manager,MySQL,20,1,0,1,6,46,29,7,1,0,1,39.21,0
EMP-01918,Infrastructure,Developer,Oracle,122,20,13,5,8,60,9,10,0,0,0,26.16,0
EMP-01919,Platform,Developer,PostgreSQL,128,10,4,5,0,35,36,7,1,0,1,0.0,0
EMP-01920,Platform,Manager,Oracle,130,7,7,0,3,48,6,5,1,0,1,0.0,0
EMP-01921,Platform,Platform Engineer,PostgreSQL,30,15,13,1,4,95,31,8,0,0,1,0.0,0
EMP-01922,Analytics,Platform Engineer,MySQL,122,18,10,6,6,42,4,5,1,0,0,30.62,0
EMP-01923,Data Science,Platform Engineer,MySQL,84,11,4,5,6,65,24,5,1,0,0,58.98,1
EMP-01924,Data Science,Platform Engineer,MySQL,14,19,17,0,0,36,45,9,1,0,1,0.0,0
EMP-01925,Engineering,DBA,MySQL,19,4,0,2,1,7,5,7,0,1,1,25.52,0
EMP-01926,Platform,Senior Developer,MongoDB,65,11,8,1,7,114,22,10,0,0,1,12.26,0
EMP-01927,Finance,Developer,SQL Server,62,4,2,1,3,117,3,7,0,0,0,19.49,0
EMP-01928,Finance,Manager,SQL Server,3,8,5,3,4,110,25,7,1,0,1,53.07,0
EMP-01929,Finance,Senior Developer,SQL Server,-28,1,0,1,1,38,28,7,1,0,1,82.99,1
EMP-01930,Security,Analyst,PostgreSQL,27,10,10,0,11,112,9,9,0,0,0,26.44,0
EMP-01931,Security,Developer,PostgreSQL,76,20,16,2,1,21,26,8,0,0,1,0.0,0
EMP-01932,Platform,SRE,Oracle,66,0,0,0,3,32,15,6,1,1,1,7.67,0
EMP-01933,Platform,SRE,MySQL,17,10,6,4,3,15,10,5,0,1,0,31.69,0
EMP-01934,Platform,Manager,MariaDB,58,11,4,5,1,99,40,3,0,0,0,43.06,0
EMP-01935,Operations,Manager,PostgreSQL,7,2,0,2,3,96,43,4,0,0,1,73.15,1
EMP-01936,Operations,SRE,PostgreSQL,32,8,1,5,0,21,26,2,0,1,0,50.41,1
EMP-01937,Analytics,Developer,MySQL,136,11,9,2,0,110,41,2,1,0,1,0.0,0
EMP-01938,Security,Tech Lead,MySQL,52,5,5,0,6,21,18,4,1,1,0,3.06,0
EMP-01939,DevOps,DBA,PostgreSQL,31,1,0,1,1,35,19,2,1,1,1,13.4,0
EMP-01940,Platform,Platform Engineer,MongoDB,-36,0,0,0,3,112,2,8,1,0,1,84.0,1
EMP-01941,Finance,Senior DBA,MySQL,110,13,6,5,2,19,11,10,1,1,0,0.0,0
EMP-01942,Finance,Senior DBA,Oracle,177,7,3,2,0,36,36,4,0,1,0,3.74,0
EMP-01943,Finance,Developer,Oracle,72,10,5,4,8,20,33,5,1,0,1,68.33,1
EMP-01944,Operations,Platform Engineer,PostgreSQL,131,2,2,0,1,75,46,10,1,0,0,0.0,0
EMP-01945,Data Science,Platform Engineer,MySQL,-20,2,0,1,5,66,50,7,1,0,1,100.0,1
EMP-01946,Engineering,Senior DBA,MySQL,152,1,1,0,4,10,12,7,1,1,0,0.0,0
EMP-01947,Platform,Senior Developer,Oracle,171,12,7,3,5,46,8,8,1,0,0,0.0,0
EMP-01948,Analytics,DBA,PostgreSQL,19,13,10,1,0,27,4,4,0,1,1,0.0,0
EMP-01949,Infrastructure,Tech Lead,MySQL,5,0,0,0,3,22,7,10,1,1,0,7.21,0
EMP-01950,Finance,Tech Lead,Oracle,-12,10,9,0,2,35,33,10,1,1,1,7.02,0
EMP-01951,Compliance,Platform Engineer,PostgreSQL,18,10,10,0,0,25,19,5,1,0,1,0.0,0
EMP-01952,DevOps,Platform Engineer,Oracle,-34,8,6,0,7,84,31,2,1,0,0,100.0,1
EMP-01953,DevOps,Platform Engineer,MySQL,107,1,0,0,2,81,10,4,1,0,0,0.0,0
EMP-01954,Platform,Security Engineer,MySQL,13,17,17,0,3,75,28,3,1,1,0,0.0,1
EMP-01955,Analytics,Analyst,MySQL,50,5,1,3,6,63,49,6,0,0,1,75.19,1
EMP-01956,Operations,Senior Developer,MySQL,174,16,14,2,0,68,2,8,1,0,1,0.0,0
EMP-01957,Security,Manager,SQL Server,28,10,2,6,6,57,3,4,1,0,0,92.73,1
EMP-01958,Data Science,SRE,MySQL,59,11,11,0,3,18,48,10,1,1,1,0.0,0
EMP-01959,Compliance,Tech Lead,MySQL,180,16,13,3,5,35,39,4,0,1,0,0.0,0
EMP-01960,Security,DBA,Oracle,125,14,9,3,1,14,42,9,1,1,1,0.0,0
EMP-01961,Infrastructure,DBA,SQL Server,149,18,15,1,4,34,9,4,0,1,0,0.0,0
EMP-01962,Platform,Developer,Oracle,0,13,7,6,2,81,12,4,0,0,0,82.58,1
EMP-01963,Infrastructure,Analyst,PostgreSQL,133,8,6,0,6,39,45,3,1,0,0,0.0,0
EMP-01964,Compliance,Developer,PostgreSQL,178,5,2,2,5,35,48,6,0,0,1,42.85,0
EMP-01965,Analytics,DBA,PostgreSQL,-16,18,12,5,2,32,44,4,1,1,0,66.18,1
EMP-01966,Engineering,Tech Lead,MySQL,35,10,4,5,8,15,20,2,1,1,0,88.19,1
EMP-01967,DevOps,SRE,MongoDB,30,16,12,4,4,27,49,6,0,1,0,2.64,0
EMP-01968,Finance,SRE,SQL Server,8,6,1,3,1,9,17,10,0,1,0,21.33,0
EMP-01969,Compliance,Analyst,PostgreSQL,7,13,9,4,3,104,2,8,0,0,0,24.86,0
EMP-01970,Engineering,SRE,PostgreSQL,123,10,10,0,0,34,23,3,0,1,1,0.0,0
EMP-01971,Compliance,DBA,MySQL,67,4,3,1,2,29,18,4,1,1,1,0.0,0
EMP-01972,DevOps,Security Engineer,Oracle,46,9,3,4,2,16,2,2,1,1,1,40.63,0
EMP-01973,Finance,Senior DBA,PostgreSQL,19,17,15,0,0,22,16,10,1,1,1,0.0,0
EMP-01974,Data Science,Platform Engineer,MariaDB,52,1,0,1,5,112,17,2,1,0,1,52.27,0
EMP-01975,Operations,DBA,Oracle,75,10,9,1,3,19,7,2,1,1,1,0.0,0
EMP-01976,Security,Manager,MySQL,4,4,3,1,2,61,30,7,1,0,0,0.0,0
EMP-01977,Finance,Tech Lead,Oracle,137,7,1,4,8,24,18,6,1,1,0,94.87,1
EMP-01978,Analytics,Platform Engineer,Oracle,-29,9,4,5,2,79,28,3,0,0,1,100.0,1
EMP-01979,Platform,SRE,Oracle,14,14,12,0,4,34,21,6,1,1,1,0.0,0
EMP-01980,Platform,Security Engineer,MySQL,0,2,0,2,2,29,10,5,0,1,1,72.73,1
EMP-01981,Infrastructure,Tech Lead,MongoDB,41,20,15,5,2,34,2,7,0,1,1,0.0,0
EMP-01982,Data Science,Senior DBA,MySQL,36,6,4,1,0,8,41,6,1,1,1,0.0,0
EMP-01983,Engineering,Senior Developer,Oracle,72,1,0,0,5,61,39,9,1,0,0,5.06,0
EMP-01984,Operations,Platform Engineer,PostgreSQL,81,0,0,0,1,50,33,4,0,0,1,7.88,0
EMP-01985,Analytics,Security Engineer,MySQL,-17,13,10,1,2,50,50,6,1,1,1,41.29,0
EMP-01986,Compliance,DBA,Oracle,-5,19,16,3,2,6,31,2,1,1,1,0.0,0
EMP-01987,Analytics,Security Engineer,PostgreSQL,90,11,5,4,2,45,33,5,1,1,0,10.51,0
EMP-01988,Finance,Senior Developer,PostgreSQL,-9,4,1,3,7,109,40,10,1,0,0,100.0,1
EMP-01989,Analytics,Tech Lead,PostgreSQL,5,13,7,4,3,23,48,3,1,1,1,37.86,0
EMP-01990,Infrastructure,DBA,Oracle,127,5,3,0,4,11,12,3,1,1,0,0.0,0
EMP-01991,DevOps,Developer,MySQL,-39,14,9,3,8,102,38,4,1,0,0,100.0,1
EMP-01992,Finance,Platform Engineer,Oracle,18,11,8,1,1,83,21,7,1,0,0,0.0,0
EMP-01993,Analytics,Tech Lead,PostgreSQL,149,9,3,4,8,23,28,9,0,1,0,73.96,1
EMP-01994,Infrastructure,SRE,MySQL,-2,0,0,0,4,2,25,10,1,1,1,43.29,0
EMP-01995,Operations,Analyst,PostgreSQL,151,2,0,2,5,95,49,3,0,0,0,66.84,1
EMP-01996,Infrastructure,Manager,PostgreSQL,12,4,2,2,4,42,2,3,1,0,1,33.84,0
EMP-01997,Operations,Senior Developer,MySQL,139,5,2,2,0,78,27,2,1,0,1,2.38,0
EMP-01998,Data Science,DBA,PostgreSQL,140,2,0,2,1,19,41,8,0,1,1,18.78,0
EMP-01999,DevOps,Tech Lead,MySQL,39,20,18,2,7,26,42,8,1,1,0,0.0,0
EMP-02000,Engineering,Senior Developer,PostgreSQL,-2,9,5,2,5,29,48,10,1,0,0,32.52,0
EMP-02001,Platform,SRE,Oracle,37,9,7,0,1,22,10,7,0,1,0,0.0,0
EMP-02002,Platform,DBA,MySQL,-35,2,0,1,4,8,49,5,1,1,0,100.0,0
EMP-02003,Data Science,Senior Developer,MySQL,73,5,3,0,8,86,50,3,0,0,0,56.04,1
EMP-02004,Security,Security Engineer,MySQL,11,19,15,4,0,50,16,8,0,1,0,0.0,1
EMP-02005,Engineering,DBA,MySQL,41,16,10,4,3,33,48,9,0,1,1,0.0,0
EMP-02006,Compliance,SRE,MariaDB,6,16,9,5,1,14,36,3,1,1,0,13.27,0
EMP-02007,Platform,Platform Engineer,PostgreSQL,78,0,0,0,5,23,32,5,1,0,1,17.91,0
EMP-02008,Data Science,Platform Engineer,Oracle,165,18,18,0,5,65,34,5,0,0,1,0.0,0
EMP-02009,Finance,Developer,Oracle,84,6,6,0,4,66,40,10,1,0,0,0.0,0
EMP-02010,Infrastructure,Senior DBA,MongoDB,14,1,0,1,2,4,26,6,0,1,0,18.53,0
EMP-02011,Data Science,Analyst,PostgreSQL,139,5,2,2,9,12,39,5,1,0,1,60.09,1
EMP-02012,Operations,Senior DBA,MySQL,18,1,0,1,1,10,34,5,0,1,0,15.96,0
EMP-02013,Compliance,Developer,Oracle,-36,7,2,4,1,26,20,10,1,0,1,100.0,1
EMP-02014,Compliance,Senior Developer,Oracle,178,3,0,2,6,73,38,8,1,0,0,46.74,0
EMP-02015,Engineering,Tech Lead,MySQL,152,6,3,1,3,10,40,3,1,1,0,0.96,0
EMP-02016,Platform,Senior DBA,PostgreSQL,126,16,15,1,2,20,25,2,0,1,0,0.0,0
EMP-02017,Analytics,Security Engineer,Oracle,-39,7,5,0,1,41,41,7,1,1,1,53.45,0
EMP-02018,Analytics,DBA,PostgreSQL,46,6,4,0,1,33,34,2,1,1,1,0.0,0
EMP-02019,Analytics,SRE,Oracle,-19,2,0,0,4,36,34,3,1,1,1,100.0,1
EMP-02020,Infrastructure,Tech Lead,MariaDB,40,1,0,1,5,20,32,6,0,1,0,45.0,0
EMP-02021,Analytics,Security Engineer,Oracle,79,1,0,0,3,74,46,4,1,1,1,22.76,0
EMP-02022,DevOps,Senior DBA,Oracle,1,3,1,0,3,31,31,5,1,1,1,41.42,0
EMP-02023,Engineering,Developer,PostgreSQL,27,2,1,1,6,67,50,5,1,0,0,35.41,0
EMP-02024,Security,Manager,PostgreSQL,-3,2,0,0,5,96,27,8,1,0,0,58.9,1
EMP-02025,Infrastructure,Platform Engineer,Oracle,-10,18,13,3,0,119,31,3,1,0,1,22.83,0
EMP-02026,DevOps,SRE,PostgreSQL,49,4,0,3,4,3,38,6,0,1,0,53.62,0
EMP-02027,Security,Senior DBA,MongoDB,159,10,3,5,0,35,20,2,1,1,0,22.59,0
EMP-02028,Operations,Senior DBA,MySQL,20,7,5,1,2,11,6,6,1,1,0,0.0,0
EMP-02029,Platform,SRE,MySQL,19,14,13,1,4,9,32,2,1,1,1,0.0,0
EMP-02030,Platform,Developer,SQL Server,113,15,9,6,1,60,29,10,1,0,0,0.0,0
EMP-02031,Security,Senior Developer,MySQL,151,2,1,0,4,64,10,7,1,0,0,0.0,0
EMP-02032,Security,Manager,MySQL,152,16,11,3,1,119,19,8,0,0,0,0.0,0
EMP-02033,Finance,Developer,Oracle,154,2,0,2,2,20,2,10,1,0,0,0.0,0
EMP-02034,Data Science,Manager,PostgreSQL,109,10,6,4,7,10,32,2,1,0,0,45.09,0
EMP-02035,Engineering,Senior DBA,Oracle,5,15,9,4,2,18,39,9,1,1,0,0.0,0
EMP-02036,Platform,Developer,PostgreSQL,118,4,0,3,3,27,13,6,1,0,0,23.69,0
EMP-02037,Compliance,Tech Lead,PostgreSQL,40,8,6,2,1,35,21,7,1,1,1,0.0,0
EMP-02038,Compliance,Security Engineer,PostgreSQL,4,9,6,3,1,80,40,2,1,1,0,21.53,0
EMP-02039,Platform,Tech Lead,MongoDB,-7,15,13,2,6,20,29,8,0,1,0,37.73,0
EMP-02040,DevOps,SRE,Oracle,49,4,2,1,1,22,15,9,1,1,1,0.0,0
EMP-02041,Finance,Tech Lead,MySQL,66,19,14,4,3,11,20,2,1,1,0,0.0,0
EMP-02042,Operations,Analyst,MongoDB,96,2,0,1,6,9,1,2,1,0,0,37.18,0
EMP-02043,Engineering,Manager,Oracle,153,10,7,1,5,27,2,4,0,0,1,11.43,1
EMP-02044,Platform,Security Engineer,PostgreSQL,147,20,17,3,1,33,30,10,1,1,0,0.0,0
EMP-02045,Platform,Analyst,MySQL,-29,17,15,0,2,38,19,9,1,0,1,0.0,0
EMP-02046,Data Science,Senior DBA,Oracle,14,10,7,1,2,11,37,10,1,1,1,0.0,0
EMP-02047,Engineering,Senior Developer,Oracle,155,12,9,2,3,47,43,8,1,0,1,0.0,0
EMP-02048,DevOps,Developer,MariaDB,161,14,6,6,7,57,15,3,1,0,0,71.36,1
EMP-02049,Security,Platform Engineer,PostgreSQL,74,14,10,4,1,85,23,8,1,0,0,0.0,0
EMP-02050,Infrastructure,Analyst,Oracle,4,16,9,6,6,64,42,3,0,0,0,99.86,1
EMP-02051,Engineering,Security Engineer,PostgreSQL,96,16,11,4,4,44,15,4,0,1,1,19.4,0
EMP-02052,Operations,Analyst,Oracle,-21,7,5,2,3,88,45,8,1,0,1,94.11,1
EMP-02053,Finance,Manager,MySQL,87,5,4,1,7,23,34,3,1,0,0,24.85,0
EMP-02054,Infrastructure,Developer,MySQL,20,4,2,2,6,58,9,9,1,0,1,32.96,0
EMP-02055,Data Science,Senior DBA,MongoDB,124,17,16,0,1,14,10,8,1,1,1,0.0,0
EMP-02056,Engineering,Developer,SQL Server,32,11,11,0,3,111,22,4,0,0,1,0.0,0
EMP-02057,Infrastructure,Senior DBA,Oracle,-5,16,11,4,1,3,9,10,0,1,1,24.65,0
EMP-02058,Engineering,Tech Lead,Oracle,17,17,16,1,2,23,1,7,1,1,1,0.0,0
EMP-02059,Analytics,DBA,Oracle,13,0,0,0,3,1,35,4,1,1,1,16.27,0
EMP-02060,Compliance,Senior Developer,Oracle,129,13,8,4,3,97,24,10,1,0,0,0.0,0
EMP-02061,Infrastructure,Developer,Oracle,168,12,7,3,5,44,12,6,0,0,1,31.53,0
EMP-02062,Engineering,DBA,MySQL,43,0,0,0,3,1,31,8,0,1,1,13.15,0
EMP-02063,Engineering,Senior Developer,MongoDB,124,3,2,1,0,92,37,10,0,0,0,0.0,0
EMP-02064,Security,Developer,Oracle,-29,15,9,5,5,97,23,5,1,0,1,100.0,1
EMP-02065,Platform,Security Engineer,PostgreSQL,52,19,17,0,3,99,11,4,0,1,0,0.0,0
EMP-02066,Security,Tech Lead,Oracle,115,10,6,2,1,5,5,5,0,1,0,0.0,0
EMP-02067,Engineering,Platform Engineer,MySQL,177,4,2,0,1,116,32,4,1,0,1,0.0,0
EMP-02068,Security,Security Engineer,Oracle,168,20,14,6,0,100,15,4,1,1,1,0.0,0
EMP-02069,Compliance,Developer,Oracle,46,1,0,0,2,98,17,10,1,0,1,0.0,0
EMP-02070,DevOps,Senior Developer,MySQL,111,11,8,3,3,32,22,2,1,0,0,0.0,0
EMP-02071,Platform,Manager,Oracle,30,16,12,2,5,28,41,6,1,0,0,0.0,0
EMP-02072,Platform,Manager,PostgreSQL,105,12,12,0,0,76,37,3,0,0,1,0.0,0
EMP-02073,Engineering,Analyst,PostgreSQL,-27,10,7,1,1,110,35,4,1,0,0,49.44,0
EMP-02074,Security,SRE,MySQL,98,6,0,4,0,7,1,9,0,1,0,21.52,0
EMP-02075,Data Science,Tech Lead,MariaDB,-4,15,9,6,3,1,5,6,1,1,0,58.94,1
EMP-02076,Compliance,Developer,PostgreSQL,163,18,17,0,7,89,43,9,1,0,1,0.0,0
EMP-02077,Engineering,Analyst,MySQL,124,19,18,1,7,59,50,4,0,0,1,0.0,0
EMP-02078,DevOps,SRE,MySQL,171,19,13,4,1,24,41,5,1,1,1,0.0,0
EMP-02079,DevOps,Tech Lead,MySQL,-42,10,9,0,8,8,6,9,1,1,1,73.67,1
EMP-02080,Platform,Platform Engineer,Oracle,72,6,5,0,2,13,18,6,0,0,1,0.0,0
EMP-02081,Analytics,Senior Developer,PostgreSQL,6,3,0,2,2,112,26,9,1,0,1,33.09,0
EMP-02082,Platform,SRE,SQL Server,6,6,2,3,0,3,6,5,0,1,0,35.63,0
EMP-02083,Finance,DBA,PostgreSQL,94,10,10,0,1,27,50,5,0,1,0,0.0,0
EMP-02084,Data Science,Platform Engineer,Oracle,69,2,0,2,0,15,46,6,1,0,1,0.0,0
EMP-02085,Engineering,DBA,MySQL,127,1,0,1,3,1,17,9,1,1,1,2.65,0
EMP-02086,DevOps,Analyst,PostgreSQL,-26,18,15,2,10,23,10,7,1,0,1,74.91,1
EMP-02087,Platform,Platform Engineer,PostgreSQL,27,11,8,1,1,8,13,8,1,0,0,0.0,0
EMP-02088,DevOps,Security Engineer,MySQL,8,5,1,2,1,52,28,6,1,1,0,11.58,0
EMP-02089,Operations,SRE,MySQL,92,20,17,3,2,6,4,9,1,1,1,0.0,0
EMP-02090,Platform,Platform Engineer,Oracle,101,18,15,1,4,72,26,6,1,0,1,0.0,0
EMP-02091,Compliance,Tech Lead,SQL Server,62,8,5,2,0,7,6,3,0,1,1,0.0,0
EMP-02092,Operations,Senior DBA,MySQL,55,14,11,2,4,7,35,2,1,1,1,0.0,0
EMP-02093,Finance,Developer,PostgreSQL,106,6,2,3,8,47,23,7,1,0,1,60.19,1
EMP-02094,Analytics,DBA,PostgreSQL,28,20,17,1,3,3,49,9,1,1,1,0.0,0
EMP-02095,Security,Manager,MySQL,72,8,8,0,5,43,12,5,1,0,0,0.0,0
EMP-02096,Compliance,Platform Engineer,PostgreSQL,11,15,7,6,6,46,7,4,1,0,1,62.42,1
EMP-02097,DevOps,SRE,PostgreSQL,21,14,9,5,4,30,45,10,1,1,0,0.36,0
EMP-02098,Engineering,Platform Engineer,SQL Server,-4,11,10,0,1,16,45,6,1,0,1,0.0,0
EMP-02099,Finance,Senior Developer,PostgreSQL,104,1,0,1,1,80,41,9,1,0,0,0.0,0
EMP-02100,Security,Analyst,Oracle,128,5,2,2,6,84,40,4,1,0,1,57.79,1
EMP-02101,Infrastructure,Tech Lead,Oracle,78,3,0,1,7,27,13,10,1,1,1,44.78,0
EMP-02102,DevOps,Senior DBA,MySQL,150,14,14,0,2,28,25,5,0,1,0,0.0,0
EMP-02103,Security,Platform Engineer,PostgreSQL,4,3,1,2,6,88,39,3,0,0,1,95.32,1
EMP-02104,Platform,Developer,Oracle,104,4,1,1,0,88,4,6,1,0,0,0.0,0
EMP-02105,Operations,Developer,MySQL,7,17,13,2,4,106,39,3,1,0,1,0.0,0
EMP-02106,Analytics,Security Engineer,PostgreSQL,18,3,1,1,4,101,18,5,1,1,1,36.32,0
EMP-02107,Infrastructure,Analyst,PostgreSQL,-25,16,11,3,10,120,14,2,1,0,0,100.0,1
EMP-02108,Operations,Analyst,MySQL,45,15,13,0,1,51,48,5,0,0,1,0.0,1
EMP-02109,Data Science,SRE,MySQL,-5,3,1,0,2,4,30,5,1,1,0,40.08,0
EMP-02110,Infrastructure,Analyst,MySQL,6,14,10,4,1,75,25,7,1,0,0,0.0,0
EMP-02111,Finance,Senior DBA,MySQL,81,7,2,4,4,26,29,6,1,1,1,46.79,0
EMP-02112,Security,Platform Engineer,PostgreSQL,7,17,15,1,1,91,38,3,0,0,1,0.0,0
EMP-02113,Engineering,Senior Developer,MySQL,-19,20,13,6,2,50,6,10,1,0,1,56.29,1
EMP-02114,Operations,SRE,MySQL,-40,13,9,3,1,17,8,4,1,1,1,62.48,1
EMP-02115,Security,Platform Engineer,MySQL,81,20,18,0,8,82,24,7,1,0,0,0.0,0
EMP-02116,Security,Manager,PostgreSQL,1,1,0,0,1,120,44,4,1,0,0,25.17,0
EMP-02117,Finance,Developer,MySQL,114,17,16,0,5,37,21,8,1,0,0,0.0,0
EMP-02118,Compliance,SRE,PostgreSQL,35,9,2,5,4,28,8,5,1,1,0,52.8,0
EMP-02119,DevOps,Security Engineer,Oracle,116,3,0,2,0,11,9,4,0,1,1,27.14,0
EMP-02120,Analytics,Tech Lead,Oracle,93,4,4,0,6,2,43,8,1,1,1,0.0,0
EMP-02121,Data Science,Security Engineer,MySQL,98,2,0,1,4,42,48,10,0,1,1,32.12,0
EMP-02122,Finance,Senior DBA,Oracle,-20,19,12,6,2,34,37,8,0,1,0,100.0,1
EMP-02123,Engineering,Developer,Oracle,-19,6,2,3,2,79,46,4,1,0,0,100.0,1
EMP-02124,Operations,SRE,Oracle,88,10,6,2,2,6,9,5,1,1,1,0.0,0
EMP-02125,Security,Senior Developer,MongoDB,98,18,15,3,7,72,15,7,1,0,1,0.0,0
EMP-02126,Analytics,Tech Lead,Oracle,-24,18,18,0,7,33,17,6,1,1,1,28.53,0
EMP-02127,DevOps,Manager,PostgreSQL,21,10,4,5,0,8,46,6,0,0,1,20.11,0
EMP-02128,Platform,Senior DBA,Oracle,18,15,12,2,0,3,1,4,0,1,0,0.0,0
EMP-02129,Engineering,DBA,MySQL,153,14,8,6,4,18,13,2,1,1,1,45.62,0
EMP-02130,Security,DBA,Oracle,87,3,1,0,4,36,46,2,1,1,1,27.89,0
EMP-02131,Operations,Tech Lead,PostgreSQL,85,11,8,3,1,14,45,4,1,1,1,0.0,0
EMP-02132,Platform,DBA,Oracle,11,20,14,5,2,26,48,6,0,1,0,0.0,0
EMP-02133,Operations,Analyst,PostgreSQL,-31,15,11,3,8,26,14,9,1,0,1,84.83,1
EMP-02134,Operations,Analyst,MySQL,115,17,12,4,11,53,37,5,1,0,1,49.23,0
EMP-02135,Security,SRE,Oracle,103,2,0,2,4,25,27,4,1,1,0,43.29,0
EMP-02136,Infrastructure,Analyst,PostgreSQL,-20,12,9,2,9,85,44,6,1,0,0,100.0,1
EMP-02137,Compliance,Senior DBA,PostgreSQL,-33,15,10,3,3,29,38,4,1,1,0,66.72,1
EMP-02138,Operations,Developer,SQL Server,28,15,13,1,0,106,17,7,1,0,1,0.0,0
EMP-02139,Finance,DBA,PostgreSQL,67,20,16,2,4,13,7,4,1,1,1,0.0,0
EMP-02140,Data Science,Tech Lead,MySQL,32,8,3,3,4,27,1,7,1,1,0,20.44,0
EMP-02141,Engineering,Senior DBA,PostgreSQL,167,6,4,0,1,16,31,8,1,1,0,0.0,0
EMP-02142,Engineering,Developer,PostgreSQL,13,10,9,1,3,24,37,5,0,0,0,0.0,0
EMP-02143,Engineering,Senior DBA,PostgreSQL,7,14,13,1,3,8,8,10,1,1,1,0.0,0
EMP-02144,Data Science,SRE,Oracle,176,18,11,6,1,7,45,10,1,1,0,0.0,0
EMP-02145,Compliance,Senior Developer,MySQL,22,19,12,6,8,41,9,7,1,0,1,39.48,0
EMP-02146,Security,Developer,MongoDB,158,0,0,0,0,67,27,6,1,0,0,0.0,0
EMP-02147,DevOps,Tech Lead,MySQL,-22,16,11,4,2,21,1,3,0,1,0,86.56,1
EMP-02148,Compliance,Analyst,Oracle,24,11,9,1,12,41,20,7,1,0,1,44.25,0
EMP-02149,Operations,Platform Engineer,MySQL,18,7,4,1,2,119,5,9,1,0,1,0.0,0
EMP-02150,DevOps,Developer,PostgreSQL,166,11,5,5,6,57,7,8,0,0,0,56.35,1
EMP-02151,Engineering,SRE,MySQL,136,13,10,1,2,14,9,7,1,1,1,0.0,0
EMP-02152,Analytics,Platform Engineer,Oracle,89,12,4,6,7,119,34,10,1,0,0,79.76,1
EMP-02153,Engineering,Manager,Oracle,106,0,0,0,3,73,8,7,1,0,1,1.32,0
EMP-02154,Infrastructure,Security Engineer,MySQL,38,1,0,0,2,114,25,8,1,1,0,0.0,0
EMP-02155,Analytics,Tech Lead,MySQL,10,9,6,3,1,21,7,6,1,1,1,0.0,0
EMP-02156,Security,Platform Engineer,MySQL,110,10,4,6,6,94,8,2,1,0,1,90.71,1
EMP-02157,Analytics,Developer,PostgreSQL,-6,15,11,2,3,43,13,7,1,0,1,10.23,0
EMP-02158,Data Science,Manager,PostgreSQL,13,20,15,3,6,86,2,6,0,0,1,0.0,0
EMP-02159,DevOps,Senior DBA,MariaDB,108,17,15,0,1,17,28,10,1,1,1,0.0,0
EMP-02160,Engineering,Senior Developer,PostgreSQL,73,11,7,3,7,68,11,5,1,0,1,32.7,0
EMP-02161,Operations,Platform Engineer,PostgreSQL,-36,19,12,5,2,22,41,2,1,0,0,65.75,1
EMP-02162,Compliance,Manager,SQL Server,-37,16,9,6,7,51,30,2,1,0,1,100.0,1
EMP-02163,Data Science,Platform Engineer,PostgreSQL,-2,16,15,0,8,62,3,6,0,0,1,20.94,0
EMP-02164,Security,SRE,MySQL,30,8,4,3,3,12,19,2,1,1,1,30.75,0
EMP-02165,Infrastructure,Analyst,MariaDB,93,18,14,2,0,100,27,3,1,0,1,0.0,0
EMP-02166,Platform,Analyst,MySQL,-7,20,18,0,3,103,45,4,0,0,0,0.0,0
EMP-02167,Data Science,SRE,MariaDB,-30,0,0,0,4,15,3,9,0,1,1,100.0,0
EMP-02168,Platform,Manager,Oracle,2,2,0,1,2,52,28,2,1,0,0,50.12,0
EMP-02169,Operations,Tech Lead,MySQL,172,6,4,1,7,1,48,5,1,1,0,22.65,0
EMP-02170,DevOps,Developer,Oracle,62,10,8,2,8,108,47,7,1,0,1,29.04,0
EMP-02171,Compliance,Senior Developer,Oracle,10,13,8,4,4,61,41,9,1,0,0,0.0,0
EMP-02172,Infrastructure,Tech Lead,MySQL,174,1,0,0,8,21,9,4,1,1,1,57.06,1
EMP-02173,Data Science,Security Engineer,Oracle,56,3,0,1,1,18,25,4,1,1,0,0.0,0
EMP-02174,Analytics,Senior Developer,MySQL,115,3,2,0,6,79,49,5,1,0,1,24.02,0
EMP-02175,Data Science,Manager,Oracle,6,5,2,1,0,87,46,2,0,0,1,37.59,0
EMP-02176,Engineering,Tech Lead,Oracle,-22,0,0,0,1,32,32,10,0,1,0,88.17,1
EMP-02177,Compliance,Senior DBA,PostgreSQL,-34,16,12,3,3,17,20,2,0,1,0,77.41,1
EMP-02178,Engineering,Senior DBA,Oracle,5,2,1,1,4,20,10,3,0,1,0,72.93,1
EMP-02179,Infrastructure,Security Engineer,PostgreSQL,-35,8,6,1,1,43,17,6,1,1,1,52.51,0
EMP-02180,Infrastructure,Tech Lead,MySQL,18,0,0,0,3,35,8,6,0,1,1,29.1,0
EMP-02181,Finance,Platform Engineer,PostgreSQL,104,0,0,0,3,98,10,7,1,0,1,4.55,0
EMP-02182,Compliance,DBA,MySQL,-4,0,0,0,1,34,10,6,1,1,1,40.96,0
EMP-02183,Security,SRE,MySQL,179,9,5,2,4,20,31,8,0,1,0,10.92,0
EMP-02184,Data Science,Senior Developer,MySQL,10,7,4,3,7,24,37,8,0,0,1,61.5,1
EMP-02185,Engineering,Platform Engineer,Oracle,30,17,12,3,3,116,18,5,1,0,0,0.0,0
EMP-02186,Infrastructure,Developer,Oracle,100,5,2,1,3,90,50,10,1,0,1,0.0,0
EMP-02187,Finance,DBA,PostgreSQL,41,14,13,0,1,31,10,7,1,1,0,0.0,0
EMP-02188,Engineering,Tech Lead,MySQL,90,8,6,2,2,32,3,4,1,1,1,0.0,0
EMP-02189,Operations,Tech Lead,PostgreSQL,72,0,0,0,3,15,8,6,0,1,1,21.08,0
EMP-02190,Security,Platform Engineer,MySQL,30,19,17,2,4,77,13,6,1,0,0,0.0,0
EMP-02191,DevOps,Developer,MongoDB,25,12,12,0,0,65,43,7,1,0,1,0.0,0
EMP-02192,Finance,Platform Engineer,MySQL,27,3,1,0,0,73,28,5,1,0,1,0.0,0
EMP-02193,Compliance,Tech Lead,Oracle,44,7,3,2,3,13,22,6,0,1,1,29.78,0
EMP-02194,DevOps,Tech Lead,PostgreSQL,3,4,1,1,4,15,45,2,1,1,1,60.98,1
EMP-02195,Finance,Security Engineer,Oracle,178,12,11,0,3,27,14,10,0,1,0,0.0,0
EMP-02196,Infrastructure,Security Engineer,PostgreSQL,3,11,8,2,2,43,8,3,1,1,1,14.98,0
EMP-02197,Analytics,Analyst,Oracle,125,13,9,3,0,106,7,6,0,0,0,0.0,0
EMP-02198,Infrastructure,Tech Lead,PostgreSQL,39,2,0,0,2,10,32,7,1,1,1,0.0,0
EMP-02199,Security,Manager,PostgreSQL,-14,14,11,2,0,103,24,9,1,0,1,9.04,0
EMP-02200,Analytics,Platform Engineer,PostgreSQL,14,15,9,4,2,87,9,3,1,0,0,0.0,0
EMP-02201,Finance,DBA,MongoDB,28,8,2,5,0,19,23,5,1,1,0,20.04,0
EMP-02202,Infrastructure,Security Engineer,MySQL,3,3,3,0,0,99,26,3,0,1,0,25.94,0
EMP-02203,DevOps,Senior Developer,MongoDB,64,19,17,1,1,43,21,5,1,0,1,0.0,0
EMP-02204,DevOps,Analyst,MySQL,-40,8,3,3,3,103,1,3,0,0,1,100.0,1
EMP-02205,Data Science,Security Engineer,Oracle,140,19,19,0,3,19,4,4,1,1,0,0.0,0
EMP-02206,Finance,DBA,MySQL,20,9,3,4,4,6,23,7,0,1,1,56.38,1
EMP-02207,Finance,SRE,PostgreSQL,83,0,0,0,3,6,14,10,1,1,1,0.0,0
EMP-02208,Finance,Tech Lead,PostgreSQL,-9,14,7,5,7,4,44,6,1,1,0,100.0,1
EMP-02209,Infrastructure,SRE,MySQL,19,11,4,6,4,17,7,3,0,1,1,87.98,1
EMP-02210,Engineering,Senior Developer,MySQL,-38,11,7,2,4,43,28,10,0,0,0,77.27,1
EMP-02211,Operations,Senior DBA,MySQL,78,5,2,2,0,30,5,3,1,1,1,0.0,0
EMP-02212,DevOps,Senior DBA,PostgreSQL,6,0,0,0,0,31,4,8,0,1,1,11.89,0
EMP-02213,Operations,Tech Lead,MySQL,23,15,10,3,7,26,24,2,1,1,1,32.79,0
EMP-02214,Platform,SRE,MySQL,5,19,17,2,3,16,47,7,1,1,1,0.0,0
EMP-02215,Compliance,Security Engineer,Oracle,35,9,8,1,1,119,2,3,1,1,1,0.0,0
EMP-02216,Compliance,Developer,Oracle,149,3,0,2,4,18,14,3,0,0,1,64.54,1
EMP-02217,Security,Analyst,PostgreSQL,15,18,12,5,3,52,19,5,1,0,0,0.0,0
EMP-02218,Security,Platform Engineer,Oracle,72,3,0,2,4,99,50,4,0,0,1,74.1,1
EMP-02219,Analytics,Manager,MySQL,25,5,2,1,4,106,46,3,1,0,1,31.96,0
EMP-02220,Security,Tech Lead,MongoDB,117,6,3,3,5,16,1,5,0,1,1,52.95,0
EMP-02221,Finance,Senior DBA,Oracle,157,6,1,3,3,6,39,8,1,1,1,26.31,0
EMP-02222,Platform,SRE,Oracle,-8,12,12,0,0,31,4,2,1,1,1,0.0,0
EMP-02223,Infrastructure,Tech Lead,MySQL,37,1,0,0,1,36,49,6,1,1,1,0.0,0
EMP-02224,DevOps,Analyst,Oracle,116,7,2,4,1,89,13,5,1,0,0,21.25,0
EMP-02225,DevOps,Tech Lead,PostgreSQL,112,17,10,6,1,32,41,8,0,1,1,5.38,0
EMP-02226,DevOps,SRE,PostgreSQL,142,2,0,2,0,21,29,4,1,1,1,6.71,0
EMP-02227,DevOps,Security Engineer,MySQL,161,14,8,5,4,91,43,9,1,1,1,20.77,0
EMP-02228,Finance,Senior DBA,Oracle,139,16,11,3,0,23,44,2,1,1,0,0.0,0
EMP-02229,Compliance,Security Engineer,PostgreSQL,28,9,4,3,1,43,49,8,1,1,1,0.0,0
EMP-02230,Security,Manager,Oracle,0,20,15,5,4,80,4,4,1,0,0,14.57,0
EMP-02231,Data Science,DBA,MySQL,4,3,0,1,3,29,19,6,0,1,0,51.23,0
EMP-02232,Operations,Tech Lead,MySQL,8,12,4,6,5,24,13,3,1,1,1,86.0,1
EMP-02233,Engineering,Security Engineer,PostgreSQL,29,2,0,0,0,83,31,8,1,1,1,0.0,0
EMP-02234,Analytics,Security Engineer,Oracle,31,8,4,4,0,58,12,8,1,1,0,0.0,0
EMP-02235,Analytics,Senior DBA,PostgreSQL,143,16,13,3,3,23,48,6,1,1,0,0.0,0
EMP-02236,Engineering,Senior Developer,MySQL,83,18,16,2,8,18,48,2,0,0,0,0.0,0
EMP-02237,Platform,Tech Lead,Oracle,147,17,15,1,8,31,1,9,1,1,0,0.0,0
EMP-02238,DevOps,Senior DBA,PostgreSQL,6,7,4,3,0,15,12,8,0,1,0,12.53,0
EMP-02239,DevOps,DBA,PostgreSQL,0,17,14,1,1,2,41,3,0,1,1,0.0,0
EMP-02240,Finance,Security Engineer,MySQL,-37,3,0,2,2,41,32,6,0,1,0,100.0,1
EMP-02241,Platform,Platform Engineer,Oracle,143,10,5,4,2,67,22,2,0,0,0,39.99,0
EMP-02242,Compliance,Developer,Oracle,79,6,2,2,1,104,48,5,1,0,0,0.0,0
EMP-02243,Finance,Senior DBA,PostgreSQL,90,12,9,1,4,36,7,5,1,1,1,0.0,0
EMP-02244,Engineering,SRE,PostgreSQL,-34,10,4,5,0,31,26,5,0,1,0,100.0,1
EMP-02245,Finance,Security Engineer,PostgreSQL,-10,15,10,4,2,31,18,3,0,1,1,76.02,1
EMP-02246,Data Science,SRE,Oracle,55,13,6,6,1,22,6,3,1,1,1,31.86,0
EMP-02247,Compliance,Manager,PostgreSQL,97,15,11,2,3,36,9,2,1,0,0,0.0,1
EMP-02248,Analytics,Analyst,SQL Server,5,4,2,0,7,52,25,6,1,0,1,49.96,0
EMP-02249,Security,DBA,PostgreSQL,81,14,9,4,3,34,37,9,0,1,1,4.24,0
EMP-02250,Operations,Security Engineer,Oracle,69,4,1,3,4,76,42,7,1,1,1,52.42,1
EMP-02251,DevOps,Tech Lead,Oracle,-15,1,0,0,7,33,19,5,1,1,0,100.0,1
EMP-02252,Finance,Manager,MariaDB,95,8,4,3,2,113,27,4,1,0,0,11.25,0
EMP-02253,Operations,Security Engineer,Oracle,6,20,15,5,1,19,28,2,1,1,0,0.0,0
EMP-02254,DevOps,DBA,MongoDB,12,19,15,3,1,29,28,7,1,1,1,0.0,0
EMP-02255,Compliance,Platform Engineer,MySQL,-37,10,4,5,8,39,9,6,1,0,1,100.0,1
EMP-02256,Finance,Analyst,Oracle,160,11,5,6,1,89,50,5,0,0,0,46.55,0
EMP-02257,Data Science,Tech Lead,Oracle,171,2,2,0,5,16,20,4,1,1,0,13.03,0
EMP-02258,DevOps,Developer,PostgreSQL,44,19,16,1,6,59,28,4,1,0,0,0.0,0
EMP-02259,Infrastructure,Senior DBA,Oracle,55,7,5,2,0,28,7,5,1,1,0,0.0,0
EMP-02260,Security,Senior DBA,PostgreSQL,59,1,0,0,0,30,43,9,1,1,0,0.0,0
EMP-02261,Operations,Senior DBA,Oracle,66,14,14,0,1,22,9,10,1,1,0,0.0,0
EMP-02262,Platform,DBA,MySQL,74,14,9,4,1,20,18,6,1,1,1,0.0,0
EMP-02263,Compliance,Developer,MySQL,-15,0,0,0,2,101,7,7,0,0,1,99.23,1
EMP-02264,Security,Platform Engineer,MySQL,141,2,0,1,6,78,41,9,1,0,0,26.88,0
EMP-02265,Engineering,Platform Engineer,PostgreSQL,61,6,2,4,2,36,5,4,0,0,0,39.19,0
EMP-02266,Platform,Security Engineer,MySQL,-28,16,13,3,0,10,42,5,1,1,1,24.96,0
EMP-02267,Operations,Security Engineer,PostgreSQL,156,7,4,1,4,27,38,7,0,1,1,15.62,0
EMP-02268,Engineering,Senior Developer,Oracle,23,6,3,2,6,74,21,8,1,0,1,37.71,0
EMP-02269,Engineering,Senior Developer,Oracle,133,10,5,4,7,13,44,8,0,0,1,65.43,1
EMP-02270,Finance,Security Engineer,Oracle,145,4,0,2,0,120,50,7,1,1,0,5.75,0
EMP-02271,Data Science,Platform Engineer,Oracle,19,18,13,4,8,66,26,8,1,0,0,6.47,0
EMP-02272,DevOps,Manager,MySQL,2,5,3,0,0,63,45,3,1,0,0,0.0,0
EMP-02273,Security,DBA,Oracle,0,14,13,1,1,7,46,9,1,1,1,0.0,0
EMP-02274,Platform,Tech Lead,PostgreSQL,-44,6,0,4,6,20,13,8,1,1,0,100.0,1
EMP-02275,Engineering,Senior DBA,MySQL,155,6,2,3,0,21,32,5,0,1,1,20.56,0
EMP-02276,Platform,Senior Developer,MySQL,94,12,4,6,6,66,5,3,1,0,0,77.12,1
EMP-02277,Security,Manager,MariaDB,5,17,13,3,5,33,16,4,1,0,1,0.8,0
EMP-02278,Data Science,Security Engineer,MySQL,-20,3,0,1,2,28,36,7,1,1,0,88.58,1
EMP-02279,Data Science,Platform Engineer,Oracle,70,13,9,2,0,24,25,9,0,0,0,0.0,0
EMP-02280,Security,Analyst,Oracle,163,3,1,0,5,80,14,8,1,0,1,12.27,0
EMP-02281,DevOps,Platform Engineer,Oracle,133,17,12,5,7,58,15,5,0,0,1,49.4,0
EMP-02282,Infrastructure,SRE,MySQL,0,10,6,4,3,13,6,2,0,1,1,75.9,0
EMP-02283,Compliance,SRE,Oracle,-28,3,1,2,4,24,7,9,1,1,0,100.0,1
EMP-02284,DevOps,Senior DBA,Oracle,-2,4,1,2,4,2,36,3,1,1,1,96.36,1
EMP-02285,Compliance,DBA,Oracle,101,18,11,5,2,9,18,2,0,1,0,10.71,1
EMP-02286,Finance,Senior DBA,Oracle,-14,4,0,2,1,27,22,4,0,1,1,100.0,1
EMP-02287,Analytics,Senior DBA,PostgreSQL,-27,4,0,3,3,20,2,3,0,1,1,100.0,1
EMP-02288,Finance,Analyst,MariaDB,80,10,7,3,4,22,12,7,1,0,1,0.0,0
EMP-02289,Platform,Platform Engineer,Oracle,172,10,9,0,7,69,20,4,0,0,1,12.72,0
EMP-02290,Analytics,Senior DBA,PostgreSQL,1,6,1,3,2,24,3,3,0,1,1,79.8,1
EMP-02291,DevOps,Developer,MySQL,91,14,11,1,8,86,26,10,1,0,1,0.0,0
EMP-02292,Analytics,DBA,MySQL,3,7,5,0,2,8,45,2,1,1,0,4.17,0
EMP-02293,Security,SRE,Oracle,-40,14,12,2,3,8,2,5,1,1,1,53.67,0
EMP-02294,Security,DBA,Oracle,-30,10,6,3,2,16,38,8,1,1,0,79.73,1
EMP-02295,Security,Manager,SQL Server,63,14,13,1,7,110,43,4,1,0,0,0.0,0
EMP-02296,DevOps,Senior Developer,MariaDB,19,7,3,2,7,99,9,3,0,0,0,73.44,1
EMP-02297,Finance,Senior Developer,Oracle,87,0,0,0,1,103,47,6,1,0,0,0.0,0
EMP-02298,Data Science,Senior Developer,MySQL,140,4,3,1,0,20,28,5,1,0,0,0.0,0
EMP-02299,Security,Senior DBA,MySQL,6,13,7,6,0,11,3,10,1,1,0,2.6,0
EMP-02300,Data Science,Senior Developer,MySQL,54,10,8,1,2,67,22,6,1,0,0,0.0,0
EMP-02301,DevOps,Manager,MySQL,169,17,16,1,3,67,14,10,0,0,1,0.0,0
EMP-02302,Data Science,Senior Developer,PostgreSQL,13,18,15,2,1,100,40,8,1,0,1,0.0,0
EMP-02303,Operations,Analyst,Oracle,26,14,10,4,6,28,1,8,1,0,0,0.1,1
EMP-02304,Analytics,Developer,MySQL,166,15,11,3,1,112,22,3,1,0,1,0.0,0
EMP-02305,Data Science,Manager,PostgreSQL,119,6,4,0,5,114,37,2,1,0,0,11.99,0
EMP-02306,Analytics,Tech Lead,Oracle,42,15,11,3,7,9,35,3,1,1,0,12.43,0
EMP-02307,DevOps,Senior Developer,MySQL,79,8,2,4,7,81,50,6,1,0,1,73.81,1
EMP-02308,Engineering,DBA,Oracle,116,16,12,4,1,19,21,3,0,1,0,0.0,0
EMP-02309,Security,Developer,MySQL,10,14,13,0,3,12,6,8,0,0,1,0.0,0
EMP-02310,Finance,Tech Lead,MySQL,22,9,4,3,6,14,39,6,0,1,0,56.04,1
EMP-02311,Operations,Senior DBA,PostgreSQL,16,2,0,1,2,11,17,3,1,1,0,13.4,0
EMP-02312,Analytics,Senior Developer,Oracle,118,11,4,5,1,51,32,9,0,0,1,25.23,0
EMP-02313,Data Science,Security Engineer,PostgreSQL,10,16,11,4,4,9,22,4,1,1,0,0.0,0
EMP-02314,Compliance,Manager,Oracle,21,20,19,1,3,79,7,10,1,0,0,0.0,0
EMP-02315,Operations,Senior Developer,PostgreSQL,-35,10,4,5,2,68,2,10,1,0,1,96.82,1
EMP-02316,Infrastructure,Senior DBA,PostgreSQL,113,9,5,3,0,17,41,10,1,1,0,0.0,0
EMP-02317,Analytics,Senior Developer,Oracle,-6,14,13,0,6,37,48,10,0,0,1,11.96,0
EMP-02318,Operations,Analyst,Oracle,-25,16,10,4,12,61,44,9,0,0,0,100.0,1
EMP-02319,Engineering,Security Engineer,MySQL,180,0,0,0,3,112,10,7,1,1,0,8.83,0
EMP-02320,Infrastructure,Analyst,Oracle,152,18,14,4,2,91,47,8,1,0,1,0.0,0
EMP-02321,Security,Security Engineer,Oracle,41,6,5,0,1,11,30,2,1,1,0,0.0,0
EMP-02322,Analytics,Senior DBA,Oracle,150,0,0,0,3,22,48,4,1,1,1,14.04,0
EMP-02323,Data Science,Platform Engineer,PostgreSQL,172,7,2,3,1,24,19,3,0,0,1,27.55,0
EMP-02324,Compliance,Senior DBA,MySQL,83,10,8,0,4,1,30,4,0,1,1,0.0,0
EMP-02325,Infrastructure,Security Engineer,SQL Server,133,4,1,3,2,84,8,10,1,1,0,12.86,0
EMP-02326,Operations,Manager,Oracle,9,1,0,1,8,11,43,10,0,0,1,74.29,1
EMP-02327,Compliance,Security Engineer,MongoDB,20,16,9,5,0,27,5,4,1,1,1,0.0,0
EMP-02328,Data Science,Manager,PostgreSQL,65,15,10,4,3,63,25,10,1,0,1,0.0,0
EMP-02329,Compliance,SRE,PostgreSQL,18,13,9,2,0,11,35,9,1,1,0,0.0,0
EMP-02330,Operations,Analyst,PostgreSQL,46,16,15,1,8,106,6,6,0,0,0,0.0,0
EMP-02331,Operations,Senior Developer,Oracle,56,7,3,2,2,36,46,7,0,0,0,3.16,0
EMP-02332,DevOps,DBA,SQL Server,156,15,15,0,0,5,33,2,1,1,1,0.0,0
EMP-02333,Finance,Manager,PostgreSQL,7,6,6,0,5,114,11,2,1,0,1,27.19,0
EMP-02334,DevOps,Developer,PostgreSQL,-14,10,9,1,3,44,45,10,0,0,0,35.55,0
EMP-02335,Security,Developer,MySQL,50,16,14,1,3,9,21,8,1,0,0,0.0,0
EMP-02336,DevOps,SRE,PostgreSQL,-9,19,16,3,2,22,14,3,0,1,0,21.57,0
EMP-02337,Infrastructure,Manager,Oracle,114,3,0,2,6,91,26,4,1,0,0,65.86,1
EMP-02338,Analytics,Tech Lead,SQL Server,2,1,1,0,1,2,45,8,1,1,1,3.46,0
EMP-02339,Platform,Developer,Oracle,-32,19,15,3,2,56,4,3,0,0,0,55.97,1
EMP-02340,Data Science,Developer,PostgreSQL,73,14,7,5,8,54,18,9,0,0,1,64.01,0
EMP-02341,Finance,Developer,MySQL,38,13,9,2,4,11,2,4,1,0,1,0.0,0
EMP-02342,Finance,Tech Lead,Oracle,26,15,11,3,5,9,14,9,0,1,0,0.0,0
EMP-02343,Operations,Platform Engineer,MySQL,10,2,1,0,4,22,10,3,1,0,1,18.71,0
EMP-02344,Security,DBA,MySQL,-36,18,12,5,1,3,15,10,1,1,1,43.44,0
EMP-02345,Security,Analyst,Oracle,159,8,7,0,9,11,14,5,1,0,0,5.87,0
EMP-02346,Operations,Senior DBA,MySQL,26,11,10,0,3,22,9,10,1,1,1,0.0,0
EMP-02347,DevOps,Security Engineer,Oracle,17,5,0,3,0,48,38,6,0,1,1,42.55,0
EMP-02348,Analytics,Platform Engineer,MySQL,118,3,0,2,4,52,41,7,0,0,0,41.08,0
EMP-02349,Operations,Manager,MySQL,20,9,8,1,6,99,37,4,0,0,1,27.44,0
EMP-02350,Data Science,Tech Lead,MySQL,178,8,3,3,5,23,34,10,1,1,0,18.35,0
EMP-02351,Compliance,SRE,MySQL,11,4,1,1,2,25,27,2,0,1,0,34.65,0
EMP-02352,Finance,DBA,Oracle,65,0,0,0,1,36,48,10,1,1,1,0.0,0
EMP-02353,Engineering,DBA,Oracle,12,2,2,0,0,32,34,6,0,1,1,0.0,0
EMP-02354,DevOps,Security Engineer,MySQL,-15,13,12,1,4,79,42,5,0,1,0,62.02,1
EMP-02355,Finance,Senior DBA,MariaDB,72,7,7,0,3,24,38,2,1,1,0,0.0,0
EMP-02356,DevOps,Developer,SQL Server,33,2,1,1,0,70,38,9,0,0,1,0.0,0
EMP-02357,Data Science,Platform Engineer,MySQL,-41,15,9,6,5,22,16,2,1,0,0,100.0,1
EMP-02358,Finance,Analyst,PostgreSQL,-16,19,15,4,3,102,22,10,1,0,1,35.03,0
EMP-02359,Finance,DBA,PostgreSQL,6,18,12,4,0,20,5,5,1,1,0,0.0,0
EMP-02360,Analytics,Analyst,MariaDB,84,6,6,0,12,65,25,9,1,0,1,37.22,0
EMP-02361,Operations,Platform Engineer,MongoDB,160,11,8,3,8,97,9,6,0,0,0,45.13,0
EMP-02362,Platform,Senior DBA,PostgreSQL,8,4,1,1,4,32,16,4,1,1,1,35.78,0
EMP-02363,Data Science,Developer,PostgreSQL,85,0,0,0,5,110,9,8,0,0,0,31.39,0
EMP-02364,Analytics,Senior DBA,MySQL,-44,13,7,5,2,17,42,8,0,1,1,100.0,1
EMP-02365,Infrastructure,Manager,Oracle,36,12,8,3,6,19,40,6,0,0,1,30.79,0
EMP-02366,Security,Manager,MySQL,6,19,18,0,2,35,9,10,0,0,0,0.0,0
EMP-02367,Platform,Analyst,MySQL,12,20,15,4,10,114,25,2,1,0,1,47.62,0
EMP-02368,Engineering,SRE,MySQL,20,0,0,0,4,17,19,2,1,1,1,31.48,0
EMP-02369,Finance,Developer,Oracle,105,0,0,0,2,30,37,10,1,0,0,0.0,0
EMP-02370,Analytics,Platform Engineer,MySQL,54,18,11,6,7,78,48,7,1,0,1,37.88,0
EMP-02371,Engineering,DBA,PostgreSQL,163,18,15,1,3,22,32,3,0,1,1,0.0,0
EMP-02372,Operations,Analyst,MariaDB,27,11,11,0,3,113,20,3,0,0,0,0.0,0
EMP-02373,Engineering,Platform Engineer,PostgreSQL,19,1,0,0,4,103,45,5,1,0,1,24.24,0
EMP-02374,Compliance,Senior DBA,SQL Server,94,6,2,2,0,6,37,7,1,1,1,0.0,0
EMP-02375,Operations,Analyst,MongoDB,14,16,10,4,4,33,9,7,1,0,1,0.0,0
EMP-02376,DevOps,Tech Lead,PostgreSQL,0,19,17,1,6,7,23,6,0,1,1,0.0,0
EMP-02377,Analytics,Platform Engineer,PostgreSQL,52,2,0,2,3,111,12,6,0,0,0,41.98,0
EMP-02378,Operations,Security Engineer,MySQL,62,8,1,5,1,28,40,5,0,1,1,58.58,1
EMP-02379,Infrastructure,Senior Developer,Oracle,78,5,3,2,4,34,39,5,1,0,0,10.88,0
EMP-02380,Engineering,Analyst,Oracle,50,2,1,1,0,69,49,3,0,0,1,12.15,0
EMP-02381,Engineering,Developer,PostgreSQL,108,5,5,0,5,58,8,6,0,0,1,8.04,0
EMP-02382,Finance,Manager,PostgreSQL,165,15,9,5,1,46,37,4,1,0,0,0.0,0
EMP-02383,Platform,Manager,MongoDB,70,9,3,4,5,67,22,9,1,0,0,28.14,0
EMP-02384,Platform,SRE,Oracle,12,10,8,1,3,16,38,7,1,1,1,0.0,0
EMP-02385,Infrastructure,Senior DBA,MySQL,15,15,12,2,4,32,41,3,1,1,1,0.0,0
EMP-02386,Finance,Analyst,SQL Server,93,1,0,1,5,61,44,5,1,0,1,37.17,0
EMP-02387,Platform,Analyst,PostgreSQL,171,20,13,5,4,44,32,6,0,0,1,4.2,0
EMP-02388,Compliance,Tech Lead,MySQL,5,0,0,0,8,18,31,4,0,1,1,96.62,1
EMP-02389,Finance,Platform Engineer,MySQL,-10,14,10,3,6,42,19,4,1,0,0,71.12,1
EMP-02390,Platform,Developer,Oracle,161,13,7,5,1,63,22,4,1,0,1,5.97,0
EMP-02391,Compliance,DBA,Oracle,-40,10,7,2,0,6,31,6,1,1,0,45.86,0
EMP-02392,DevOps,SRE,MySQL,6,10,4,6,3,35,31,6,1,1,1,71.1,1
EMP-02393,Analytics,Analyst,MongoDB,179,3,1,1,6,80,32,8,1,0,0,22.2,0
EMP-02394,Engineering,Analyst,Oracle,0,17,11,4,5,81,24,3,0,0,1,71.66,1
EMP-02395,Operations,Analyst,PostgreSQL,35,20,18,1,4,18,30,9,0,0,1,0.0,0
EMP-02396,Infrastructure,DBA,MongoDB,160,3,1,1,3,17,16,2,0,1,0,31.93,0
EMP-02397,Infrastructure,Platform Engineer,Oracle,67,15,10,4,5,101,43,6,1,0,0,5.44,0
EMP-02398,Platform,Security Engineer,MySQL,68,0,0,0,2,51,3,9,1,1,1,0.0,0
EMP-02399,Data Science,Senior DBA,Oracle,4,9,4,5,2,29,31,6,1,1,0,50.86,0
EMP-02400,Finance,Security Engineer,PostgreSQL,163,14,14,0,1,56,4,4,0,1,1,0.0,0
EMP-02401,Platform,Security Engineer,MySQL,-34,7,3,3,2,60,25,10,0,1,1,100.0,1
EMP-02402,Engineering,Analyst,Oracle,173,6,2,4,3,49,19,6,1,0,0,31.22,0
EMP-02403,Compliance,Analyst,MariaDB,165,9,4,3,11,97,48,6,1,0,0,81.48,1
EMP-02404,Finance,DBA,Oracle,9,5,4,0,1,12,20,7,1,1,0,0.0,0
EMP-02405,DevOps,Security Engineer,PostgreSQL,-18,10,5,5,2,90,6,5,0,1,1,100.0,1
EMP-02406,Data Science,SRE,Oracle,8,19,13,6,3,16,10,3,1,1,1,14.76,0
EMP-02407,Engineering,Tech Lead,PostgreSQL,108,10,3,6,4,4,24,9,1,1,0,40.93,0
EMP-02408,Platform,Tech Lead,Oracle,30,9,8,1,8,8,12,6,0,1,1,38.14,0
EMP-02409,DevOps,Tech Lead,SQL Server,146,20,19,0,8,33,32,9,0,1,0,0.0,0
EMP-02410,Compliance,SRE,MongoDB,-7,19,16,2,4,6,45,6,1,1,0,0.0,0
EMP-02411,Platform,Senior DBA,MySQL,17,19,19,0,2,30,20,4,1,1,1,0.0,0
EMP-02412,Analytics,SRE,MongoDB,22,3,0,2,3,35,38,4,1,1,1,36.09,0
EMP-02413,Security,Tech Lead,PostgreSQL,163,16,12,2,3,35,34,7,0,1,0,0.0,0
EMP-02414,Infrastructure,Manager,MySQL,179,20,15,3,1,9,43,9,0,0,0,0.0,0
EMP-02415,Compliance,Senior DBA,MySQL,42,2,0,1,4,27,35,3,1,1,1,36.44,0
EMP-02416,DevOps,Tech Lead,MySQL,-25,5,2,1,3,1,6,10,1,1,0,71.15,1
EMP-02417,Finance,Manager,SQL Server,2,12,7,5,2,108,25,6,1,0,0,41.74,0
EMP-02418,Compliance,Security Engineer,PostgreSQL,166,3,0,2,0,46,46,5,1,1,0,1.15,0
EMP-02419,Data Science,DBA,Oracle,94,7,3,4,1,33,33,2,1,1,1,33.13,0
EMP-02420,Analytics,Platform Engineer,MySQL,152,1,0,1,6,102,22,2,1,0,0,54.88,0
EMP-02421,Engineering,Senior Developer,MySQL,-11,11,4,6,5,95,50,2,1,0,1,100.0,1
EMP-02422,Data Science,Analyst,MySQL,3,12,10,1,11,76,1,8,0,0,0,65.08,1
EMP-02423,Data Science,Security Engineer,SQL Server,68,17,10,5,4,18,38,8,1,1,1,1.71,0
EMP-02424,Finance,SRE,PostgreSQL,6,12,11,1,3,8,5,6,1,1,1,0.0,0
EMP-02425,Security,SRE,MySQL,-21,4,4,0,3,9,28,4,1,1,1,76.31,1
EMP-02426,Infrastructure,SRE,MySQL,-25,17,10,5,1,23,27,2,0,1,1,100.0,1
EMP-02427,Security,Analyst,PostgreSQL,-19,13,10,3,9,36,28,5,1,0,1,100.0,1
EMP-02428,Infrastructure,Manager,Oracle,144,2,0,2,2,37,50,7,1,0,1,10.23,0
EMP-02429,Platform,Manager,Oracle,179,5,2,3,6,85,29,7,0,0,1,79.23,1
EMP-02430,Analytics,Manager,MySQL,3,6,4,2,4,8,27,9,1,0,1,23.67,0
EMP-02431,Security,Analyst,SQL Server,106,3,2,0,2,72,49,3,1,0,0,0.0,0
EMP-02432,Infrastructure,Manager,Oracle,113,18,12,4,4,77,21,4,1,0,0,0.0,0
EMP-02433,Operations,Senior DBA,PostgreSQL,-21,8,5,2,1,19,26,7,1,1,1,62.01,1
EMP-02434,Data Science,Senior DBA,PostgreSQL,11,2,0,2,3,26,11,6,1,1,0,27.35,0
EMP-02435,Platform,Platform Engineer,Oracle,14,8,5,2,8,27,20,4,0,0,1,73.53,1
EMP-02436,Security,Developer,PostgreSQL,67,15,11,2,4,51,50,9,0,0,1,0.0,0
EMP-02437,DevOps,Security Engineer,MongoDB,90,14,13,1,1,38,18,4,1,1,0,0.0,0
EMP-02438,Compliance,Platform Engineer,PostgreSQL,84,17,15,2,1,17,17,9,1,0,1,0.0,0
EMP-02439,Security,Platform Engineer,PostgreSQL,72,12,9,2,8,97,47,7,1,0,1,16.76,0
EMP-02440,DevOps,Developer,MySQL,18,12,5,6,3,109,38,6,1,0,0,43.9,0
EMP-02441,Operations,Manager,Oracle,123,1,0,1,4,104,10,9,0,0,1,42.17,0
EMP-02442,Data Science,Analyst,SQL Server,136,13,6,5,12,103,43,6,1,0,1,100.0,1
EMP-02443,Security,Analyst,MySQL,24,18,14,4,1,28,15,8,0,0,1,0.0,0
EMP-02444,Operations,Analyst,MySQL,122,14,11,3,10,69,8,6,1,0,0,28.06,0
EMP-02445,Infrastructure,SRE,PostgreSQL,35,10,5,4,0,11,37,9,0,1,1,0.0,0
EMP-02446,Analytics,SRE,SQL Server,160,8,2,4,2,23,14,4,1,1,0,30.82,0
EMP-02447,Operations,SRE,Oracle,17,19,16,1,3,14,13,7,1,1,1,0.0,0
EMP-02448,Compliance,Security Engineer,PostgreSQL,20,19,17,2,0,29,49,6,0,1,1,0.0,0
EMP-02449,Finance,Platform Engineer,Oracle,42,12,12,0,7,51,21,7,1,0,1,0.0,0
EMP-02450,Analytics,Manager,MySQL,4,12,8,3,7,19,7,6,1,0,0,33.77,0
EMP-02451,Data Science,SRE,Oracle,-4,2,1,0,2,24,14,7,1,1,1,44.85,0
EMP-02452,Compliance,SRE,PostgreSQL,168,11,9,0,0,5,35,10,0,1,1,0.0,0
EMP-02453,Data Science,Analyst,MariaDB,14,13,9,2,3,19,43,4,0,0,0,0.0,0
EMP-02454,Infrastructure,SRE,Oracle,33,1,0,0,4,7,40,2,0,1,1,50.62,0
EMP-02455,Data Science,Analyst,MySQL,-31,11,8,3,5,81,21,5,0,0,1,100.0,1
EMP-02456,Operations,Analyst,MySQL,-39,2,1,1,4,34,25,2,1,0,1,100.0,1
EMP-02457,Finance,Senior Developer,Oracle,133,2,0,1,7,86,50,2,0,0,1,98.37,1
EMP-02458,Finance,SRE,Oracle,22,20,13,6,3,29,4,8,1,1,0,0.0,0
EMP-02459,Finance,Analyst,MySQL,12,14,12,2,1,41,44,4,0,0,1,0.0,0
EMP-02460,Operations,Developer,Oracle,50,18,12,5,5,59,38,2,0,0,1,40.94,0
EMP-02461,Analytics,DBA,Oracle,67,1,0,1,2,20,42,5,1,1,1,11.98,0
EMP-02462,Analytics,Senior Developer,MySQL,4,5,3,0,8,25,8,6,1,0,0,40.65,0
EMP-02463,Data Science,Tech Lead,Oracle,119,8,4,3,2,5,26,5,0,1,0,20.96,0
EMP-02464,Data Science,SRE,MySQL,127,1,1,0,1,20,37,8,0,1,1,0.0,0
EMP-02465,Engineering,Manager,SQL Server,175,12,4,6,1,42,28,6,1,0,1,25.33,0
EMP-02466,Operations,Analyst,Oracle,5,3,1,0,10,79,23,9,0,0,1,100.0,1
EMP-02467,Security,Analyst,PostgreSQL,103,17,10,5,3,82,21,5,0,0,0,15.64,0
EMP-02468,Data Science,Senior DBA,PostgreSQL,91,11,8,1,4,5,32,9,1,1,0,0.0,0
EMP-02469,Platform,Tech Lead,MariaDB,21,10,3,6,2,8,36,4,1,1,1,52.1,0
EMP-02470,Platform,SRE,Oracle,47,8,5,2,2,31,4,9,1,1,0,0.0,0
EMP-02471,Security,Security Engineer,PostgreSQL,94,0,0,0,3,52,21,8,0,1,0,13.85,0
EMP-02472,Data Science,DBA,MySQL,16,11,11,0,1,16,35,3,1,1,1,0.0,0
EMP-02473,Finance,Developer,Oracle,132,20,16,3,3,35,35,6,1,0,1,0.0,0
EMP-02474,Compliance,Analyst,Oracle,21,16,10,5,8,17,21,8,1,0,1,38.5,0
EMP-02475,Data Science,DBA,MySQL,153,16,11,4,3,3,27,4,1,1,0,0.0,0
EMP-02476,Infrastructure,Manager,MySQL,-29,2,0,2,1,41,8,10,1,0,1,79.98,1
EMP-02477,Platform,Senior DBA,Oracle,-19,2,0,0,0,16,18,7,1,1,0,66.51,0
EMP-02478,Analytics,Analyst,PostgreSQL,2,7,3,2,0,101,20,2,1,0,1,30.14,0
EMP-02479,Engineering,Security Engineer,MySQL,0,17,17,0,0,30,42,8,1,1,1,0.0,0
EMP-02480,Security,Platform Engineer,Oracle,10,9,8,0,6,71,29,7,1,0,0,0.0,0
EMP-02481,Operations,Developer,Oracle,39,8,1,5,6,87,27,10,1,0,1,78.99,1
EMP-02482,Platform,DBA,Oracle,90,5,1,3,0,14,41,2,0,1,1,41.45,0
EMP-02483,Data Science,Tech Lead,MySQL,29,13,5,6,2,18,21,8,1,1,1,28.62,0
EMP-02484,Finance,DBA,PostgreSQL,8,9,8,1,3,32,37,2,1,1,1,0.0,0
EMP-02485,Platform,Security Engineer,Oracle,7,12,11,1,4,87,25,6,0,1,1,9.99,0
EMP-02486,Infrastructure,Analyst,Oracle,146,4,3,1,6,65,32,3,0,0,0,52.88,0
EMP-02487,DevOps,Senior DBA,MongoDB,58,2,0,0,3,24,29,5,1,1,1,8.1,0
EMP-02488,Engineering,Manager,SQL Server,-45,18,16,2,4,103,45,4,0,0,0,55.67,1
EMP-02489,Finance,Tech Lead,MySQL,16,11,9,2,6,16,35,7,1,1,1,0.0,0
EMP-02490,Platform,SRE,PostgreSQL,51,3,3,0,4,36,1,8,1,1,1,0.0,0
EMP-02491,Data Science,Senior Developer,PostgreSQL,78,16,8,6,7,118,42,4,1,0,1,68.6,1
EMP-02492,Finance,DBA,MySQL,50,5,0,3,0,17,28,7,1,1,1,6.98,0
EMP-02493,Engineering,Senior Developer,MySQL,120,16,15,0,8,58,2,5,1,0,1,0.0,0
EMP-02494,Finance,Security Engineer,MySQL,64,4,4,0,0,17,4,3,1,1,0,0.0,0
EMP-02495,Data Science,Platform Engineer,PostgreSQL,6,9,5,4,7,95,4,3,1,0,0,80.14,1
EMP-02496,DevOps,SRE,PostgreSQL,-17,11,11,0,1,23,30,8,1,1,0,0.0,0
EMP-02497,Engineering,Developer,MySQL,172,1,0,0,4,38,15,8,0,0,1,19.54,0
EMP-02498,Finance,Analyst,Oracle,66,6,5,0,7,49,31,7,1,0,1,4.19,0
EMP-02499,Finance,Developer,Oracle,16,10,9,0,7,111,48,10,1,0,1,0.0,0
EMP-02500,Compliance,Platform Engineer,Oracle,8,18,14,2,7,39,8,4,1,0,0,0.0,0
EMP-02501,Analytics,Tech Lead,PostgreSQL,153,0,0,0,3,27,47,10,0,1,0,3.74,0
EMP-02502,Compliance,Tech Lead,MySQL,114,4,3,1,4,4,44,10,1,1,1,0.0,0
EMP-02503,Infrastructure,SRE,PostgreSQL,30,2,2,0,3,22,5,10,1,1,1,0.0,0
EMP-02504,Data Science,Developer,MySQL,3,8,6,2,1,110,48,4,1,0,1,17.04,0
EMP-02505,Analytics,Senior DBA,PostgreSQL,173,16,10,6,1,7,50,4,1,1,1,0.0,0
EMP-02506,Analytics,Tech Lead,Oracle,59,4,4,0,8,28,39,10,1,1,1,15.05,0
EMP-02507,Infrastructure,Manager,PostgreSQL,133,17,16,0,6,33,10,7,1,0,0,0.0,0
EMP-02508,Infrastructure,Developer,PostgreSQL,135,20,17,2,8,83,38,3,0,0,1,0.0,0
EMP-02509,Finance,Senior DBA,Oracle,58,2,0,2,0,29,15,3,1,1,1,13.49,0
EMP-02510,Data Science,Security Engineer,Oracle,20,3,1,1,0,90,21,10,1,1,1,0.0,0
EMP-02511,Security,Senior Developer,MongoDB,127,7,3,2,4,18,46,5,0,0,0,22.61,0
EMP-02512,Compliance,Tech Lead,MySQL,37,20,17,2,6,35,38,5,0,1,1,0.0,0
EMP-02513,Compliance,Developer,Oracle,92,18,15,1,3,91,43,3,1,0,1,0.0,0
EMP-02514,Data Science,SRE,MySQL,13,4,2,2,1,18,40,2,1,1,0,9.62,0
EMP-02515,DevOps,Developer,MySQL,11,8,6,0,6,27,33,8,1,0,0,0.0,0
EMP-02516,Engineering,Platform Engineer,MySQL,177,9,5,4,1,95,13,4,1,0,0,4.85,0
EMP-02517,Engineering,Manager,MySQL,-13,18,11,5,0,71,2,8,0,0,1,56.35,1
EMP-02518,Platform,Tech Lead,SQL Server,-24,15,8,6,1,15,8,5,1,1,0,96.27,1
EMP-02519,Finance,Manager,Oracle,23,1,0,1,4,81,13,8,1,0,1,26.23,0
EMP-02520,Operations,Platform Engineer,MySQL,-26,14,11,1,6,99,50,10,0,0,1,74.44,1
EMP-02521,Platform,Senior Developer,PostgreSQL,37,2,2,0,3,25,48,9,1,0,1,0.0,0
EMP-02522,Engineering,SRE,Oracle,1,17,14,2,0,29,31,3,1,1,0,0.0,0
EMP-02523,Platform,DBA,Oracle,96,3,1,1,4,13,12,2,0,1,1,57.38,1
EMP-02524,Platform,Senior Developer,Oracle,79,12,6,6,8,119,21,7,1,0,1,95.28,1
EMP-02525,Infrastructure,Senior Developer,SQL Server,11,11,7,3,4,10,27,8,1,0,0,0.0,0
EMP-02526,DevOps,SRE,MariaDB,20,1,0,1,3,21,50,10,1,1,0,0.06,0
EMP-02527,Analytics,Tech Lead,PostgreSQL,110,6,5,1,4,32,3,4,1,1,1,3.48,0
EMP-02528,Security,Senior DBA,Oracle,179,0,0,0,3,1,3,5,1,1,0,0.0,0
EMP-02529,DevOps,Security Engineer,SQL Server,5,5,1,2,0,16,34,8,0,1,1,27.65,0
EMP-02530,Engineering,Senior DBA,Oracle,17,15,11,2,3,12,3,4,1,1,0,0.0,0
EMP-02531,DevOps,Manager,MySQL,-29,6,5,0,6,45,41,5,1,0,1,91.06,1
EMP-02532,Compliance,Tech Lead,Oracle,-3,5,3,2,4,26,36,2,1,1,0,87.16,1
EMP-02533,Engineering,Tech Lead,MySQL,153,15,12,3,7,25,48,3,1,1,1,13.15,0
EMP-02534,Operations,Manager,MySQL,16,1,0,0,5,31,28,9,0,0,0,22.02,0
EMP-02535,Operations,Manager,MariaDB,4,20,15,3,5,13,15,10,0,0,1,0.0,0
EMP-02536,Analytics,Security Engineer,Oracle,1,0,0,0,0,73,28,6,1,1,1,20.29,1
EMP-02537,Security,Analyst,Oracle,112,0,0,0,7,33,45,5,1,0,1,44.06,0
EMP-02538,Analytics,Platform Engineer,MySQL,27,20,18,2,7,42,3,10,1,0,1,0.0,0
EMP-02539,Platform,SRE,MySQL,-45,19,15,4,2,17,28,2,1,1,1,53.48,0
EMP-02540,Operations,Developer,SQL Server,44,12,11,0,4,45,35,8,0,0,0,0.0,0
EMP-02541,DevOps,Developer,MySQL,128,4,1,1,1,61,48,5,0,0,1,11.4,0
EMP-02542,Data Science,Security Engineer,Oracle,36,10,6,3,3,13,6,10,0,1,0,0.0,0
EMP-02543,Security,DBA,PostgreSQL,118,7,3,2,2,9,43,4,1,1,1,5.05,0
EMP-02544,Infrastructure,Senior Developer,Oracle,132,0,0,0,1,87,12,7,1,0,0,0.0,0
EMP-02545,Platform,Security Engineer,SQL Server,139,2,1,0,4,77,23,6,1,1,1,17.04,0
EMP-02546,DevOps,Analyst,PostgreSQL,-21,11,5,5,10,36,46,4,1,0,1,100.0,1
EMP-02547,Analytics,SRE,SQL Server,94,12,10,0,0,17,42,6,1,1,0,0.0,0
EMP-02548,Finance,Security Engineer,MariaDB,41,19,17,1,2,10,26,2,1,1,1,0.0,0
EMP-02549,Compliance,Senior DBA,PostgreSQL,99,14,8,4,4,2,26,10,1,1,0,0.0,0
EMP-02550,Analytics,Security Engineer,MySQL,2,14,10,3,2,49,43,9,0,1,1,12.65,0
EMP-02551,Infrastructure,Tech Lead,PostgreSQL,28,12,8,4,7,33,48,5,1,1,0,38.3,0
EMP-02552,DevOps,Developer,Oracle,-36,9,4,5,3,53,8,9,1,0,0,100.0,1
EMP-02553,Data Science,Analyst,PostgreSQL,0,5,1,3,6,84,24,8,1,0,0,75.29,1
EMP-02554,Compliance,Analyst,PostgreSQL,141,1,0,0,9,93,44,3,1,0,0,62.76,1
EMP-02555,Infrastructure,Developer,MongoDB,139,14,7,5,6,100,26,2,1,0,1,56.33,1
EMP-02556,Infrastructure,Security Engineer,MySQL,49,0,0,0,3,32,17,6,0,1,0,18.67,0
EMP-02557,Finance,DBA,MySQL,124,13,9,2,2,16,36,8,0,1,0,0.0,0
EMP-02558,Finance,SRE,PostgreSQL,-38,17,12,3,3,18,23,5,0,1,0,67.57,1
EMP-02559,Analytics,Tech Lead,PostgreSQL,-38,10,7,3,6,2,5,7,1,1,0,95.75,1
EMP-02560,Data Science,Platform Engineer,Oracle,28,2,0,2,2,87,43,6,1,0,1,27.24,0
EMP-02561,Engineering,Platform Engineer,Oracle,162,8,6,0,2,70,43,5,1,0,1,0.0,0
EMP-02562,Infrastructure,Senior DBA,MySQL,52,3,0,1,2,15,10,7,0,1,1,20.69,0
EMP-02563,Analytics,Senior DBA,MySQL,-24,17,16,0,4,15,8,2,1,1,1,21.19,0
EMP-02564,Engineering,DBA,MySQL,19,18,13,4,3,2,25,7,0,1,0,0.0,0
EMP-02565,Security,Manager,MySQL,5,2,0,1,3,97,27,9,0,0,1,48.65,0
EMP-02566,Finance,SRE,PostgreSQL,116,9,8,1,0,11,17,10,0,1,0,0.0,0
EMP-02567,Infrastructure,Manager,Oracle,75,0,0,0,1,76,25,8,0,0,1,0.0,1
EMP-02568,Platform,Developer,MySQL,12,10,6,2,5,87,19,4,1,0,0,17.69,0
EMP-02569,Operations,DBA,PostgreSQL,53,7,3,4,0,15,11,9,0,1,1,10.15,0
EMP-02570,Finance,Manager,MongoDB,6,8,6,1,4,43,8,5,0,0,1,24.99,0
EMP-02571,Security,SRE,MySQL,5,14,8,4,3,36,44,4,0,1,1,50.25,0
EMP-02572,Infrastructure,Security Engineer,PostgreSQL,161,5,2,3,1,33,3,6,0,1,1,26.42,0
EMP-02573,Infrastructure,Senior DBA,Oracle,-2,11,8,1,2,6,38,10,1,1,0,0.0,0
EMP-02574,Analytics,Tech Lead,MongoDB,170,9,3,5,4,2,8,5,0,1,1,62.81,1
EMP-02575,Platform,Tech Lead,MySQL,-7,19,18,1,6,30,26,4,1,1,1,4.38,0
EMP-02576,Infrastructure,Manager,PostgreSQL,172,10,3,5,7,61,42,6,1,0,1,72.1,1
EMP-02577,Compliance,Platform Engineer,Oracle,92,18,15,2,6,35,43,10,1,0,0,0.0,0
EMP-02578,Analytics,Developer,PostgreSQL,1,6,3,3,3,95,31,8,1,0,1,45.46,0
EMP-02579,Engineering,Manager,MySQL,30,5,1,2,6,21,48,6,0,0,0,56.06,0
EMP-02580,Engineering,Manager,MySQL,165,20,16,3,2,107,4,6,0,0,1,0.0,0
EMP-02581,Engineering,Tech Lead,Oracle,51,4,2,1,2,3,25,3,0,1,1,24.08,0
EMP-02582,Analytics,Developer,PostgreSQL,24,9,7,2,6,102,17,9,0,0,0,20.31,0
EMP-02583,Operations,DBA,MySQL,66,8,3,3,3,31,36,7,1,1,1,18.02,0
EMP-02584,Compliance,Senior DBA,MySQL,30,19,14,3,1,19,18,3,1,1,1,0.0,0
EMP-02585,Finance,Platform Engineer,Oracle,76,6,4,0,1,105,17,6,1,0,0,0.0,0
EMP-02586,Data Science,Senior DBA,PostgreSQL,8,6,3,1,1,25,8,2,1,1,1,4.41,0
EMP-02587,Engineering,SRE,PostgreSQL,6,0,0,0,3,10,24,10,1,1,0,5.19,0
EMP-02588,Infrastructure,Senior Developer,MySQL,16,18,15,3,5,52,41,7,1,0,1,0.0,0
EMP-02589,Compliance,Senior DBA,MongoDB,138,10,5,4,4,18,17,7,1,1,1,21.71,0
EMP-02590,Operations,SRE,Oracle,152,19,12,5,4,18,30,2,1,1,1,12.22,0
EMP-02591,Security,Analyst,Oracle,4,17,12,3,1,107,28,7,1,0,1,0.0,0
EMP-02592,Platform,Senior Developer,Oracle,169,15,13,1,3,74,14,9,1,0,1,0.0,0
EMP-02593,Infrastructure,Security Engineer,Oracle,-6,9,8,1,0,11,8,4,1,1,1,5.29,0
EMP-02594,Platform,Tech Lead,MySQL,157,16,11,5,7,15,4,8,0,1,0,34.19,0
EMP-02595,Security,Senior Developer,MySQL,163,20,18,0,1,87,18,5,1,0,0,0.0,0
EMP-02596,Platform,Manager,MySQL,78,10,2,6,7,118,37,4,0,0,1,100.0,1
EMP-02597,Operations,Manager,Oracle,84,16,13,1,1,89,32,5,1,0,1,0.0,0
EMP-02598,Operations,Analyst,PostgreSQL,88,8,5,3,2,41,35,6,1,0,1,0.0,0
EMP-02599,Data Science,Manager,Oracle,28,8,4,2,7,112,10,7,1,0,1,51.56,0
EMP-02600,Finance,Analyst,Oracle,81,4,2,1,2,86,4,3,1,0,0,1.2,0
EMP-02601,Compliance,Developer,MySQL,-18,6,2,3,6,97,14,9,1,0,0,100.0,1
EMP-02602,Platform,Senior DBA,MongoDB,86,2,0,2,1,16,13,2,0,1,0,30.9,0
EMP-02603,Operations,Security Engineer,Oracle,22,8,7,1,3,36,41,8,0,1,0,0.0,0
EMP-02604,Analytics,Tech Lead,Oracle,8,14,13,0,7,17,45,2,0,1,0,0.0,0
EMP-02605,Platform,Analyst,PostgreSQL,4,10,3,5,8,107,38,10,1,0,0,88.92,1
EMP-02606,Compliance,DBA,MySQL,85,20,19,0,3,9,7,6,1,1,1,0.0,0
EMP-02607,Finance,DBA,Oracle,4,17,16,0,0,10,26,10,1,1,1,0.0,0
EMP-02608,Infrastructure,Analyst,MySQL,41,1,0,0,5,20,48,5,1,0,1,18.42,0
EMP-02609,DevOps,Analyst,Oracle,1,18,14,3,2,72,49,3,1,0,0,0.0,0
EMP-02610,Finance,DBA,PostgreSQL,102,18,17,1,4,20,5,7,1,1,0,0.0,0
EMP-02611,Engineering,Security Engineer,Oracle,-43,17,17,0,2,69,19,7,0,1,1,6.4,0
EMP-02612,Security,Tech Lead,SQL Server,169,3,0,2,3,34,9,8,0,1,0,35.66,0
EMP-02613,DevOps,Analyst,PostgreSQL,174,2,0,1,4,27,15,7,1,0,0,8.02,0
EMP-02614,Infrastructure,Security Engineer,MySQL,164,10,6,3,2,96,8,3,1,1,0,8.5,0
EMP-02615,Analytics,Platform Engineer,Oracle,77,1,0,1,6,79,10,8,1,0,1,42.0,0
EMP-02616,Platform,Senior Developer,MySQL,180,13,6,5,2,106,33,2,1,0,0,27.46,0
EMP-02617,Platform,SRE,PostgreSQL,6,10,8,0,3,20,29,8,1,1,0,0.0,0
EMP-02618,Operations,DBA,SQL Server,-32,16,8,6,0,32,44,4,0,1,0,100.0,1
EMP-02619,DevOps,Senior DBA,MongoDB,-13,2,0,2,4,17,5,7,1,1,1,99.88,1
EMP-02620,Security,Developer,Oracle,97,3,0,2,4,47,6,10,1,0,0,13.63,0
EMP-02621,Compliance,Security Engineer,MySQL,1,1,0,1,4,45,37,3,0,1,1,89.06,1
EMP-02622,Platform,Analyst,Oracle,51,9,7,2,11,61,3,9,1,0,0,44.16,0
EMP-02623,DevOps,SRE,MySQL,-11,13,5,6,0,7,31,9,0,1,1,92.52,1
EMP-02624,DevOps,Senior DBA,MySQL,4,3,3,0,3,7,6,4,0,1,0,26.02,0
EMP-02625,Security,Analyst,Oracle,-2,13,6,6,0,46,1,10,1,0,1,41.06,0
EMP-02626,Data Science,DBA,MySQL,6,4,2,0,2,29,26,9,1,1,1,0.0,0
EMP-02627,Finance,Manager,PostgreSQL,121,18,13,3,0,18,1,2,0,0,0,0.0,0
EMP-02628,Analytics,Manager,MySQL,42,12,9,2,2,70,21,3,1,0,1,0.0,0
EMP-02629,Analytics,Platform Engineer,SQL Server,-37,7,1,4,2,51,20,9,1,0,1,100.0,0
EMP-02630,DevOps,Developer,PostgreSQL,4,6,2,4,7,64,1,3,1,0,0,92.94,1
EMP-02631,Analytics,SRE,PostgreSQL,22,4,2,1,3,11,50,8,1,1,0,0.0,0
EMP-02632,Analytics,Developer,PostgreSQL,74,11,5,5,2,97,14,7,1,0,0,13.91,0
EMP-02633,Infrastructure,Senior DBA,PostgreSQL,91,2,0,2,4,7,47,10,0,1,0,30.42,0
EMP-02634,DevOps,SRE,SQL Server,-7,0,0,0,0,34,17,3,1,1,1,54.03,0
EMP-02635,DevOps,Analyst,Oracle,13,13,11,0,6,94,43,4,1,0,1,0.0,0
EMP-02636,Compliance,Analyst,Oracle,-29,10,5,5,1,14,33,6,1,0,1,100.0,1
EMP-02637,Infrastructure,Manager,MySQL,9,20,20,0,1,79,26,3,0,0,1,0.0,0
EMP-02638,Data Science,Security Engineer,MongoDB,73,20,20,0,1,32,31,3,1,1,1,0.0,0
EMP-02639,Infrastructure,Senior DBA,MySQL,7,3,0,2,0,30,22,8,1,1,1,16.38,0
EMP-02640,Operations,Developer,Oracle,19,1,0,0,3,54,3,5,0,0,1,31.48,0
EMP-02641,Infrastructure,Tech Lead,Oracle,-40,0,0,0,0,35,47,4,1,1,0,81.77,1
EMP-02642,Operations,Analyst,MySQL,-27,2,1,0,2,14,20,8,1,0,0,58.04,1
EMP-02643,Platform,Senior Developer,MySQL,49,20,13,5,2,120,42,4,0,0,0,0.0,0
EMP-02644,Platform,Platform Engineer,MySQL,-36,10,7,3,5,94,4,5,1,0,1,100.0,1
EMP-02645,Engineering,Platform Engineer,Oracle,0,11,5,5,2,90,48,8,1,0,0,48.44,1
EMP-02646,Analytics,Platform Engineer,MariaDB,-42,5,4,0,3,110,31,3,0,0,1,100.0,1
EMP-02647,DevOps,Developer,MySQL,36,15,8,5,2,61,33,7,1,0,1,0.0,0
EMP-02648,Data Science,Senior DBA,Oracle,173,7,1,4,0,13,38,4,1,1,1,25.18,0
EMP-02649,Analytics,Manager,PostgreSQL,158,15,9,4,6,102,40,5,0,0,1,45.01,0
EMP-02650,Engineering,Platform Engineer,MySQL,112,3,0,2,6,94,19,3,0,0,1,85.21,1
EMP-02651,Operations,Manager,SQL Server,99,18,13,5,1,17,33,2,0,0,1,0.0,0
EMP-02652,Platform,Manager,MariaDB,-11,19,15,2,3,90,24,9,1,0,1,1.59,0
EMP-02653,Finance,Senior DBA,Oracle,18,10,8,2,0,31,27,8,1,1,1,0.0,0
EMP-02654,Engineering,Analyst,MySQL,169,7,5,2,3,18,26,8,1,0,1,0.0,0
EMP-02655,Analytics,Developer,MySQL,26,18,10,6,7,119,21,8,0,0,0,62.35,1
EMP-02656,Operations,Developer,MySQL,174,20,14,5,2,38,19,3,1,0,1,0.0,0
EMP-02657,Operations,Analyst,MariaDB,162,18,11,6,0,67,46,4,1,0,0,0.0,0
EMP-02658,Engineering,Manager,PostgreSQL,-9,11,5,5,8,35,18,9,1,0,1,100.0,1
EMP-02659,Security,Tech Lead,MongoDB,23,10,4,5,0,6,14,5,1,1,0,7.54,0
EMP-02660,Data Science,Tech Lead,Oracle,137,5,5,0,0,31,44,3,0,1,1,0.0,0
EMP-02661,Analytics,Senior Developer,PostgreSQL,14,6,5,0,5,68,31,7,0,0,0,4.2,0
EMP-02662,Compliance,DBA,MySQL,5,15,9,5,2,27,12,2,1,1,0,27.94,0
EMP-02663,Finance,Developer,PostgreSQL,-3,4,3,1,5,107,33,2,1,0,1,79.42,1
EMP-02664,Data Science,Security Engineer,PostgreSQL,28,11,10,1,0,60,49,9,0,1,1,0.0,1
EMP-02665,Infrastructure,Security Engineer,SQL Server,4,8,2,5,3,102,30,10,1,1,0,64.97,1
EMP-02666,Finance,DBA,Oracle,10,0,0,0,0,7,17,3,1,1,0,0.0,0
EMP-02667,DevOps,SRE,MySQL,-17,19,14,5,2,10,20,2,1,1,1,69.46,1
EMP-02668,Infrastructure,Security Engineer,Oracle,2,16,9,6,4,90,4,3,1,1,0,83.52,1
EMP-02669,DevOps,Senior Developer,MySQL,158,3,0,2,1,22,8,9,0,0,0,2.71,0
EMP-02670,Compliance,SRE,PostgreSQL,1,4,0,3,0,29,45,8,0,1,0,46.77,0
EMP-02671,Engineering,Manager,Oracle,87,11,6,5,7,19,10,8,1,0,0,44.59,0
EMP-02672,Finance,Tech Lead,Oracle,17,1,1,0,3,12,48,3,1,1,1,14.09,0
EMP-02673,Security,DBA,MySQL,-37,6,1,3,2,36,31,10,1,1,1,100.0,1
EMP-02674,Operations,Platform Engineer,Oracle,26,7,4,2,8,50,17,3,0,0,1,88.31,1
EMP-02675,Infrastructure,Developer,SQL Server,79,19,12,6,7,101,31,10,0,0,1,44.87,0
EMP-02676,Operations,Security Engineer,MySQL,21,7,5,2,2,109,45,7,0,1,1,19.4,0
EMP-02677,Finance,Manager,Oracle,16,19,15,4,7,44,10,9,1,0,0,0.0,0
EMP-02678,Engineering,Senior DBA,MySQL,-25,3,0,1,2,30,17,5,0,1,1,100.0,1
EMP-02679,Security,Platform Engineer,Oracle,-13,10,7,2,5,101,34,8,1,0,0,83.64,1
EMP-02680,Infrastructure,Developer,Oracle,-6,3,1,1,5,80,40,4,0,0,0,100.0,1
EMP-02681,Analytics,Tech Lead,PostgreSQL,158,15,10,5,1,25,39,5,1,1,1,0.0,0
EMP-02682,DevOps,Senior Developer,MongoDB,13,4,0,2,3,16,30,5,1,0,0,18.75,0
EMP-02683,Operations,DBA,PostgreSQL,150,9,3,4,1,28,23,5,1,1,1,16.7,0
EMP-02684,Data Science,Developer,PostgreSQL,18,13,11,0,1,14,43,9,0,0,0,0.0,1
EMP-02685,Compliance,DBA,MariaDB,10,19,12,6,3,2,36,8,1,1,1,0.0,0
EMP-02686,Platform,Senior DBA,MySQL,166,9,7,2,3,27,7,3,1,1,0,0.0,0
EMP-02687,Analytics,Security Engineer,Oracle,56,19,14,3,3,76,19,6,0,1,1,0.0,0
EMP-02688,Compliance,Security Engineer,MySQL,28,10,7,1,0,106,1,6,1,1,0,0.0,0
EMP-02689,Infrastructure,SRE,Oracle,168,8,4,3,4,21,13,3,1,1,1,38.6,0
EMP-02690,DevOps,Manager,MySQL,1,7,4,3,7,17,1,3,1,0,1,83.98,1
EMP-02691,Operations,Senior Developer,Oracle,74,2,0,2,7,36,42,8,1,0,1,57.79,1
EMP-02692,Data Science,DBA,MySQL,144,9,5,3,0,1,34,9,1,1,1,0.0,0
EMP-02693,Compliance,Platform Engineer,MongoDB,17,18,13,3,4,82,44,10,1,0,1,0.0,0
EMP-02694,Operations,Tech Lead,Oracle,138,11,7,2,6,22,28,2,1,1,1,30.14,0
EMP-02695,Compliance,Security Engineer,MariaDB,85,17,12,4,2,109,10,4,0,1,0,0.0,0
EMP-02696,Analytics,Tech Lead,MySQL,-5,14,10,2,8,1,46,6,0,1,0,76.15,1
EMP-02697,Compliance,Analyst,Oracle,23,13,8,5,6,10,6,6,0,0,0,52.28,0
EMP-02698,Platform,SRE,MySQL,119,14,9,4,4,20,7,10,0,1,1,7.92,0
EMP-02699,Operations,Tech Lead,Oracle,118,4,4,0,2,3,15,6,0,1,0,0.0,0
EMP-02700,Infrastructure,Tech Lead,MySQL,34,19,16,3,2,30,47,5,0,1,0,0.0,0
EMP-02701,Infrastructure,Manager,MySQL,4,12,10,1,7,35,37,3,1,0,0,12.6,0
EMP-02702,Platform,DBA,PostgreSQL,174,18,10,6,3,15,12,6,1,1,0,3.98,0
EMP-02703,Analytics,Manager,Oracle,11,18,15,2,3,76,1,7,1,0,1,0.0,0
EMP-02704,Data Science,Analyst,Oracle,-8,2,1,0,4,81,8,8,1,0,1,75.68,1
EMP-02705,Compliance,Analyst,MySQL,-32,2,0,2,9,64,23,6,0,0,1,100.0,1
EMP-02706,Data Science,Senior Developer,MySQL,8,10,6,2,4,35,16,8,1,0,1,0.0,0
EMP-02707,Data Science,SRE,MySQL,149,4,1,1,0,10,45,10,0,1,1,0.0,0
EMP-02708,Analytics,Developer,PostgreSQL,0,4,1,3,4,88,30,8,1,0,0,58.74,1
EMP-02709,Compliance,Manager,Oracle,145,12,8,4,1,103,49,6,1,0,1,0.0,0
EMP-02710,Platform,SRE,Oracle,-14,13,12,1,1,9,37,8,0,1,0,13.01,0
EMP-02711,Data Science,Developer,MySQL,-5,0,0,0,7,81,20,6,1,0,1,96.81,1
EMP-02712,Finance,Developer,Oracle,2,1,0,1,0,98,32,10,0,0,1,32.54,0
EMP-02713,Operations,Senior DBA,MySQL,1,7,2,3,3,31,36,9,0,1,0,61.02,1
EMP-02714,Security,Senior Developer,MariaDB,102,4,2,2,2,31,20,9,0,0,1,6.88,0
EMP-02715,Infrastructure,DBA,Oracle,143,16,14,0,2,26,2,8,1,1,1,0.0,0
EMP-02716,Engineering,Developer,PostgreSQL,-10,20,19,1,0,110,48,9,0,0,1,0.0,0
EMP-02717,Analytics,Senior DBA,MySQL,-43,2,0,2,2,25,38,5,1,1,1,100.0,1
EMP-02718,Platform,Platform Engineer,MySQL,23,19,18,1,3,101,49,9,0,0,0,0.0,0
EMP-02719,Platform,Tech Lead,MongoDB,2,6,6,0,7,32,21,8,0,1,0,39.3,0
EMP-02720,Infrastructure,SRE,Oracle,123,18,15,1,1,25,20,3,1,1,0,0.0,0
EMP-02721,Platform,SRE,MySQL,24,4,2,1,1,18,24,6,0,1,0,1.62,0
EMP-02722,Analytics,SRE,PostgreSQL,15,15,14,0,2,23,41,9,1,1,1,0.0,0
EMP-02723,Data Science,Tech Lead,MongoDB,15,12,5,6,4,24,19,3,1,1,0,53.1,0
EMP-02724,Infrastructure,Platform Engineer,MySQL,126,3,3,0,3,79,48,8,1,0,0,0.0,0
EMP-02725,Infrastructure,Security Engineer,PostgreSQL,70,14,10,4,1,40,9,7,0,1,0,0.0,1
EMP-02726,Finance,DBA,PostgreSQL,23,12,6,4,2,33,5,8,1,1,1,2.67,0
EMP-02727,Platform,Manager,PostgreSQL,30,9,7,1,5,114,9,9,1,0,1,0.0,0
EMP-02728,Data Science,Tech Lead,PostgreSQL,134,19,15,3,7,8,22,8,0,1,0,0.0,0
EMP-02729,Security,DBA,PostgreSQL,106,15,13,1,2,24,49,6,1,1,0,0.0,0
EMP-02730,Compliance,Senior DBA,Oracle,-37,20,18,2,2,30,29,9,1,1,1,0.0,0
EMP-02731,Infrastructure,Developer,MongoDB,158,2,0,1,6,63,2,10,0,0,1,40.67,0
EMP-02732,Engineering,Platform Engineer,PostgreSQL,-16,20,15,3,3,120,33,6,1,0,0,34.67,0
EMP-02733,Finance,Analyst,PostgreSQL,4,2,0,0,3,33,16,5,1,0,1,23.1,0
EMP-02734,Infrastructure,DBA,PostgreSQL,13,14,14,0,0,14,40,4,1,1,1,0.0,0
EMP-02735,Engineering,Senior Developer,Oracle,0,11,9,0,1,38,30,4,0,0,1,0.0,0
EMP-02736,Finance,DBA,MySQL,109,11,7,3,4,4,24,5,1,1,0,0.08,0
EMP-02737,Compliance,Senior DBA,Oracle,141,15,11,2,2,29,8,4,0,1,0,0.0,0
EMP-02738,Compliance,Tech Lead,Oracle,3,8,3,4,7,11,2,8,0,1,1,100.0,1
EMP-02739,Analytics,Analyst,Oracle,149,12,10,2,0,105,14,6,1,0,1,0.0,0
EMP-02740,Data Science,Tech Lead,MySQL,134,13,8,4,7,25,12,10,0,1,1,41.65,0
EMP-02741,Infrastructure,Security Engineer,PostgreSQL,-7,8,6,1,2,10,21,9,0,1,1,36.06,0
EMP-02742,Analytics,Tech Lead,PostgreSQL,1,18,16,1,7,24,18,7,1,1,0,0.0,0
EMP-02743,Engineering,Developer,Oracle,161,20,17,3,4,23,2,4,0,0,1,0.0,0
EMP-02744,Operations,Analyst,MariaDB,162,5,5,0,12,34,40,8,0,0,0,53.86,0
EMP-02745,Analytics,SRE,PostgreSQL,76,13,12,0,4,16,50,4,0,1,0,0.0,1
EMP-02746,DevOps,Manager,Oracle,38,13,5,6,8,113,45,2,1,0,1,100.0,1
EMP-02747,Security,Platform Engineer,Oracle,18,11,9,0,6,40,16,2,1,0,1,0.0,0
EMP-02748,Engineering,Manager,SQL Server,-33,3,1,1,3,76,40,9,1,0,1,94.06,1
EMP-02749,DevOps,Manager,Oracle,5,16,10,6,2,71,26,10,1,0,1,10.76,0
EMP-02750,Engineering,Tech Lead,Oracle,8,19,17,1,6,22,7,7,1,1,1,0.0,1
EMP-02751,Analytics,Security Engineer,Oracle,111,10,5,5,1,27,35,6,1,1,1,14.88,0
EMP-02752,Security,Senior DBA,PostgreSQL,-9,20,17,1,0,4,25,2,1,1,1,0.0,0
EMP-02753,Analytics,Analyst,PostgreSQL,4,18,10,6,3,23,2,7,0,0,0,32.16,0
EMP-02754,Infrastructure,Senior Developer,MariaDB,147,1,0,0,7,50,22,4,1,0,0,37.53,0
EMP-02755,Security,Developer,PostgreSQL,16,1,0,1,3,65,8,6,1,0,0,11.86,0
EMP-02756,Security,Security Engineer,MySQL,-23,18,12,6,0,74,25,7,1,1,0,60.29,1
EMP-02757,Finance,Security Engineer,PostgreSQL,48,0,0,0,4,36,16,8,1,1,1,8.79,0
EMP-02758,Engineering,Senior DBA,Oracle,2,8,7,0,4,30,8,2,1,1,1,22.28,0
EMP-02759,Platform,SRE,PostgreSQL,22,0,0,0,2,2,36,6,0,1,1,14.53,0
EMP-02760,Finance,Senior DBA,Oracle,131,4,0,2,3,6,15,9,0,1,1,37.23,0
EMP-02761,Platform,Manager,Oracle,96,7,5,0,0,11,24,5,1,0,0,0.0,0
EMP-02762,Infrastructure,Developer,MySQL,82,20,16,4,1,59,10,9,0,0,0,0.0,0
EMP-02763,Platform,Platform Engineer,PostgreSQL,119,2,0,1,4,109,34,10,1,0,0,9.4,0
EMP-02764,Infrastructure,Senior Developer,MySQL,169,10,9,1,0,89,17,10,1,0,1,0.0,0
EMP-02765,Data Science,Tech Lead,Oracle,11,7,7,0,3,36,28,10,0,1,0,0.0,0
EMP-02766,Infrastructure,Developer,MySQL,20,15,12,3,0,80,12,7,1,0,0,0.0,0
EMP-02767,Data Science,Analyst,PostgreSQL,15,11,8,1,1,83,13,6,0,0,0,0.0,0
EMP-02768,Engineering,Senior DBA,Oracle,140,13,9,3,1,18,27,6,1,1,0,0.0,0
EMP-02769,Data Science,Senior Developer,MariaDB,31,15,9,4,3,10,20,7,1,0,1,0.0,0
EMP-02770,Infrastructure,Tech Lead,MySQL,100,7,4,2,4,21,40,7,1,1,1,8.56,0
EMP-02771,DevOps,Developer,PostgreSQL,77,0,0,0,1,49,49,3,1,0,1,0.0,0
EMP-02772,Data Science,Platform Engineer,MySQL,50,2,0,2,5,82,47,4,1,0,1,52.96,0
EMP-02773,Operations,Developer,MySQL,158,5,2,1,2,89,18,10,0,0,1,0.98,0
EMP-02774,Operations,SRE,Oracle,33,1,0,0,0,18,50,5,0,1,1,0.0,0
EMP-02775,Security,Tech Lead,SQL Server,-39,18,13,4,7,29,8,4,0,1,1,100.0,1
EMP-02776,Operations,Developer,MariaDB,86,13,6,5,6,21,20,5,1,0,0,39.75,0
EMP-02777,Security,Platform Engineer,MySQL,-42,0,0,0,2,37,39,4,0,0,1,100.0,1
EMP-02778,Platform,Senior DBA,SQL Server,16,11,3,6,1,25,9,7,1,1,1,37.95,0
EMP-02779,Security,DBA,MySQL,112,17,15,2,3,26,27,3,1,1,1,0.0,0
EMP-02780,Operations,Developer,MySQL,48,9,8,0,6,106,15,4,1,0,1,0.0,0
EMP-02781,Compliance,DBA,Oracle,53,3,0,2,0,4,45,7,1,1,0,0.0,0
EMP-02782,Data Science,Senior Developer,MySQL,49,1,0,0,2,104,21,10,0,0,1,4.17,0
EMP-02783,DevOps,Developer,PostgreSQL,1,16,10,5,6,113,30,10,1,0,1,47.96,0
EMP-02784,Engineering,DBA,Oracle,-27,7,3,3,1,28,22,8,0,1,1,100.0,1
EMP-02785,Analytics,Manager,SQL Server,-23,11,7,3,7,85,45,7,0,0,1,100.0,1
EMP-02786,Platform,SRE,Oracle,139,19,14,4,3,7,22,9,1,1,1,0.0,0
EMP-02787,Analytics,Security Engineer,MariaDB,-18,4,0,3,3,83,3,6,1,1,0,100.0,1
EMP-02788,Security,Senior Developer,MySQL,119,18,18,0,5,8,47,9,1,0,0,0.0,0
EMP-02789,Platform,Tech Lead,PostgreSQL,42,10,6,4,6,11,48,10,0,1,1,40.47,0
EMP-02790,DevOps,Tech Lead,MySQL,3,10,3,5,0,16,41,9,1,1,0,29.83,0
EMP-02791,Operations,Platform Engineer,MongoDB,35,20,15,4,3,22,10,5,1,0,1,0.0,0
EMP-02792,Engineering,Platform Engineer,MongoDB,-11,4,0,2,0,112,41,2,1,0,1,83.1,1
EMP-02793,Infrastructure,Manager,Oracle,29,4,3,0,2,28,43,2,1,0,1,0.0,1
EMP-02794,Engineering,Senior DBA,PostgreSQL,120,19,17,1,4,23,24,5,1,1,1,0.0,0
EMP-02795,Operations,Tech Lead,Oracle,84,15,9,4,2,28,46,10,1,1,1,0.0,0
EMP-02796,Operations,Security Engineer,MariaDB,-24,11,9,2,3,45,45,4,1,1,1,72.09,1
EMP-02797,Analytics,Senior Developer,PostgreSQL,120,16,10,6,8,76,32,9,1,0,1,43.3,0
EMP-02798,Operations,Developer,Oracle,98,0,0,0,8,85,11,10,0,0,1,63.71,1
EMP-02799,Infrastructure,Analyst,MongoDB,147,4,4,0,3,34,7,4,1,0,1,0.0,0
EMP-02800,DevOps,Tech Lead,PostgreSQL,10,10,3,5,8,26,28,9,0,1,0,92.43,1
EMP-02801,Platform,SRE,Oracle,107,17,14,3,4,35,32,6,1,1,1,0.0,1
EMP-02802,Compliance,Analyst,MySQL,0,4,3,1,6,64,26,9,1,0,1,44.83,0
EMP-02803,Platform,Senior DBA,MariaDB,4,15,8,5,3,5,39,2,1,1,0,38.93,0
EMP-02804,Operations,DBA,MySQL,108,12,5,5,3,31,10,7,0,1,1,46.02,0
EMP-02805,Data Science,Developer,SQL Server,6,18,13,3,3,33,12,2,1,0,1,0.0,0
EMP-02806,Engineering,Platform Engineer,Oracle,111,16,9,6,5,90,37,8,1,0,1,34.64,0
EMP-02807,Infrastructure,Developer,Oracle,99,4,0,3,6,20,8,7,1,0,1,61.43,1
EMP-02808,Infrastructure,Analyst,MySQL,81,3,2,1,9,20,35,8,1,0,0,36.92,0
EMP-02809,Compliance,DBA,PostgreSQL,4,8,6,1,4,18,21,6,1,1,0,4.39,0
EMP-02810,Data Science,Senior DBA,MariaDB,23,19,11,6,0,23,5,2,0,1,1,14.07,0
EMP-02811,Security,Manager,MariaDB,1,5,2,3,7,120,3,2,1,0,0,100.0,1
EMP-02812,Analytics,Tech Lead,SQL Server,167,13,11,0,1,32,49,10,1,1,1,0.0,0
EMP-02813,Security,Developer,Oracle,-1,0,0,0,4,14,28,10,1,0,0,32.25,0
EMP-02814,Infrastructure,Senior DBA,MongoDB,1,15,11,2,0,35,19,5,1,1,0,0.0,0
EMP-02815,Finance,Senior Developer,Oracle,7,5,4,1,3,48,5,7,1,0,1,7.47,0
EMP-02816,Finance,Analyst,PostgreSQL,157,9,6,3,2,30,43,6,0,0,1,4.16,0
EMP-02817,Analytics,Platform Engineer,PostgreSQL,13,7,5,2,1,72,36,8,1,0,1,0.0,0
EMP-02818,Compliance,Senior DBA,PostgreSQL,-14,1,0,1,4,4,30,3,1,1,1,100.0,1
EMP-02819,DevOps,Manager,MySQL,2,17,17,0,2,61,46,3,1,0,1,0.0,0
EMP-02820,Analytics,SRE,MySQL,-5,18,14,4,3,35,16,5,0,1,1,43.6,0
EMP-02821,Infrastructure,Senior DBA,PostgreSQL,30,5,0,3,4,15,10,3,1,1,0,51.95,0
EMP-02822,Platform,Tech Lead,Oracle,37,11,5,5,2,31,17,5,0,1,1,50.62,0
EMP-02823,Compliance,Analyst,MySQL,131,19,11,6,7,10,17,6,1,0,1,31.46,0
EMP-02824,Infrastructure,Developer,PostgreSQL,-1,4,2,1,5,27,15,5,0,0,1,75.47,1
EMP-02825,Finance,Developer,PostgreSQL,143,13,12,1,6,87,4,5,0,0,1,0.0,0
EMP-02826,Finance,Manager,MongoDB,55,8,6,2,3,114,1,8,1,0,0,0.0,0
EMP-02827,DevOps,Security Engineer,PostgreSQL,-32,4,2,0,4,23,15,4,0,1,0,100.0,1
EMP-02828,Infrastructure,Manager,Oracle,29,6,6,0,2,46,50,9,1,0,1,0.0,0
EMP-02829,Compliance,Platform Engineer,MySQL,-22,2,2,0,6,104,11,9,1,0,1,100.0,1
EMP-02830,Operations,Manager,MySQL,11,15,10,4,4,105,13,4,1,0,0,10.31,1
EMP-02831,Operations,Tech Lead,Oracle,144,5,2,1,6,13,31,5,0,1,1,59.11,1
EMP-02832,Engineering,Senior Developer,Oracle,133,12,8,2,8,88,25,5,0,0,0,47.53,0
EMP-02833,Finance,Security Engineer,MongoDB,16,7,4,2,1,65,34,5,0,1,1,15.28,0
EMP-02834,Analytics,Platform Engineer,MySQL,4,20,17,1,1,51,11,6,0,0,1,0.0,0
EMP-02835,Engineering,SRE,SQL Server,-32,12,9,1,2,23,44,2,0,1,0,72.82,1
EMP-02836,Platform,Tech Lead,PostgreSQL,66,11,6,4,6,2,9,7,0,1,0,43.5,0
EMP-02837,DevOps,DBA,Oracle,5,20,19,1,4,17,3,2,0,1,1,0.0,0
EMP-02838,DevOps,Senior DBA,PostgreSQL,164,12,7,3,0,3,21,6,1,1,1,0.0,0
EMP-02839,Analytics,Security Engineer,PostgreSQL,178,8,4,3,2,84,25,5,1,1,0,11.16,0
EMP-02840,Compliance,Tech Lead,Oracle,66,14,8,5,2,7,43,6,0,1,0,14.97,0
EMP-02841,Finance,Analyst,Oracle,1,18,16,1,10,108,10,8,1,0,0,7.76,0
EMP-02842,Security,Tech Lead,SQL Server,50,7,3,2,4,13,17,10,1,1,1,3.04,0
EMP-02843,Analytics,SRE,PostgreSQL,6,7,5,1,1,36,33,8,0,1,1,3.09,0
EMP-02844,Analytics,Security Engineer,Oracle,98,7,2,3,0,40,13,3,1,1,0,7.28,0
EMP-02845,Platform,Security Engineer,PostgreSQL,6,4,1,3,0,36,21,5,1,1,1,31.11,1
EMP-02846,Finance,Senior Developer,MySQL,15,19,13,4,0,96,3,6,0,0,0,0.0,0
EMP-02847,Platform,DBA,Oracle,0,13,9,2,2,27,43,8,1,1,1,0.0,0
EMP-02848,DevOps,Senior Developer,MySQL,-21,9,7,2,0,98,47,9,0,0,0,52.79,0
EMP-02849,Infrastructure,Tech Lead,PostgreSQL,6,11,9,0,1,35,36,8,0,1,1,0.0,0
EMP-02850,Data Science,Security Engineer,Oracle,31,9,5,4,4,46,23,7,1,1,1,32.44,0
EMP-02851,Operations,Platform Engineer,MySQL,167,6,5,0,4,70,49,6,1,0,0,0.0,0
EMP-02852,Analytics,Tech Lead,Oracle,-37,10,5,3,1,10,33,7,0,1,1,100.0,1
EMP-02853,DevOps,DBA,PostgreSQL,-23,6,4,0,4,3,10,7,1,1,0,64.54,1
EMP-02854,DevOps,Analyst,Oracle,49,8,6,1,8,69,27,8,1,0,1,19.62,0
EMP-02855,Data Science,Senior DBA,SQL Server,158,8,3,5,2,8,43,9,1,1,0,15.4,0
EMP-02856,Security,Platform Engineer,PostgreSQL,-14,10,9,1,8,63,25,8,0,0,0,87.58,1
EMP-02857,Platform,Manager,PostgreSQL,77,8,1,5,0,110,45,10,1,0,0,11.44,0
EMP-02858,Platform,DBA,MySQL,26,2,0,1,2,26,22,2,1,1,1,25.79,0
EMP-02859,Analytics,Manager,MySQL,56,10,4,6,1,84,38,8,0,0,0,35.25,0
EMP-02860,Platform,Developer,PostgreSQL,27,5,4,1,3,70,2,5,0,0,0,10.17,0
EMP-02861,Finance,Senior DBA,MySQL,11,16,10,5,2,4,6,2,1,1,1,9.58,0
EMP-02862,Operations,SRE,Oracle,11,2,1,0,3,5,48,7,1,1,1,0.26,0
EMP-02863,DevOps,Manager,MySQL,-34,10,6,3,4,53,26,6,1,0,1,97.73,1
EMP-02864,Infrastructure,Manager,Oracle,48,4,4,0,2,25,4,3,1,0,1,0.0,0
EMP-02865,Engineering,Platform Engineer,Oracle,6,3,0,2,2,116,42,9,1,0,1,40.73,0
EMP-02866,Infrastructure,Developer,MySQL,10,20,20,0,4,115,20,10,1,0,0,0.0,0
EMP-02867,Security,Manager,PostgreSQL,12,7,4,2,1,17,31,8,0,0,1,0.0,0
EMP-02868,DevOps,Senior DBA,PostgreSQL,3,1,0,1,1,31,9,3,1,1,1,39.92,0
EMP-02869,Operations,Manager,PostgreSQL,90,10,8,1,2,62,6,8,1,0,1,0.0,0
EMP-02870,DevOps,Manager,MongoDB,13,17,12,4,2,87,29,8,0,0,1,0.0,0
EMP-02871,Platform,Tech Lead,PostgreSQL,79,19,19,0,2,11,39,10,0,1,0,0.0,0
EMP-02872,Analytics,Platform Engineer,PostgreSQL,61,8,2,4,4,87,41,2,0,0,1,75.7,1
EMP-02873,Compliance,Tech Lead,PostgreSQL,-6,17,10,5,3,25,35,2,1,1,0,63.31,1
EMP-02874,DevOps,Tech Lead,MySQL,18,12,6,4,2,17,29,10,0,1,0,5.48,0
EMP-02875,DevOps,SRE,PostgreSQL,-10,18,13,5,1,26,45,3,1,1,0,37.33,0
EMP-02876,Security,Security Engineer,MySQL,125,13,9,2,1,76,4,5,1,1,1,0.0,0
EMP-02877,Compliance,Manager,PostgreSQL,177,4,3,1,0,120,37,7,1,0,1,0.0,0
EMP-02878,Operations,Developer,SQL Server,127,2,2,0,4,68,14,7,1,0,0,0.0,0
EMP-02879,DevOps,Tech Lead,MySQL,152,20,16,3,4,5,17,5,1,1,0,0.0,0
EMP-02880,Finance,Manager,Oracle,103,8,3,3,1,15,14,9,1,0,1,0.0,0
EMP-02881,DevOps,Developer,PostgreSQL,3,9,5,4,4,45,33,10,0,0,0,50.88,0
EMP-02882,Operations,SRE,Oracle,27,20,16,3,4,27,38,6,1,1,1,0.0,0
EMP-02883,DevOps,Platform Engineer,MariaDB,1,13,9,4,5,115,19,3,0,0,0,71.81,1
EMP-02884,Security,DBA,MariaDB,0,19,19,0,4,36,20,5,1,1,0,0.0,0
EMP-02885,Engineering,Developer,MySQL,0,20,12,6,0,89,17,4,0,0,0,24.98,0
EMP-02886,Security,Senior Developer,Oracle,11,15,13,0,2,73,21,4,0,0,1,0.0,0
EMP-02887,Engineering,Platform Engineer,MySQL,126,18,11,6,3,61,16,10,0,0,0,0.9,0
EMP-02888,Analytics,Security Engineer,PostgreSQL,25,10,9,0,3,108,40,2,1,1,1,0.0,0
EMP-02889,Compliance,DBA,MySQL,2,3,1,0,2,30,17,4,0,1,1,48.38,0
EMP-02890,DevOps,Platform Engineer,MariaDB,37,11,7,2,5,103,15,8,0,0,1,17.66,0
EMP-02891,Compliance,SRE,Oracle,156,5,3,2,2,22,13,7,1,1,0,0.0,0
EMP-02892,Infrastructure,DBA,PostgreSQL,24,5,2,3,0,21,6,10,1,1,0,0.0,0
EMP-02893,Data Science,Manager,PostgreSQL,-22,15,10,3,1,118,30,7,1,0,1,50.07,0
EMP-02894,Data Science,Senior DBA,PostgreSQL,110,2,1,1,2,30,29,9,1,1,0,0.0,0
EMP-02895,Platform,DBA,Oracle,151,4,3,1,3,22,38,8,0,1,0,3.69,0
EMP-02896,Finance,DBA,PostgreSQL,130,19,14,5,0,11,23,10,1,1,0,0.0,0
EMP-02897,Platform,Manager,MySQL,20,4,2,0,0,68,20,9,1,0,1,0.0,0
EMP-02898,Platform,Tech Lead,SQL Server,94,10,4,4,4,36,47,2,0,1,0,65.36,1
EMP-02899,Finance,Senior Developer,SQL Server,134,20,17,3,6,109,29,3,1,0,1,0.0,0
EMP-02900,Security,Tech Lead,PostgreSQL,63,2,0,1,7,11,18,6,1,1,0,42.37,0
EMP-02901,Analytics,Platform Engineer,PostgreSQL,2,19,17,1,7,42,6,9,0,0,0,0.0,0
EMP-02902,Compliance,DBA,MySQL,49,19,13,4,1,32,32,9,0,1,1,0.0,0
EMP-02903,Security,Manager,MariaDB,113,0,0,0,5,58,28,6,1,0,0,14.17,0
EMP-02904,DevOps,Tech Lead,MySQL,-32,16,9,5,2,12,14,5,1,1,0,83.25,1
EMP-02905,Compliance,Manager,PostgreSQL,93,7,7,0,4,14,9,3,1,0,1,0.0,0
EMP-02906,Finance,Manager,Oracle,18,8,3,5,7,84,22,3,0,0,0,100.0,1
EMP-02907,Platform,Platform Engineer,MongoDB,3,14,8,4,5,79,28,10,1,0,0,28.37,0
EMP-02908,Data Science,Senior Developer,MariaDB,-3,15,9,6,2,42,35,10,0,0,1,55.0,1
EMP-02909,Compliance,Developer,MySQL,4,16,15,0,7,87,26,10,0,0,0,0.0,0
EMP-02910,Finance,Senior DBA,PostgreSQL,45,11,9,1,2,8,29,6,1,1,0,0.0,0
EMP-02911,DevOps,Manager,MySQL,-8,18,17,1,2,66,33,8,0,0,0,0.0,0
EMP-02912,Security,DBA,SQL Server,61,14,12,0,1,35,27,2,0,1,0,0.0,0
EMP-02913,Data Science,Platform Engineer,MySQL,1,7,5,0,3,53,1,8,1,0,1,0.0,0
EMP-02914,Analytics,Manager,Oracle,-35,6,4,2,8,40,32,9,1,0,0,100.0,1
EMP-02915,Operations,Analyst,MariaDB,9,14,8,6,10,37,21,4,1,0,0,88.59,1
EMP-02916,DevOps,Senior DBA,SQL Server,89,5,4,0,1,16,42,2,0,1,0,0.0,0
EMP-02917,DevOps,Developer,MySQL,88,10,7,2,6,110,14,9,1,0,0,0.54,0
EMP-02918,Analytics,Developer,Oracle,177,17,13,4,0,54,31,2,1,0,1,0.0,0
EMP-02919,Finance,Developer,MySQL,7,13,5,6,4,119,22,8,0,0,0,83.35,1
EMP-02920,Platform,Senior Developer,PostgreSQL,15,17,15,2,2,22,33,8,1,0,1,0.0,0
EMP-02921,Platform,Manager,SQL Server,94,19,14,5,3,96,30,6,0,0,0,0.0,0
EMP-02922,Security,Manager,Oracle,24,4,2,0,4,104,31,2,1,0,0,20.89,0
EMP-02923,Compliance,Manager,Oracle,-6,12,10,0,4,64,32,3,1,0,1,23.96,0
EMP-02924,Analytics,Tech Lead,Oracle,75,10,7,3,0,3,19,9,0,1,1,0.0,0
EMP-02925,Platform,Manager,Oracle,14,12,8,2,2,65,49,7,1,0,0,0.0,0
EMP-02926,DevOps,Senior Developer,MongoDB,180,4,1,2,5,27,2,8,0,0,0,33.24,0
EMP-02927,Finance,Developer,MySQL,65,12,10,1,2,98,11,10,0,0,1,0.0,0
EMP-02928,Security,Tech Lead,MySQL,-33,8,4,3,4,9,11,10,1,1,0,91.31,1
EMP-02929,Analytics,Tech Lead,PostgreSQL,129,12,6,5,6,14,12,8,0,1,0,52.29,0
EMP-02930,Data Science,Analyst,MySQL,-4,20,12,6,6,91,7,8,1,0,1,73.27,1
EMP-02931,Infrastructure,Manager,MySQL,-33,9,5,2,8,82,15,4,1,0,0,100.0,1
EMP-02932,Security,SRE,Oracle,-35,6,3,2,3,22,30,6,1,1,1,100.0,1
EMP-02933,Engineering,Platform Engineer,MySQL,77,9,7,0,5,99,49,3,1,0,0,0.0,0
EMP-02934,Data Science,DBA,Oracle,-43,4,0,3,0,4,15,7,1,1,1,100.0,0
EMP-02935,Analytics,Developer,MongoDB,123,4,3,1,4,51,19,4,1,0,1,9.39,0
EMP-02936,DevOps,Security Engineer,Oracle,97,0,0,0,1,34,44,4,1,1,1,0.0,0
EMP-02937,Engineering,Senior DBA,MySQL,-28,11,6,4,0,19,18,10,1,1,1,61.77,1
EMP-02938,Operations,Platform Engineer,Oracle,165,20,19,1,4,120,25,7,1,0,0,0.0,0
EMP-02939,Security,Senior DBA,MySQL,-40,12,10,0,4,3,42,5,1,1,1,44.94,0
EMP-02940,Security,DBA,Oracle,13,6,1,3,2,29,40,2,1,1,0,42.81,0
EMP-02941,Operations,Senior DBA,MySQL,104,4,0,3,3,19,23,6,1,1,0,31.77,0
EMP-02942,Security,Security Engineer,MariaDB,155,11,3,6,4,76,2,2,0,1,1,100.0,1
EMP-02943,Finance,DBA,MySQL,160,16,9,6,2,14,48,8,1,1,1,0.04,0
EMP-02944,Operations,Manager,Oracle,164,10,8,1,4,51,47,10,0,0,1,0.0,0
EMP-02945,Platform,Senior Developer,Oracle,163,18,16,2,7,59,19,4,1,0,1,0.0,0
EMP-02946,Finance,Platform Engineer,PostgreSQL,14,12,10,0,5,30,35,6,1,0,0,0.0,0
EMP-02947,Analytics,DBA,Oracle,27,7,5,0,2,8,24,2,1,1,0,0.0,0
EMP-02948,DevOps,Tech Lead,MongoDB,3,1,0,1,5,2,44,6,1,1,0,51.56,0
EMP-02949,Analytics,Platform Engineer,MySQL,77,4,0,3,3,37,25,4,1,0,0,33.4,0
EMP-02950,Security,Security Engineer,MySQL,80,3,0,2,1,27,1,7,1,1,0,0.44,0
EMP-02951,Platform,SRE,MongoDB,3,7,4,3,1,2,33,7,1,1,1,19.61,0
EMP-02952,Security,SRE,PostgreSQL,38,10,9,1,2,36,48,3,1,1,0,0.0,0
EMP-02953,Data Science,DBA,PostgreSQL,-24,10,6,4,3,20,1,10,0,1,1,100.0,1
EMP-02954,Infrastructure,SRE,PostgreSQL,170,6,3,3,0,11,36,2,1,1,1,5.32,0
EMP-02955,Compliance,Analyst,PostgreSQL,21,20,19,1,6,92,23,5,1,0,1,0.0,0
EMP-02956,Engineering,Security Engineer,MariaDB,71,19,17,2,2,28,48,10,0,1,1,0.0,0
EMP-02957,Compliance,Analyst,PostgreSQL,-16,5,3,1,12,20,47,10,1,0,1,100.0,1
EMP-02958,Finance,Platform Engineer,SQL Server,120,5,3,0,3,63,31,2,0,0,1,18.05,0
EMP-02959,DevOps,Tech Lead,PostgreSQL,44,13,6,5,6,3,46,7,1,1,0,36.99,0
EMP-02960,Compliance,Analyst,Oracle,5,13,7,6,8,115,38,9,1,0,0,98.06,1
EMP-02961,Security,Manager,Oracle,96,0,0,0,0,74,31,3,1,0,1,0.0,0
EMP-02962,DevOps,Senior Developer,Oracle,-14,19,16,3,5,97,2,9,1,0,1,39.84,0
EMP-02963,Infrastructure,SRE,PostgreSQL,20,11,10,0,3,20,16,7,1,1,1,0.0,0
EMP-02964,Analytics,Analyst,PostgreSQL,72,1,0,1,7,112,49,7,0,0,0,62.54,1
EMP-02965,Platform,DBA,MySQL,65,8,2,5,2,30,13,5,1,1,1,43.88,0
EMP-02966,Finance,Tech Lead,PostgreSQL,99,13,8,4,5,19,24,7,1,1,1,14.51,0
EMP-02967,Platform,Tech Lead,MySQL,12,7,2,4,7,1,2,8,1,1,0,63.15,1
EMP-02968,DevOps,Platform Engineer,SQL Server,6,18,11,6,8,25,5,10,1,0,0,46.88,0
EMP-02969,Security,SRE,SQL Server,27,3,2,0,3,10,10,3,0,1,1,25.16,0
EMP-02970,Operations,Security Engineer,Oracle,117,4,1,2,3,119,15,4,0,1,0,62.51,1
EMP-02971,DevOps,Senior Developer,Oracle,33,3,1,0,1,86,3,7,1,0,0,0.0,0
EMP-02972,Infrastructure,Senior Developer,Oracle,171,14,9,5,5,34,13,3,0,0,1,53.43,0
EMP-02973,DevOps,Senior Developer,Oracle,-22,6,1,3,7,113,38,3,1,0,1,100.0,1
EMP-02974,Infrastructure,Senior DBA,MySQL,149,8,6,2,1,27,18,4,1,1,1,0.0,0
EMP-02975,Engineering,Developer,MySQL,3,15,10,3,4,46,11,5,0,0,0,30.21,0
EMP-02976,Analytics,Developer,MongoDB,-6,17,14,3,6,89,13,4,1,0,1,43.18,0
EMP-02977,Analytics,SRE,SQL Server,84,19,12,6,2,11,39,6,1,1,0,0.0,0
EMP-02978,Platform,Security Engineer,MySQL,151,9,3,4,1,41,20,8,1,1,1,8.98,0
EMP-02979,Security,DBA,PostgreSQL,128,20,15,4,1,7,22,2,0,1,1,0.0,0
EMP-02980,Analytics,Security Engineer,Oracle,142,14,11,1,0,76,13,2,1,1,1,0.0,0
EMP-02981,Operations,Senior DBA,Oracle,142,13,10,3,1,6,50,9,1,1,0,0.0,0
EMP-02982,Infrastructure,Senior DBA,Oracle,3,16,13,3,4,4,17,6,1,1,0,0.0,0
EMP-02983,Engineering,Platform Engineer,MongoDB,177,19,14,4,2,78,12,3,0,0,1,0.0,0
EMP-02984,Finance,Senior DBA,MySQL,39,9,8,0,2,26,24,3,0,1,1,0.0,1
EMP-02985,Engineering,Platform Engineer,MySQL,176,11,10,1,7,69,40,6,0,0,1,9.06,0
EMP-02986,DevOps,Senior DBA,MySQL,163,6,1,3,3,21,4,7,1,1,0,22.56,0
EMP-02987,DevOps,SRE,PostgreSQL,97,9,3,5,3,10,19,6,1,1,1,38.44,0
EMP-02988,Operations,Manager,Oracle,171,10,5,3,5,79,4,9,1,0,0,11.52,0
EMP-02989,Infrastructure,Analyst,MariaDB,70,5,1,3,3,89,16,6,1,0,0,27.42,0
EMP-02990,Analytics,Manager,Oracle,25,18,13,3,3,40,5,4,1,0,0,0.0,0
EMP-02991,Operations,Platform Engineer,PostgreSQL,18,17,16,0,7,20,7,2,0,0,1,0.0,0
EMP-02992,Data Science,Senior DBA,Oracle,129,9,6,1,4,19,28,5,0,1,1,11.81,0
EMP-02993,Engineering,Developer,MySQL,-41,7,7,0,3,64,27,2,0,0,1,83.33,1
EMP-02994,Analytics,Developer,PostgreSQL,48,14,10,4,8,90,26,2,1,0,1,47.62,0
EMP-02995,Analytics,Tech Lead,MySQL,17,14,9,5,5,10,13,2,1,1,0,34.46,0
EMP-02996,Infrastructure,Security Engineer,PostgreSQL,11,2,0,2,4,18,4,9,1,1,1,30.52,0
EMP-02997,Operations,Analyst,PostgreSQL,29,10,9,1,1,100,23,9,0,0,1,0.0,0
EMP-02998,Engineering,Platform Engineer,MySQL,4,7,4,1,7,120,11,8,1,0,1,49.5,0
EMP-02999,Compliance,Senior Developer,MySQL,20,12,5,5,4,81,45,6,0,0,1,61.81,1
EMP-03000,DevOps,Senior Developer,Oracle,-22,2,0,2,8,36,18,3,1,0,1,100.0,1
EMP-03001,Infrastructure,Security Engineer,MySQL,11,0,0,0,0,33,25,7,1,1,1,0.0,0
EMP-03002,Data Science,Platform Engineer,Oracle,22,19,16,2,6,118,20,5,1,0,1,0.0,0
EMP-03003,Finance,DBA,SQL Server,29,12,8,2,0,30,9,9,1,1,1,0.0,0
EMP-03004,Platform,Security Engineer,SQL Server,76,14,10,3,3,111,20,5,1,1,1,0.0,0
EMP-03005,Engineering,DBA,Oracle,120,17,12,4,3,28,27,2,1,1,0,0.0,0
EMP-03006,DevOps,Security Engineer,Oracle,114,14,8,5,1,112,12,3,1,1,1,20.51,0
EMP-03007,Infrastructure,Senior Developer,MySQL,19,13,6,6,5,37,4,6,0,0,1,69.4,1
EMP-03008,Infrastructure,Senior DBA,Oracle,130,19,15,3,0,2,12,6,1,1,1,0.0,0
EMP-03009,Infrastructure,Platform Engineer,MySQL,5,2,0,1,7,16,33,8,1,0,0,52.33,0
EMP-03010,Security,Platform Engineer,Oracle,-9,19,16,2,2,47,10,5,1,0,1,0.0,0
EMP-03011,Platform,Developer,MariaDB,33,17,12,3,7,12,32,10,1,0,0,0.0,0
EMP-03012,Platform,Senior DBA,MySQL,157,19,12,6,0,36,21,3,1,1,0,0.0,0
EMP-03013,Operations,Security Engineer,SQL Server,27,1,0,0,2,86,47,5,1,1,1,13.69,0
EMP-03014,Security,Senior Developer,PostgreSQL,122,6,1,3,2,42,40,4,1,0,0,18.17,0
EMP-03015,Compliance,Manager,PostgreSQL,177,3,1,1,2,81,27,5,1,0,0,0.0,0
EMP-03016,Security,Manager,PostgreSQL,0,14,8,5,5,51,42,7,0,0,1,69.29,1
EMP-03017,Data Science,Tech Lead,MariaDB,-32,6,2,4,0,19,30,3,1,1,1,100.0,1
EMP-03018,Compliance,Security Engineer,PostgreSQL,16,20,18,2,0,8,30,9,1,1,0,0.0,0
EMP-03019,Finance,DBA,MongoDB,15,2,2,0,4,3,17,6,0,1,0,13.89,0
EMP-03020,DevOps,Manager,Oracle,116,6,2,3,6,35,18,9,1,0,1,42.09,0
EMP-03021,Data Science,Senior DBA,MySQL,-43,4,4,0,2,5,20,10,0,1,1,63.73,1
EMP-03022,Engineering,SRE,MongoDB,172,19,15,4,2,19,6,10,0,1,1,0.0,0
EMP-03023,Finance,SRE,SQL Server,144,3,0,2,2,26,36,5,0,1,1,42.31,0
EMP-03024,Operations,SRE,PostgreSQL,0,18,15,3,0,21,4,5,0,1,1,0.0,0
EMP-03025,Data Science,Developer,PostgreSQL,16,12,7,5,8,88,42,8,1,0,1,58.74,1
EMP-03026,Finance,Manager,Oracle,35,7,4,3,1,97,8,9,1,0,1,0.0,0
EMP-03027,Engineering,SRE,PostgreSQL,34,5,2,3,3,3,48,4,1,1,0,23.22,0
EMP-03028,Analytics,Senior Developer,Oracle,53,18,17,0,8,23,12,8,1,0,1,0.0,0
EMP-03029,Compliance,DBA,Oracle,14,6,6,0,4,27,50,8,1,1,1,0.0,0
EMP-03030,Data Science,Platform Engineer,MySQL,20,16,10,5,1,31,18,9,1,0,1,0.0,0
EMP-03031,Data Science,Developer,PostgreSQL,27,11,5,6,7,78,45,5,1,0,0,74.93,1
EMP-03032,Data Science,Analyst,PostgreSQL,-19,3,1,0,12,41,30,10,1,0,1,100.0,1
EMP-03033,Infrastructure,SRE,Oracle,150,6,3,2,2,31,12,9,0,1,1,10.37,0
EMP-03034,Analytics,Manager,MySQL,164,14,10,4,2,96,30,4,1,0,0,0.0,0
EMP-03035,Finance,DBA,Oracle,45,14,6,6,4,29,38,2,1,1,1,68.11,1
EMP-03036,Platform,Security Engineer,PostgreSQL,-2,3,2,0,1,48,12,2,1,1,0,31.35,0
EMP-03037,DevOps,Tech Lead,MySQL,28,1,0,0,2,32,15,3,0,1,0,24.17,0
EMP-03038,Analytics,Senior Developer,Oracle,60,2,0,2,2,71,25,6,1,0,0,13.06,0
EMP-03039,DevOps,Senior Developer,PostgreSQL,6,17,11,5,4,91,21,3,0,0,0,47.28,0
EMP-03040,Security,Analyst,SQL Server,29,15,15,0,5,24,27,7,1,0,1,0.0,0
EMP-03041,Platform,SRE,Oracle,7,10,3,6,3,33,17,6,1,1,0,81.43,1
EMP-03042,Analytics,Senior DBA,Oracle,89,14,11,2,0,24,33,10,1,1,0,0.0,1
EMP-03043,Security,SRE,PostgreSQL,-27,17,15,0,1,35,33,6,1,1,1,0.0,0
EMP-03044,Infrastructure,Tech Lead,Oracle,62,12,10,1,1,19,40,6,0,1,1,0.0,0
EMP-03045,Infrastructure,Senior DBA,Oracle,22,1,0,0,3,26,38,5,1,1,1,15.29,0
EMP-03046,Finance,Senior DBA,MySQL,-14,18,11,5,4,25,43,7,0,1,0,94.15,1
EMP-03047,Compliance,Analyst,Oracle,29,4,2,0,12,16,42,10,1,0,1,63.63,1
EMP-03048,Operations,Analyst,Oracle,161,17,11,6,9,45,12,5,0,0,1,87.47,1
EMP-03049,Compliance,Analyst,SQL Server,7,20,16,2,1,41,25,7,1,0,1,0.0,0
EMP-03050,Analytics,Senior Developer,MySQL,178,20,19,1,2,111,26,5,0,0,0,0.0,0
EMP-03051,Security,Senior DBA,Oracle,-29,3,1,2,1,20,24,3,1,1,1,100.0,1
EMP-03052,Data Science,Senior DBA,PostgreSQL,118,16,11,5,3,20,18,10,0,1,0,0.0,0
EMP-03053,DevOps,SRE,MongoDB,58,15,12,3,3,11,8,10,0,1,0,0.0,0
EMP-03054,Finance,Analyst,Oracle,142,7,4,3,5,28,11,9,0,0,1,37.47,0
EMP-03055,Operations,Manager,Oracle,76,18,18,0,1,23,23,10,1,0,0,0.0,0
EMP-03056,Analytics,Developer,SQL Server,6,15,12,1,2,97,27,3,1,0,0,0.0,0
EMP-03057,Engineering,DBA,MariaDB,121,17,14,3,3,32,3,3,0,1,0,0.0,0
EMP-03058,Security,Developer,MySQL,112,12,5,5,2,50,26,10,1,0,0,0.0,0
EMP-03059,Infrastructure,Analyst,PostgreSQL,175,11,10,0,2,44,6,5,1,0,1,0.0,0
EMP-03060,Finance,Manager,MySQL,54,16,13,2,7,39,32,5,1,0,1,0.0,0
EMP-03061,Analytics,Tech Lead,PostgreSQL,2,12,4,6,4,16,40,2,1,1,0,90.57,1
EMP-03062,Security,Analyst,MySQL,148,4,3,1,2,60,2,2,0,0,1,18.75,0
EMP-03063,Platform,Security Engineer,PostgreSQL,35,5,4,0,4,17,35,9,0,1,1,0.0,0
EMP-03064,Data Science,Tech Lead,MySQL,69,14,8,5,6,27,12,9,0,1,0,41.44,0
EMP-03065,Infrastructure,Security Engineer,MongoDB,4,15,14,1,1,102,43,10,1,1,1,0.0,0
EMP-03066,Engineering,Senior DBA,PostgreSQL,142,15,9,4,3,28,22,4,1,1,1,2.93,0
EMP-03067,Data Science,Senior DBA,Oracle,90,4,3,1,2,12,34,2,1,1,0,0.0,0
EMP-03068,Analytics,Tech Lead,Oracle,-34,14,9,4,1,32,42,6,1,1,1,78.97,1
EMP-03069,Security,Tech Lead,Oracle,-39,11,8,2,3,16,38,2,0,1,0,100.0,1
EMP-03070,Finance,Tech Lead,MySQL,-20,12,10,1,6,31,39,4,0,1,1,99.52,1
EMP-03071,Compliance,Security Engineer,PostgreSQL,-9,18,13,3,3,115,27,7,0,1,0,46.81,0
EMP-03072,Security,Manager,Oracle,97,16,12,4,3,112,13,4,1,0,1,0.0,0
EMP-03073,Compliance,Developer,Oracle,8,2,1,0,4,76,49,8,0,0,1,33.45,0
EMP-03074,Platform,SRE,Oracle,169,5,1,2,1,13,8,8,1,1,1,0.0,0
EMP-03075,Operations,SRE,MongoDB,137,10,7,1,0,13,17,5,1,1,0,0.0,0
EMP-03076,Analytics,Manager,PostgreSQL,19,1,0,1,6,115,40,4,0,0,1,73.88,1
EMP-03077,Operations,DBA,Oracle,-6,14,9,3,1,29,1,7,1,1,0,18.09,0
EMP-03078,Analytics,Manager,MySQL,-29,2,0,1,3,101,29,3,1,0,1,100.0,1
EMP-03079,Security,Senior Developer,PostgreSQL,75,10,3,6,0,99,49,2,1,0,1,41.27,0
EMP-03080,Operations,Developer,MongoDB,16,2,0,1,1,23,49,3,1,0,1,4.37,0
EMP-03081,Analytics,Platform Engineer,MongoDB,1,6,4,2,4,75,21,7,1,0,0,30.99,0
EMP-03082,Analytics,Manager,SQL Server,137,6,3,1,8,15,5,10,1,0,1,21.2,0
EMP-03083,Data Science,SRE,MongoDB,172,8,4,2,0,5,41,9,0,1,1,0.0,0
EMP-03084,Engineering,Senior DBA,Oracle,82,6,4,2,2,31,49,7,1,1,0,0.0,0
EMP-03085,Analytics,DBA,Oracle,21,1,1,0,3,22,15,9,1,1,0,0.0,0
EMP-03086,Analytics,Senior DBA,MySQL,19,19,14,4,4,8,37,7,1,1,0,0.0,0
EMP-03087,Security,Platform Engineer,Oracle,105,9,3,4,7,117,29,10,0,0,1,88.62,1
EMP-03088,DevOps,Manager,PostgreSQL,-6,18,18,0,7,57,2,6,0,0,1,6.0,0
EMP-03089,DevOps,Developer,SQL Server,3,19,18,1,1,67,16,10,0,0,1,0.0,0
EMP-03090,Finance,Tech Lead,MariaDB,22,12,12,0,2,9,4,7,1,1,0,0.0,0
EMP-03091,Analytics,Senior Developer,PostgreSQL,-24,6,5,0,8,62,3,8,0,0,1,100.0,1
EMP-03092,Compliance,Senior DBA,Oracle,-28,10,6,4,1,32,41,2,0,1,0,100.0,1
EMP-03093,Operations,SRE,MySQL,8,11,4,6,2,24,47,7,1,1,0,39.0,0
EMP-03094,Finance,Platform Engineer,MariaDB,126,0,0,0,7,118,13,3,1,0,1,56.55,1
EMP-03095,Platform,Security Engineer,SQL Server,43,14,9,3,3,107,16,10,1,1,1,0.0,0
EMP-03096,Infrastructure,Developer,PostgreSQL,-38,18,11,6,7,59,14,10,0,0,1,100.0,1
EMP-03097,Platform,Manager,MariaDB,65,2,0,1,7,8,45,8,0,0,0,46.22,0
EMP-03098,Infrastructure,DBA,MySQL,-11,20,14,4,1,7,23,7,0,1,1,32.52,0
EMP-03099,Infrastructure,Senior DBA,Oracle,-30,2,0,2,3,33,6,6,1,1,0,100.0,1
EMP-03100,Platform,Senior Developer,PostgreSQL,113,3,2,1,1,102,45,3,0,0,0,11.76,0
EMP-03101,Security,SRE,MySQL,19,20,19,0,4,5,41,7,1,1,1,0.0,0
EMP-03102,Infrastructure,Senior Developer,PostgreSQL,1,17,14,1,2,53,27,4,1,0,0,0.0,0
EMP-03103,Finance,Analyst,PostgreSQL,109,14,13,0,8,41,25,7,1,0,1,0.0,0
EMP-03104,Finance,Tech Lead,Oracle,-39,1,1,0,5,32,18,9,1,1,1,100.0,1
EMP-03105,Compliance,Manager,PostgreSQL,72,18,10,6,0,16,22,10,0,0,0,0.0,0
EMP-03106,Security,Analyst,MySQL,141,12,4,6,11,43,23,10,1,0,1,100.0,1
EMP-03107,Compliance,Security Engineer,MongoDB,105,17,15,2,4,19,20,4,0,1,0,0.0,0
EMP-03108,Finance,Manager,PostgreSQL,154,15,11,2,4,17,34,4,1,0,0,0.0,0
EMP-03109,Finance,Analyst,Oracle,114,1,1,0,4,106,45,9,0,0,0,16.05,0
EMP-03110,Security,SRE,PostgreSQL,1,12,7,5,2,22,27,4,1,1,0,40.1,0
EMP-03111,Operations,Manager,MySQL,-35,18,17,0,3,96,14,9,1,0,1,0.0,0
EMP-03112,Compliance,Analyst,MariaDB,91,2,1,1,1,24,42,4,0,0,0,3.43,0
EMP-03113,DevOps,Developer,PostgreSQL,59,6,5,0,6,114,13,5,1,0,0,4.87,1
EMP-03114,Platform,Manager,MySQL,107,3,0,1,5,60,14,8,1,0,1,24.75,0
EMP-03115,Compliance,Analyst,Oracle,28,20,14,6,9,111,35,3,1,0,0,62.89,1
EMP-03116,DevOps,Tech Lead,MySQL,154,13,10,1,1,29,4,4,0,1,1,0.0,0
EMP-03117,Infrastructure,Platform Engineer,Oracle,28,15,10,3,3,35,34,6,1,0,0,0.0,0
EMP-03118,Engineering,Developer,MySQL,103,19,13,4,8,11,29,8,0,0,0,11.6,0
EMP-03119,Operations,Developer,Oracle,36,6,5,0,0,21,12,5,1,0,0,0.0,0
EMP-03120,Infrastructure,Analyst,Oracle,20,4,1,3,1,38,45,2,0,0,1,51.22,0
EMP-03121,Analytics,Analyst,Oracle,6,19,13,4,7,68,22,5,0,0,1,56.83,1
EMP-03122,Security,Security Engineer,PostgreSQL,74,19,11,6,3,61,22,7,1,1,1,7.03,0
EMP-03123,Analytics,SRE,PostgreSQL,86,4,1,2,1,23,21,8,1,1,1,0.0,0
EMP-03124,Engineering,DBA,PostgreSQL,-1,6,3,1,3,28,38,2,1,1,0,47.58,0
EMP-03125,DevOps,SRE,PostgreSQL,-26,2,0,0,0,4,34,9,1,1,1,52.33,0
EMP-03126,Security,Senior Developer,PostgreSQL,20,7,6,0,0,68,6,7,1,0,0,0.0,0
EMP-03127,Infrastructure,Developer,SQL Server,78,13,11,0,7,60,33,4,1,0,1,0.0,0
EMP-03128,DevOps,Manager,PostgreSQL,84,0,0,0,5,95,44,4,1,0,1,31.21,0
EMP-03129,Operations,Tech Lead,PostgreSQL,2,9,4,3,4,18,12,9,1,1,0,36.22,0
EMP-03130,Analytics,Platform Engineer,Oracle,119,3,2,0,4,10,37,8,0,0,1,3.98,0
EMP-03131,Engineering,DBA,MySQL,66,0,0,0,4,13,3,9,1,1,1,2.4,0
EMP-03132,Data Science,Security Engineer,MariaDB,68,10,6,2,0,105,23,6,1,1,0,0.0,0
EMP-03133,Infrastructure,Tech Lead,PostgreSQL,2,8,3,3,2,34,10,5,0,1,0,57.44,1
EMP-03134,Finance,Manager,Oracle,88,13,8,4,8,32,32,9,0,0,0,47.34,0
EMP-03135,Data Science,Tech Lead,PostgreSQL,19,15,11,4,1,1,23,2,1,1,0,0.0,0
EMP-03136,Security,Platform Engineer,MySQL,-25,9,8,0,7,112,43,2,1,0,0,96.33,1
EMP-03137,Operations,Security Engineer,Oracle,145,19,18,0,4,83,7,4,0,1,1,0.0,0
EMP-03138,Security,DBA,Oracle,34,11,9,2,0,11,42,3,1,1,0,0.0,0
EMP-03139,Analytics,Tech Lead,MySQL,-22,5,5,0,8,23,29,3,1,1,0,100.0,1
EMP-03140,Infrastructure,Platform Engineer,PostgreSQL,-26,13,10,1,8,55,36,4,1,0,1,90.27,1
EMP-03141,DevOps,Tech Lead,MySQL,14,9,5,3,4,5,22,4,1,1,1,25.73,0
EMP-03142,Data Science,Analyst,Oracle,0,9,7,0,6,30,32,3,1,0,0,22.86,0
EMP-03143,Infrastructure,DBA,PostgreSQL,171,18,16,1,0,17,33,2,0,1,1,0.0,0
EMP-03144,Data Science,SRE,PostgreSQL,-24,4,4,0,1,24,21,9,1,1,1,40.85,0
EMP-03145,Engineering,Platform Engineer,Oracle,6,7,5,1,2,35,19,2,1,0,1,8.17,0
EMP-03146,Data Science,DBA,MySQL,102,10,6,2,2,34,48,6,1,1,0,0.0,0
EMP-03147,Finance,Senior Developer,SQL Server,-43,11,11,0,3,97,16,3,1,0,1,44.78,0
EMP-03148,Data Science,Security Engineer,MariaDB,-12,6,4,0,3,76,37,7,0,1,0,72.11,1
EMP-03149,DevOps,Developer,MariaDB,9,9,3,4,1,74,2,3,1,0,0,25.77,0
EMP-03150,Operations,Platform Engineer,Oracle,82,4,0,3,7,83,13,6,1,0,1,86.37,1
EMP-03151,Data Science,DBA,Oracle,80,0,0,0,0,13,49,4,0,1,1,2.18,0
EMP-03152,Security,DBA,MariaDB,76,9,8,0,3,32,2,7,0,1,0,0.0,0
EMP-03153,Platform,Platform Engineer,PostgreSQL,109,17,14,1,1,29,5,10,1,0,0,0.0,0
EMP-03154,Finance,Developer,PostgreSQL,32,14,12,0,4,35,16,9,1,0,1,0.0,0
EMP-03155,Finance,Senior Developer,Oracle,179,0,0,0,5,25,35,8,1,0,0,3.04,0
EMP-03156,DevOps,Manager,Oracle,143,4,1,2,0,52,4,10,1,0,0,0.0,0
EMP-03157,Platform,Platform Engineer,MySQL,18,1,0,1,2,68,41,5,1,0,0,7.42,0
EMP-03158,Engineering,SRE,MongoDB,68,16,13,1,3,7,17,7,0,1,1,0.0,0
EMP-03159,Data Science,Tech Lead,PostgreSQL,31,16,8,6,5,29,24,8,0,1,1,50.57,0
EMP-03160,Operations,Analyst,PostgreSQL,146,17,17,0,2,76,50,3,0,0,0,0.0,0
EMP-03161,DevOps,Senior DBA,MySQL,7,2,2,0,1,32,9,6,0,1,0,10.67,0
EMP-03162,Engineering,Developer,Oracle,13,13,10,3,7,10,27,2,1,0,1,26.98,0
EMP-03163,Infrastructure,Manager,MongoDB,180,14,8,5,7,29,34,9,0,0,0,38.46,0
EMP-03164,Security,Senior Developer,SQL Server,17,4,0,3,1,84,50,8,0,0,0,31.76,0
EMP-03165,Data Science,DBA,PostgreSQL,-22,13,9,2,2,7,34,9,1,1,1,39.44,0
EMP-03166,DevOps,SRE,PostgreSQL,20,13,7,6,1,23,47,8,0,1,0,19.34,0
EMP-03167,Engineering,Platform Engineer,MySQL,124,13,6,6,6,31,46,9,1,0,0,39.02,0
EMP-03168,Infrastructure,Manager,Oracle,60,10,6,4,3,71,36,7,0,0,0,23.98,0
EMP-03169,Finance,Senior Developer,MySQL,-1,20,16,3,7,52,43,8,1,0,0,4.58,0
EMP-03170,Engineering,Tech Lead,Oracle,2,6,4,0,6,4,43,10,0,1,1,47.82,0
EMP-03171,Infrastructure,Senior Developer,Oracle,166,3,0,2,8,11,26,2,1,0,0,81.19,1
EMP-03172,Operations,DBA,MySQL,3,16,9,6,4,5,24,3,1,1,0,60.23,1
EMP-03173,Data Science,Developer,Oracle,-20,13,9,4,2,17,29,9,1,0,0,58.63,1
EMP-03174,Engineering,Developer,Oracle,73,16,13,1,4,44,45,6,0,0,1,0.0,0
EMP-03175,Platform,Platform Engineer,PostgreSQL,-11,6,6,0,4,105,33,7,1,0,1,49.22,0
EMP-03176,Infrastructure,Tech Lead,Oracle,-35,0,0,0,0,29,37,6,1,1,1,79.61,1
EMP-03177,Security,Developer,MariaDB,7,15,12,2,2,45,23,2,1,0,1,0.0,1
EMP-03178,Data Science,Platform Engineer,Oracle,14,18,12,5,8,103,36,8,0,0,0,52.92,1
EMP-03179,Infrastructure,Senior Developer,PostgreSQL,158,20,17,1,2,32,27,6,1,0,0,0.0,0
EMP-03180,Infrastructure,Platform Engineer,MySQL,130,18,14,4,3,67,37,7,1,0,1,0.0,0
EMP-03181,Analytics,Security Engineer,Oracle,8,4,4,0,3,21,41,10,0,1,0,0.0,0
EMP-03182,Platform,Manager,PostgreSQL,123,14,14,0,6,31,44,7,1,0,0,0.0,0
EMP-03183,DevOps,SRE,Oracle,-26,11,8,3,3,2,26,10,1,1,1,72.79,1
EMP-03184,Operations,Senior Developer,MariaDB,12,16,16,0,4,25,3,10,0,0,0,0.0,0
EMP-03185,Operations,Senior DBA,PostgreSQL,34,16,8,6,3,18,19,9,0,1,0,22.92,0
EMP-03186,Data Science,Security Engineer,SQL Server,113,14,11,3,1,114,41,2,1,1,1,0.0,0
EMP-03187,Operations,Senior DBA,SQL Server,44,15,15,0,2,25,24,3,1,1,1,0.0,0
EMP-03188,Security,Tech Lead,PostgreSQL,-23,6,5,0,0,34,31,2,0,1,0,62.66,1
EMP-03189,Platform,DBA,MySQL,9,15,9,4,3,1,17,9,0,1,0,2.65,0
EMP-03190,Finance,Senior Developer,MySQL,174,3,1,1,7,74,7,2,0,0,1,77.79,1
EMP-03191,Security,Manager,SQL Server,23,9,7,2,7,114,11,9,0,0,1,40.03,1
EMP-03192,Platform,Manager,MySQL,77,19,19,0,8,72,16,10,1,0,1,0.0,1
EMP-03193,Infrastructure,Tech Lead,MariaDB,84,2,0,0,6,23,21,9,1,1,1,21.42,0
EMP-03194,Analytics,Tech Lead,Oracle,41,6,3,1,6,4,20,6,1,1,1,25.97,0
EMP-03195,Compliance,Security Engineer,SQL Server,5,3,0,2,3,60,31,4,0,1,1,83.74,1
EMP-03196,Security,Manager,PostgreSQL,27,17,16,0,7,85,34,10,0,0,1,0.0,0
EMP-03197,Finance,Analyst,PostgreSQL,18,9,5,4,7,26,47,9,1,0,0,33.53,0
EMP-03198,Data Science,Analyst,Oracle,166,10,4,4,2,21,6,8,1,0,1,1.22,0
EMP-03199,Data Science,Analyst,Oracle,134,7,5,2,2,21,35,9,0,0,1,0.0,0
EMP-03200,Platform,Tech Lead,MySQL,154,0,0,0,4,5,21,7,0,1,0,20.23,0
EMP-03201,Compliance,Analyst,PostgreSQL,64,5,2,3,6,52,10,9,1,0,0,31.43,0
EMP-03202,Analytics,Manager,Oracle,129,1,0,0,8,14,35,6,0,0,1,67.9,1
EMP-03203,Operations,Senior Developer,SQL Server,99,5,5,0,4,19,15,6,1,0,0,0.0,0
EMP-03204,Security,Senior Developer,PostgreSQL,18,18,14,3,6,11,24,2,1,0,1,0.0,0
EMP-03205,Compliance,Tech Lead,MySQL,130,5,3,0,8,24,16,7,0,1,1,47.0,0
EMP-03206,Finance,Manager,Oracle,178,11,7,4,1,54,49,3,1,0,1,0.0,0
EMP-03207,Finance,Senior DBA,Oracle,154,9,4,5,0,35,36,4,1,1,0,13.92,0
EMP-03208,Finance,Developer,MySQL,23,3,1,2,5,11,19,3,1,0,1,44.1,0
EMP-03209,Infrastructure,Manager,MySQL,-17,6,3,2,7,43,47,4,0,0,0,100.0,1
EMP-03210,Infrastructure,SRE,Oracle,-39,17,15,0,4,8,10,4,0,1,1,42.74,0
EMP-03211,Platform,SRE,PostgreSQL,5,7,3,4,0,3,42,5,1,1,1,25.59,0
EMP-03212,Infrastructure,Senior DBA,Oracle,68,5,3,0,2,22,25,6,1,1,0,0.0,0
EMP-03213,Finance,DBA,Oracle,46,20,17,2,0,22,3,8,1,1,0,0.0,0
EMP-03214,Analytics,Platform Engineer,PostgreSQL,83,5,2,1,5,23,31,8,1,0,1,6.99,0
EMP-03215,Security,Senior DBA,Oracle,-19,14,9,3,2,1,39,7,0,1,1,88.14,1
EMP-03216,Infrastructure,SRE,MySQL,112,6,4,0,4,21,46,6,1,1,1,0.0,0
EMP-03217,Engineering,Senior Developer,Oracle,-3,12,7,3,7,22,26,6,1,0,1,84.19,1
EMP-03218,Finance,SRE,MySQL,1,18,14,2,0,6,33,3,1,1,1,0.0,0
EMP-03219,Infrastructure,Senior DBA,Oracle,111,20,13,6,4,2,6,10,1,1,0,0.0,0
EMP-03220,Operations,Senior DBA,Oracle,15,16,15,1,4,6,37,6,0,1,0,0.0,0
EMP-03221,Finance,Manager,MySQL,7,0,0,0,2,22,50,9,1,0,0,0.0,0
EMP-03222,Platform,Manager,Oracle,14,8,2,4,5,86,24,6,0,0,1,90.32,1
EMP-03223,Security,SRE,MySQL,38,15,10,5,0,21,37,6,0,1,0,0.0,0
EMP-03224,Security,Manager,PostgreSQL,-15,15,12,1,5,86,8,4,1,0,1,52.76,0
EMP-03225,Data Science,Security Engineer,SQL Server,124,0,0,0,0,47,50,4,1,1,1,0.0,0
EMP-03226,Analytics,Senior DBA,Oracle,12,14,10,2,2,16,45,7,1,1,0,0.0,1
EMP-03227,Compliance,Platform Engineer,MySQL,153,18,11,6,8,15,5,6,1,0,1,41.19,0
EMP-03228,Finance,SRE,MariaDB,-35,19,14,4,0,1,36,8,0,1,0,29.54,0
EMP-03229,Infrastructure,SRE,MySQL,7,14,7,5,3,25,49,5,0,1,1,62.15,1
EMP-03230,Platform,Analyst,MongoDB,168,19,13,4,10,64,43,2,1,0,1,41.7,0
EMP-03231,Compliance,DBA,Oracle,-19,10,10,0,2,36,26,5,1,1,0,29.61,0
EMP-03232,DevOps,Senior DBA,Oracle,121,14,13,0,2,13,24,6,1,1,1,0.0,0
EMP-03233,Finance,Platform Engineer,Oracle,28,5,4,1,3,111,28,7,0,0,0,11.14,0
EMP-03234,Security,DBA,MySQL,152,18,16,1,0,6,41,3,0,1,0,0.0,0
EMP-03235,Operations,Security Engineer,PostgreSQL,93,9,5,2,3,44,12,10,1,1,1,0.0,0
EMP-03236,Security,Developer,MariaDB,61,0,0,0,2,111,29,10,1,0,1,0.0,0
EMP-03237,Finance,SRE,PostgreSQL,104,7,6,1,3,4,30,8,1,1,0,0.0,0
EMP-03238,DevOps,Platform Engineer,SQL Server,20,5,2,1,0,62,39,4,1,0,0,0.0,0
EMP-03239,Platform,DBA,Oracle,39,2,0,2,1,19,4,7,0,1,1,26.76,0
EMP-03240,Data Science,Senior DBA,Oracle,14,13,12,0,0,22,19,2,1,1,0,0.0,0
EMP-03241,Infrastructure,SRE,MySQL,88,3,1,2,4,6,36,4,1,1,1,34.88,0
EMP-03242,Data Science,Security Engineer,MySQL,0,14,14,0,1,115,38,5,1,1,1,0.0,0
EMP-03243,Platform,DBA,MariaDB,1,10,9,1,0,24,28,4,1,1,1,0.0,0
EMP-03244,Finance,Security Engineer,MongoDB,11,17,14,3,1,85,14,5,0,1,0,0.0,0
EMP-03245,Operations,DBA,MySQL,26,2,1,0,3,13,49,9,1,1,1,0.0,0
EMP-03246,Security,Security Engineer,Oracle,98,4,0,3,1,15,13,10,1,1,1,5.97,0
EMP-03247,Finance,DBA,MongoDB,26,2,0,2,0,3,1,5,1,1,1,4.44,0
EMP-03248,Compliance,Platform Engineer,Oracle,-19,13,9,3,8,73,6,4,1,0,1,100.0,1
EMP-03249,Infrastructure,Senior DBA,MariaDB,121,10,3,5,0,35,43,10,1,1,0,0.0,0
EMP-03250,Compliance,Manager,MySQL,80,11,8,1,2,61,39,9,1,0,1,0.0,0
EMP-03251,Engineering,Tech Lead,MySQL,110,10,4,4,0,5,43,2,0,1,1,27.73,0
EMP-03252,Infrastructure,Senior Developer,SQL Server,11,17,10,5,5,35,44,5,0,0,1,42.63,0
EMP-03253,Security,Security Engineer,PostgreSQL,74,9,6,1,4,106,5,8,1,1,0,0.0,0
EMP-03254,Data Science,Analyst,MySQL,-7,12,9,2,11,25,25,7,1,0,1,95.15,1
EMP-03255,Infrastructure,Analyst,PostgreSQL,179,4,1,2,6,10,37,9,1,0,0,20.86,0
EMP-03256,Compliance,DBA,Oracle,81,11,11,0,1,21,2,10,0,1,0,0.0,0
EMP-03257,Data Science,Manager,PostgreSQL,48,13,8,3,4,73,46,10,1,0,1,0.0,0
EMP-03258,Security,Senior DBA,MySQL,15,7,4,3,4,12,18,4,1,1,1,32.75,0
EMP-03259,Infrastructure,DBA,PostgreSQL,13,8,1,5,3,12,49,2,1,1,1,68.16,1
EMP-03260,Engineering,Platform Engineer,PostgreSQL,6,17,13,2,8,56,4,8,0,0,0,17.26,0
EMP-03261,Compliance,Analyst,Oracle,66,20,17,3,10,16,34,10,0,0,0,0.0,0
EMP-03262,Data Science,SRE,Oracle,80,1,0,0,2,18,1,9,0,1,1,3.59,0
EMP-03263,Analytics,Tech Lead,Oracle,-9,0,0,0,8,2,31,10,1,1,1,100.0,1
EMP-03264,Operations,DBA,MySQL,42,7,2,4,1,8,23,4,1,1,0,18.17,0
EMP-03265,Compliance,Tech Lead,MySQL,171,19,17,2,4,11,10,5,0,1,1,0.0,0
EMP-03266,Analytics,Security Engineer,MariaDB,-1,19,15,4,1,55,50,8,1,1,0,0.0,0
EMP-03267,Engineering,Analyst,MySQL,155,3,0,1,4,71,24,4,0,0,0,43.35,0
EMP-03268,Analytics,Senior Developer,SQL Server,4,16,14,2,8,14,25,9,0,0,1,8.97,0
EMP-03269,Platform,SRE,MariaDB,107,1,0,0,4,23,15,5,1,1,0,11.62,0
EMP-03270,Finance,SRE,Oracle,-34,16,12,4,2,8,6,6,1,1,1,64.59,1
EMP-03271,DevOps,Platform Engineer,PostgreSQL,-44,2,2,0,0,8,36,4,1,0,0,44.81,0
EMP-03272,Platform,Senior Developer,MySQL,-15,15,15,0,0,25,36,8,0,0,0,0.0,0
EMP-03273,Platform,DBA,Oracle,65,4,0,3,0,28,45,8,0,1,1,26.55,0
EMP-03274,DevOps,Developer,Oracle,99,6,5,0,2,26,38,2,1,0,0,0.0,0
EMP-03275,Operations,Manager,Oracle,-9,20,16,3,5,62,36,3,1,0,0,33.97,0
EMP-03276,Compliance,Senior Developer,PostgreSQL,-18,19,17,1,1,35,30,4,0,0,1,4.85,0
EMP-03277,Data Science,Developer,MySQL,27,7,4,1,7,72,42,7,1,0,0,22.0,0
EMP-03278,Finance,Developer,MySQL,24,16,12,4,1,37,16,4,1,0,1,0.0,0
EMP-03279,Analytics,Platform Engineer,Oracle,-38,13,10,3,8,108,29,4,0,0,1,100.0,1
EMP-03280,Operations,DBA,Oracle,26,5,3,2,0,3,28,5,1,1,0,0.0,1
EMP-03281,Operations,Developer,MySQL,10,14,11,2,7,43,49,4,1,0,0,1.27,0
EMP-03282,Engineering,Analyst,Oracle,2,18,15,1,5,45,31,7,1,0,1,0.0,0
EMP-03283,Analytics,Manager,MariaDB,111,9,4,4,1,113,4,2,0,0,0,37.71,0
EMP-03284,Analytics,Developer,Oracle,5,1,0,0,8,45,10,2,1,0,1,93.8,1
EMP-03285,Data Science,DBA,Oracle,82,20,13,6,2,16,45,5,1,1,1,0.0,0
EMP-03286,Finance,Manager,PostgreSQL,130,20,15,4,5,106,45,8,0,0,0,0.0,0
EMP-03287,Platform,Developer,Oracle,22,18,14,4,0,62,14,10,1,0,0,0.0,0
EMP-03288,Security,Tech Lead,PostgreSQL,28,3,3,0,6,29,7,9,0,1,1,25.39,0
EMP-03289,Security,Platform Engineer,MySQL,169,1,0,1,6,19,38,4,0,0,0,53.77,0
EMP-03290,Infrastructure,Senior Developer,MongoDB,100,9,4,5,6,115,48,3,1,0,1,71.34,1
EMP-03291,Analytics,Platform Engineer,MySQL,9,15,10,3,0,18,45,10,1,0,0,0.0,0
EMP-03292,Finance,SRE,MySQL,17,8,5,2,3,34,50,6,0,1,0,14.96,0
EMP-03293,Compliance,Developer,SQL Server,155,19,16,3,0,13,8,8,1,0,0,0.0,0
EMP-03294,Engineering,Platform Engineer,PostgreSQL,-9,18,16,1,5,75,37,10,1,0,1,0.0,0
EMP-03295,Platform,Tech Lead,PostgreSQL,-9,9,5,2,2,35,4,4,1,1,0,55.2,1
EMP-03296,Infrastructure,Developer,MySQL,68,9,3,4,0,33,48,3,1,0,1,8.31,0
EMP-03297,Platform,Analyst,Oracle,-31,2,0,2,1,43,9,3,1,0,1,100.0,1
EMP-03298,DevOps,Analyst,Oracle,33,15,9,6,0,117,18,7,1,0,1,0.0,0
EMP-03299,DevOps,Manager,Oracle,45,11,9,0,2,13,20,4,1,0,1,0.0,0
EMP-03300,DevOps,Analyst,MySQL,2,1,0,1,10,92,23,3,1,0,0,100.0,1
EMP-03301,Operations,SRE,Oracle,21,19,15,2,3,34,16,9,1,1,0,0.0,0
EMP-03302,Platform,Developer,SQL Server,36,8,4,2,7,109,8,6,1,0,0,39.79,0
EMP-03303,DevOps,Senior Developer,PostgreSQL,-1,15,8,5,3,69,40,3,1,0,0,55.63,1
EMP-03304,Compliance,Tech Lead,MySQL,-20,8,5,1,4,9,31,8,0,1,1,94.31,1
EMP-03305,DevOps,Tech Lead,MySQL,60,4,1,1,5,27,9,8,0,1,0,33.94,0
EMP-03306,Analytics,Security Engineer,PostgreSQL,2,3,1,0,2,66,38,10,1,1,0,8.19,0
EMP-03307,Operations,Manager,Oracle,10,19,17,1,7,9,27,3,1,0,0,0.0,0
EMP-03308,Platform,Developer,MongoDB,124,5,2,3,0,74,3,3,0,0,1,24.56,0
EMP-03309,Platform,Manager,MySQL,8,12,6,5,6,102,32,4,0,0,0,83.88,1
EMP-03310,Security,Platform Engineer,PostgreSQL,84,1,0,1,4,108,10,6,1,0,0,22.56,0
EMP-03311,Platform,Security Engineer,MySQL,166,13,10,3,0,111,49,4,1,1,1,0.0,0
EMP-03312,Compliance,Platform Engineer,Oracle,40,6,2,4,2,114,48,5,1,0,0,35.79,0
EMP-03313,DevOps,Tech Lead,MySQL,19,15,9,4,3,33,47,6,1,1,1,0.81,0
EMP-03314,DevOps,Tech Lead,MySQL,101,14,14,0,2,21,16,4,0,1,1,0.0,0
EMP-03315,Platform,Senior DBA,PostgreSQL,121,2,0,2,1,4,28,7,1,1,1,2.93,0
EMP-03316,Infrastructure,DBA,PostgreSQL,129,11,6,4,0,3,46,2,0,1,1,14.67,0
EMP-03317,Platform,Tech Lead,PostgreSQL,57,8,6,0,6,17,35,9,1,1,0,0.0,0
EMP-03318,Finance,Security Engineer,Oracle,24,2,0,2,3,84,45,6,1,1,1,46.29,0
EMP-03319,Analytics,Developer,SQL Server,19,9,4,5,0,25,13,6,1,0,0,0.0,0
EMP-03320,Analytics,SRE,PostgreSQL,28,10,5,4,2,28,10,7,1,1,0,5.3,0
EMP-03321,Finance,Senior Developer,Oracle,117,19,16,3,8,57,32,8,0,0,0,0.0,0
EMP-03322,Security,Analyst,PostgreSQL,11,7,5,1,0,24,4,3,0,0,1,0.0,0
EMP-03323,Operations,Platform Engineer,Oracle,29,13,12,1,4,93,36,2,1,0,1,0.0,0
EMP-03324,Operations,Analyst,Oracle,37,16,14,2,9,22,4,10,1,0,1,0.0,0
EMP-03325,Operations,Developer,PostgreSQL,98,0,0,0,8,45,37,4,1,0,1,49.93,0
EMP-03326,Finance,Security Engineer,Oracle,6,4,1,3,2,66,29,7,1,1,0,48.44,0
EMP-03327,Operations,Manager,PostgreSQL,149,7,3,2,6,118,12,8,0,0,1,50.55,0
EMP-03328,Data Science,SRE,PostgreSQL,25,15,15,0,3,16,44,8,0,1,0,0.0,0
EMP-03329,Data Science,Manager,Oracle,7,1,0,1,5,50,19,2,1,0,0,69.34,1
EMP-03330,Security,Platform Engineer,PostgreSQL,155,7,2,4,8,69,6,3,1,0,1,86.98,1
EMP-03331,DevOps,Developer,PostgreSQL,167,2,0,2,2,96,30,3,1,0,0,24.22,0
EMP-03332,Operations,Senior DBA,Oracle,15,17,10,6,3,14,31,8,1,1,1,8.1,0
EMP-03333,Finance,Developer,Oracle,124,20,19,1,5,64,21,9,0,0,0,0.0,0
EMP-03334,Data Science,Analyst,MySQL,4,18,16,1,10,112,12,8,1,0,0,0.0,0
EMP-03335,Infrastructure,Senior Developer,MariaDB,9,0,0,0,0,76,48,2,1,0,1,1.06,0
EMP-03336,Analytics,Analyst,MySQL,10,0,0,0,8,36,3,5,1,0,0,49.75,0
EMP-03337,DevOps,Senior DBA,Oracle,-13,16,14,2,3,5,46,10,0,1,1,27.29,0
EMP-03338,Finance,SRE,MongoDB,67,2,0,0,1,16,20,5,0,1,1,7.05,0
EMP-03339,Engineering,SRE,MySQL,166,16,13,1,0,14,43,7,0,1,1,0.0,0
EMP-03340,DevOps,Analyst,Oracle,-10,10,8,2,1,119,32,6,0,0,0,56.76,1
EMP-03341,Data Science,SRE,MariaDB,-40,4,2,2,0,20,38,2,1,1,0,84.2,1
EMP-03342,Infrastructure,Senior DBA,PostgreSQL,76,13,11,0,3,22,17,5,1,1,1,0.0,0
EMP-03343,Engineering,Security Engineer,MySQL,161,6,3,1,1,73,19,8,1,1,1,0.0,0
EMP-03344,Platform,Analyst,PostgreSQL,93,2,1,0,6,38,39,9,1,0,1,9.54,0
EMP-03345,Infrastructure,Senior Developer,Oracle,3,11,8,2,3,97,32,4,1,0,1,24.32,0
EMP-03346,Operations,Tech Lead,SQL Server,4,14,11,3,1,13,5,9,0,1,0,0.0,0
EMP-03347,Operations,DBA,Oracle,51,15,10,5,4,32,34,3,0,1,1,45.04,0
EMP-03348,Infrastructure,Tech Lead,PostgreSQL,94,12,10,2,8,4,40,9,0,1,1,16.23,1
EMP-03349,Platform,Senior DBA,MySQL,5,9,3,5,2,31,36,8,1,1,0,43.52,0
EMP-03350,Infrastructure,Senior Developer,MySQL,107,4,0,3,3,107,13,7,1,0,0,33.1,0
EMP-03351,Operations,Manager,PostgreSQL,179,20,14,4,8,95,24,3,0,0,0,33.59,0
EMP-03352,Security,Senior DBA,MySQL,-2,9,6,1,4,32,44,4,0,1,1,61.67,1
EMP-03353,Operations,Analyst,MariaDB,65,2,1,0,5,81,32,9,0,0,0,18.93,0
EMP-03354,Analytics,Senior DBA,PostgreSQL,142,13,7,4,0,22,42,9,1,1,1,0.0,0
EMP-03355,Data Science,Analyst,PostgreSQL,-6,2,0,1,4,113,1,6,0,0,1,100.0,1
EMP-03356,DevOps,Senior DBA,MySQL,110,12,9,2,0,13,40,8,0,1,1,0.0,0
EMP-03357,Infrastructure,Manager,Oracle,174,14,13,0,7,35,43,5,1,0,0,0.0,0
EMP-03358,DevOps,Tech Lead,Oracle,8,16,8,6,7,20,45,5,1,1,1,83.28,1
EMP-03359,Analytics,DBA,MySQL,54,20,15,5,3,6,13,10,1,1,0,0.0,0
EMP-03360,Data Science,Platform Engineer,Oracle,18,5,2,2,8,92,11,10,1,0,1,60.28,1
EMP-03361,Platform,SRE,PostgreSQL,8,14,6,6,3,2,16,8,1,1,1,33.53,0
EMP-03362,Data Science,DBA,Oracle,100,8,6,2,3,25,37,4,0,1,1,19.14,0
EMP-03363,Data Science,Tech Lead,Oracle,34,11,5,6,6,7,41,9,1,1,1,63.85,1
EMP-03364,Engineering,Platform Engineer,SQL Server,147,9,7,0,6,57,49,10,1,0,0,0.0,0
EMP-03365,Engineering,Senior Developer,PostgreSQL,-22,11,8,1,5,38,29,6,1,0,0,61.31,1
EMP-03366,Operations,Manager,MySQL,19,8,4,4,0,108,3,5,1,0,1,10.25,0
EMP-03367,Analytics,Senior DBA,MySQL,170,3,1,1,1,35,1,3,0,1,1,22.6,0
EMP-03368,DevOps,Senior Developer,PostgreSQL,-35,4,1,1,7,52,36,9,1,0,0,100.0,1
EMP-03369,Platform,DBA,SQL Server,4,2,2,0,4,36,42,9,0,1,1,35.44,0
EMP-03370,Compliance,Analyst,Oracle,7,4,2,2,6,119,7,4,1,0,1,88.96,1
EMP-03371,Compliance,Senior DBA,Oracle,92,19,13,6,3,26,42,7,1,1,0,0.0,0
EMP-03372,Security,Security Engineer,Oracle,-13,17,15,2,4,115,49,5,1,1,0,41.71,0
EMP-03373,Finance,DBA,SQL Server,168,11,7,2,2,35,24,5,1,1,1,0.0,0
EMP-03374,Platform,Platform Engineer,Oracle,-39,0,0,0,0,60,35,6,1,0,1,75.61,1
EMP-03375,Data Science,Security Engineer,PostgreSQL,56,9,8,1,3,37,6,4,1,1,1,0.0,0
EMP-03376,Security,Platform Engineer,MongoDB,-28,15,10,5,1,58,37,4,1,0,1,68.81,1
EMP-03377,Finance,Tech Lead,MySQL,153,16,14,1,4,35,44,3,0,1,0,0.0,0
EMP-03378,Finance,SRE,MongoDB,17,10,5,5,4,32,25,4,0,1,0,57.3,1
EMP-03379,Security,Senior DBA,MySQL,149,20,19,1,2,15,4,8,1,1,1,0.0,0
EMP-03380,DevOps,Tech Lead,MySQL,72,5,3,2,1,9,48,4,1,1,1,0.0,0
EMP-03381,Engineering,Platform Engineer,Oracle,136,9,6,3,3,32,26,3,1,0,0,0.19,0
EMP-03382,Analytics,Platform Engineer,Oracle,108,2,0,1,1,110,5,9,1,0,0,0.0,0
EMP-03383,Data Science,Senior Developer,Oracle,54,0,0,0,5,69,50,4,1,0,1,33.42,1
EMP-03384,Operations,Analyst,Oracle,135,6,6,0,1,113,4,3,0,0,1,0.0,0
EMP-03385,Compliance,Manager,MongoDB,17,20,13,5,0,90,1,4,1,0,1,0.0,0
EMP-03386,Data Science,Tech Lead,MySQL,-27,13,9,3,1,24,15,2,0,1,1,88.5,1
EMP-03387,Engineering,Senior DBA,MySQL,160,13,11,0,3,34,16,8,1,1,1,0.0,0
EMP-03388,Compliance,SRE,MySQL,75,3,2,1,0,20,14,8,1,1,1,0.0,0
EMP-03389,Engineering,Tech Lead,PostgreSQL,67,11,10,0,1,15,8,10,1,1,0,0.0,0
EMP-03390,Finance,Developer,Oracle,125,9,6,3,8,95,22,3,0,0,1,90.11,1
EMP-03391,Compliance,SRE,MariaDB,21,4,3,0,3,10,43,8,1,1,1,0.0,0
EMP-03392,Compliance,Security Engineer,PostgreSQL,28,5,1,3,2,49,34,6,0,1,1,46.69,0
EMP-03393,Engineering,Senior Developer,PostgreSQL,87,1,0,0,2,84,3,4,1,0,1,4.04,0
EMP-03394,Infrastructure,Manager,MySQL,2,14,11,3,0,91,25,7,1,0,0,0.0,0
EMP-03395,DevOps,Analyst,MySQL,-37,5,2,3,3,9,31,2,1,0,1,100.0,1
EMP-03396,Data Science,SRE,MongoDB,3,2,0,0,2,7,22,7,0,1,1,36.47,0
EMP-03397,Operations,DBA,Oracle,64,6,3,3,4,14,9,3,0,1,1,65.02,1
EMP-03398,Platform,Security Engineer,PostgreSQL,115,20,16,3,3,65,42,10,1,1,0,0.0,0
EMP-03399,Finance,Manager,Oracle,6,2,1,1,1,14,48,7,1,0,1,1.77,0
EMP-03400,Infrastructure,Security Engineer,Oracle,-28,20,17,2,2,28,49,9,0,1,0,9.87,0
EMP-03401,Platform,Tech Lead,PostgreSQL,106,7,5,2,2,22,14,8,1,1,1,0.0,0
EMP-03402,Data Science,Analyst,Oracle,-39,19,15,2,0,42,31,3,1,0,0,0.0,0
EMP-03403,Infrastructure,Developer,Oracle,168,16,10,4,2,58,32,4,1,0,1,0.0,0
EMP-03404,Analytics,Tech Lead,PostgreSQL,13,16,15,0,4,22,36,4,1,1,0,0.0,0
EMP-03405,Platform,SRE,MariaDB,11,3,0,1,3,14,15,5,1,1,0,19.15,0
EMP-03406,Platform,Developer,MySQL,-30,3,0,2,8,43,2,5,0,0,0,100.0,1
EMP-03407,Finance,Manager,MySQL,11,7,5,1,7,92,30,9,1,0,0,14.92,0
EMP-03408,Engineering,DBA,PostgreSQL,6,4,2,2,1,32,7,10,1,1,1,6.33,0
EMP-03409,Compliance,Platform Engineer,Oracle,63,17,15,2,6,35,14,4,1,0,1,0.0,0
EMP-03410,Operations,Developer,Oracle,47,8,5,3,6,20,17,8,0,0,1,43.6,0
EMP-03411,Finance,SRE,MySQL,24,18,12,5,2,28,49,2,1,1,0,0.0,0
EMP-03412,Security,Security Engineer,PostgreSQL,58,19,18,0,3,99,15,8,1,1,0,0.0,0
EMP-03413,Infrastructure,Senior Developer,Oracle,51,15,9,4,0,101,36,5,0,0,1,0.0,0
EMP-03414,DevOps,Developer,PostgreSQL,30,16,12,2,7,19,45,9,0,0,0,0.0,0
EMP-03415,Analytics,Manager,MySQL,4,18,11,6,1,10,13,7,0,0,1,13.96,0
EMP-03416,Security,DBA,MySQL,32,14,9,5,2,29,2,4,1,1,1,5.23,0
EMP-03417,Compliance,Manager,PostgreSQL,28,17,13,3,2,39,40,8,1,0,1,0.0,0
EMP-03418,Compliance,Manager,Oracle,7,5,0,3,2,88,32,6,1,0,1,60.76,1
EMP-03419,Data Science,Security Engineer,Oracle,139,13,7,6,3,46,17,3,0,1,1,70.39,1
EMP-03420,Infrastructure,Manager,MySQL,27,8,3,3,8,22,40,4,0,0,1,86.21,1
EMP-03421,Infrastructure,Security Engineer,Oracle,132,11,7,4,4,58,45,6,0,1,1,45.38,1
EMP-03422,Operations,DBA,Oracle,133,15,13,0,4,35,18,5,1,1,0,0.0,0
EMP-03423,Engineering,Senior Developer,Oracle,-8,1,0,1,5,68,4,10,1,0,1,95.35,1
EMP-03424,Engineering,SRE,Oracle,-30,18,14,4,4,2,28,4,1,1,0,71.64,1
EMP-03425,Analytics,Developer,MySQL,-34,5,2,2,5,20,19,9,1,0,1,100.0,1
EMP-03426,Compliance,Senior DBA,MariaDB,16,1,0,0,4,8,20,3,0,1,1,43.77,1
EMP-03427,Finance,DBA,PostgreSQL,118,1,0,1,0,15,33,10,1,1,1,0.0,0
EMP-03428,Analytics,Senior Developer,MySQL,4,10,2,6,6,62,9,2,0,0,1,100.0,1
EMP-03429,Finance,SRE,Oracle,133,7,5,2,2,5,24,6,0,1,0,0.0,0
EMP-03430,Infrastructure,Tech Lead,MySQL,126,15,9,6,2,15,17,4,1,1,0,8.19,0
EMP-03431,Finance,Developer,Oracle,20,3,1,2,2,108,9,9,1,0,1,11.79,0
EMP-03432,Finance,DBA,PostgreSQL,137,17,12,3,3,23,15,5,1,1,1,0.0,0
EMP-03433,Data Science,SRE,Oracle,21,4,0,2,2,11,38,9,0,1,0,25.42,0
EMP-03434,Platform,Security Engineer,PostgreSQL,135,8,6,2,2,81,11,2,1,1,1,4.57,0
EMP-03435,Analytics,Tech Lead,Oracle,145,17,14,1,7,24,8,9,1,1,0,0.0,0
EMP-03436,Operations,DBA,Oracle,33,10,3,6,1,4,20,7,1,1,0,26.55,0
EMP-03437,Data Science,Developer,PostgreSQL,42,19,16,1,0,39,31,6,0,0,1,0.0,0
EMP-03438,Platform,Developer,MongoDB,-36,1,0,0,6,93,35,4,1,0,0,100.0,1
EMP-03439,DevOps,SRE,Oracle,9,12,6,4,1,19,49,3,1,1,0,9.51,0
EMP-03440,Operations,Senior DBA,Oracle,-3,11,6,5,4,28,33,6,0,1,1,100.0,1
EMP-03441,Platform,Analyst,MySQL,161,20,16,4,10,8,19,5,1,0,0,3.67,0
EMP-03442,Analytics,Tech Lead,Oracle,-26,17,10,6,8,30,46,2,1,1,1,100.0,1
EMP-03443,Analytics,Senior DBA,MongoDB,-8,10,4,5,4,16,28,3,0,1,0,100.0,0
EMP-03444,Platform,Tech Lead,MySQL,156,11,7,3,0,33,47,8,1,1,1,0.0,0
EMP-03445,Engineering,DBA,MongoDB,51,8,6,2,1,4,14,6,0,1,1,0.0,0
EMP-03446,Security,Senior DBA,Oracle,79,4,1,1,2,17,23,8,0,1,1,13.2,0
EMP-03447,Analytics,Security Engineer,MongoDB,97,18,14,3,1,26,42,7,1,1,1,0.0,0
EMP-03448,Data Science,DBA,PostgreSQL,102,15,11,3,2,11,9,3,1,1,0,0.0,0
EMP-03449,Platform,Senior DBA,MySQL,22,1,0,0,2,33,5,6,1,1,0,0.0,0
EMP-03450,Operations,Security Engineer,PostgreSQL,124,0,0,0,0,47,38,4,1,1,1,0.0,0
EMP-03451,Operations,Senior Developer,MariaDB,54,13,7,4,2,92,20,8,1,0,0,0.0,0
EMP-03452,DevOps,DBA,PostgreSQL,83,0,0,0,0,33,8,10,1,1,0,0.0,0
EMP-03453,Compliance,Platform Engineer,MariaDB,5,10,8,2,8,65,35,9,1,0,0,27.42,1
EMP-03454,Analytics,Tech Lead,PostgreSQL,64,2,0,0,6,29,20,4,0,1,1,55.32,1
EMP-03455,Operations,DBA,MySQL,150,13,12,1,0,13,45,10,1,1,0,0.0,0
EMP-03456,Compliance,Developer,MySQL,4,11,8,3,8,113,33,8,0,0,1,73.48,1
EMP-03457,Security,SRE,MySQL,38,6,1,4,0,35,30,2,1,1,1,32.1,0
EMP-03458,Infrastructure,Developer,Oracle,65,4,1,1,1,117,18,2,1,0,0,6.97,0
EMP-03459,Analytics,Senior DBA,PostgreSQL,6,14,6,6,2,2,24,8,0,1,1,53.48,0
EMP-03460,Data Science,Senior Developer,Oracle,-36,1,1,0,5,56,29,9,1,0,0,100.0,1
EMP-03461,Finance,Platform Engineer,PostgreSQL,-16,12,7,4,5,78,31,9,0,0,0,100.0,1
EMP-03462,Security,Analyst,Oracle,100,5,3,1,3,89,17,9,1,0,1,0.0,0
EMP-03463,Operations,Senior DBA,PostgreSQL,1,19,17,1,2,14,27,6,0,1,1,0.0,0
EMP-03464,Security,DBA,PostgreSQL,169,5,3,0,3,3,2,9,1,1,0,0.0,0
EMP-03465,Infrastructure,Security Engineer,Oracle,4,2,1,1,3,111,36,8,0,1,0,57.72,1
EMP-03466,Engineering,DBA,PostgreSQL,-19,12,6,5,3,9,6,5,1,1,1,100.0,1
EMP-03467,Finance,Senior DBA,PostgreSQL,62,10,2,6,4,4,6,2,1,1,1,75.6,1
EMP-03468,Security,Security Engineer,Oracle,143,3,0,2,4,24,6,6,0,1,0,55.77,1
EMP-03469,Analytics,Security Engineer,Oracle,169,14,14,0,0,52,26,2,1,1,0,0.0,0
EMP-03470,DevOps,Senior Developer,MySQL,24,14,10,3,1,77,15,5,1,0,0,0.0,0
EMP-03471,Security,Senior Developer,Oracle,3,5,3,0,2,11,40,5,0,0,1,25.42,0
EMP-03472,Compliance,Developer,PostgreSQL,179,10,4,6,3,52,14,3,0,0,1,68.48,1
EMP-03473,Security,Tech Lead,MongoDB,19,12,10,0,6,33,27,5,1,1,0,0.0,0
EMP-03474,DevOps,Senior DBA,MySQL,32,18,14,3,4,24,36,6,0,1,0,0.0,0
EMP-03475,Data Science,SRE,Oracle,174,13,7,4,3,15,35,5,1,1,1,11.14,0
EMP-03476,Compliance,Analyst,MySQL,-26,1,1,0,3,79,4,8,0,0,1,100.0,1
EMP-03477,Compliance,Tech Lead,MariaDB,59,19,18,1,5,2,21,6,0,1,1,0.0,0
EMP-03478,Engineering,DBA,MySQL,-2,1,0,1,1,22,39,10,1,1,1,30.21,0
EMP-03479,Operations,SRE,Oracle,7,11,6,5,0,17,49,8,1,1,0,6.3,0
EMP-03480,Security,Developer,MySQL,107,3,1,0,6,114,19,10,1,0,1,17.62,0
EMP-03481,Data Science,Senior DBA,Oracle,117,10,5,5,0,7,8,10,0,1,1,5.77,0
EMP-03482,Infrastructure,Manager,MySQL,4,20,14,4,3,32,36,10,1,0,0,0.0,0
EMP-03483,Operations,DBA,SQL Server,69,19,14,5,0,35,38,2,1,1,1,0.0,0
EMP-03484,Operations,Tech Lead,Oracle,23,9,7,0,6,4,6,3,1,1,1,2.4,0
EMP-03485,Compliance,Tech Lead,MySQL,26,20,13,5,6,26,20,9,0,1,0,15.29,0
EMP-03486,Operations,Manager,PostgreSQL,137,2,0,1,3,14,39,6,0,0,0,18.09,0
EMP-03487,Operations,Tech Lead,MySQL,16,14,9,5,6,25,49,9,0,1,1,45.15,0
EMP-03488,Platform,Senior Developer,Oracle,133,8,3,3,8,76,45,5,1,0,1,78.87,1
EMP-03489,Data Science,DBA,PostgreSQL,100,18,11,6,3,1,40,6,1,1,1,2.04,0
EMP-03490,Analytics,Tech Lead,PostgreSQL,147,14,8,6,5,27,8,6,0,1,1,56.94,1
EMP-03491,Security,Security Engineer,MongoDB,-15,4,2,1,0,85,19,7,1,1,0,55.71,1
EMP-03492,Finance,Senior DBA,Oracle,103,2,2,0,0,6,34,8,1,1,1,0.0,0
EMP-03493,Engineering,Analyst,SQL Server,164,10,6,3,3,52,5,9,1,0,1,0.0,0
EMP-03494,Finance,Senior DBA,PostgreSQL,166,10,6,4,3,12,22,2,0,1,1,41.56,0
EMP-03495,Security,Developer,MongoDB,-42,4,1,3,1,120,22,4,1,0,1,100.0,1
EMP-03496,Infrastructure,SRE,PostgreSQL,31,2,0,2,3,34,36,5,1,1,1,30.84,0
EMP-03497,Operations,Analyst,PostgreSQL,175,19,15,4,2,9,21,4,0,0,1,0.0,0
EMP-03498,Analytics,Developer,PostgreSQL,132,9,3,4,6,117,20,7,1,0,1,57.53,1
EMP-03499,Security,DBA,Oracle,99,4,0,2,0,33,43,7,1,1,0,0.0,0
EMP-03500,Analytics,Manager,MySQL,100,12,7,5,4,57,40,6,0,0,1,42.31,0
EMP-03501,Data Science,Senior DBA,Oracle,0,4,1,1,0,22,44,7,0,1,0,27.26,0
EMP-03502,Security,SRE,PostgreSQL,19,12,4,6,2,13,5,10,1,1,1,25.55,0
EMP-03503,Engineering,Analyst,Oracle,12,15,7,6,12,36,10,3,0,0,1,100.0,1
EMP-03504,Analytics,Analyst,Oracle,10,20,13,5,3,71,1,6,1,0,0,0.0,0
EMP-03505,Data Science,DBA,MySQL,-1,18,15,2,4,3,10,9,0,1,1,0.0,0
EMP-03506,Engineering,Manager,MySQL,33,7,5,1,2,36,10,5,1,0,0,0.0,0
EMP-03507,Data Science,Tech Lead,MongoDB,40,18,16,0,5,18,40,9,1,1,1,0.0,0
EMP-03508,Operations,Analyst,Oracle,4,13,13,0,12,75,1,3,1,0,1,46.5,0
EMP-03509,Security,Analyst,MySQL,0,10,8,1,3,45,39,9,0,0,1,3.06,0
EMP-03510,DevOps,Senior DBA,Oracle,59,20,19,0,4,10,21,8,1,1,0,0.0,0
EMP-03511,Compliance,Developer,PostgreSQL,-15,11,10,0,4,70,49,3,1,0,1,46.27,0
EMP-03512,Analytics,Tech Lead,MySQL,6,19,11,6,0,8,41,5,1,1,1,1.67,0
EMP-03513,Compliance,Tech Lead,Oracle,13,17,16,0,4,20,50,10,1,1,1,0.0,0
EMP-03514,Data Science,Platform Engineer,Oracle,-12,14,12,1,4,29,7,6,1,0,1,25.56,0
EMP-03515,DevOps,Senior DBA,Oracle,10,15,10,5,0,12,4,8,1,1,1,0.0,0
EMP-03516,Security,Manager,MariaDB,112,5,2,1,7,90,17,10,0,0,0,39.32,0
EMP-03517,Data Science,DBA,MySQL,89,20,12,6,3,5,12,9,1,1,1,0.0,0
EMP-03518,Security,Tech Lead,Oracle,11,0,0,0,5,32,47,5,1,1,1,40.44,0
EMP-03519,Engineering,Manager,PostgreSQL,27,6,3,1,2,43,41,4,1,0,0,0.0,0
EMP-03520,Infrastructure,Manager,Oracle,144,13,11,2,3,94,11,3,1,0,0,0.0,0
EMP-03521,Platform,Manager,MySQL,6,6,4,2,4,108,32,6,1,0,1,38.75,0
EMP-03522,Security,Platform Engineer,PostgreSQL,8,19,15,4,5,87,11,7,1,0,0,0.0,0
EMP-03523,Analytics,Analyst,MySQL,69,8,3,5,3,29,27,9,0,0,0,36.73,0
EMP-03524,Compliance,Manager,PostgreSQL,116,3,1,1,0,39,35,9,1,0,1,0.0,0
EMP-03525,Compliance,DBA,Oracle,65,4,2,2,2,25,1,6,1,1,1,7.64,0
EMP-03526,Platform,Tech Lead,Oracle,119,17,11,5,4,1,49,10,1,1,1,0.0,0
EMP-03527,Security,Senior Developer,MySQL,12,12,11,1,1,27,45,8,1,0,0,0.0,0
EMP-03528,Operations,Platform Engineer,PostgreSQL,17,13,9,3,0,74,49,6,1,0,0,0.0,0
EMP-03529,Finance,Analyst,MySQL,2,5,3,2,7,36,45,2,1,0,0,79.25,1
EMP-03530,Infrastructure,Analyst,MySQL,9,16,9,5,7,72,26,4,1,0,1,57.5,1
EMP-03531,Infrastructure,Developer,Oracle,91,7,6,0,4,19,5,3,1,0,0,0.0,0
EMP-03532,Platform,Senior Developer,MySQL,15,5,0,3,5,55,19,10,0,0,1,61.02,1
EMP-03533,Security,Tech Lead,Oracle,97,9,4,5,1,12,3,10,1,1,0,0.0,1
EMP-03534,Engineering,Security Engineer,Oracle,136,17,13,4,3,54,38,6,0,1,0,0.0,0
EMP-03535,Platform,Senior DBA,PostgreSQL,1,3,1,0,4,4,10,8,1,1,0,23.35,0
EMP-03536,Analytics,Security Engineer,MySQL,58,14,12,0,1,113,49,3,1,1,1,0.0,0
EMP-03537,Operations,Analyst,PostgreSQL,60,4,3,1,1,8,49,2,0,0,0,0.0,0
EMP-03538,Compliance,SRE,SQL Server,51,12,9,2,2,1,8,10,1,1,0,0.0,0
EMP-03539,Infrastructure,Security Engineer,MySQL,-34,2,2,0,4,23,15,5,1,1,1,95.85,1
EMP-03540,Compliance,Manager,MySQL,-17,19,11,6,6,31,15,7,1,0,0,100.0,1
EMP-03541,Data Science,Analyst,PostgreSQL,44,10,3,6,7,86,36,4,1,0,1,92.66,1
EMP-03542,Compliance,SRE,Oracle,25,3,1,2,1,14,31,8,1,1,1,0.0,0
EMP-03543,Analytics,SRE,Oracle,177,10,3,5,1,26,19,2,1,1,1,44.61,0
EMP-03544,Operations,Developer,MySQL,-24,11,7,3,4,97,7,10,1,0,0,78.15,1
EMP-03545,Compliance,Platform Engineer,MySQL,164,10,2,6,4,51,5,7,1,0,0,54.94,0
EMP-03546,Operations,Tech Lead,MySQL,166,18,15,2,1,16,22,9,0,1,0,0.0,0
EMP-03547,Operations,Manager,PostgreSQL,-10,2,1,0,0,116,13,7,1,0,0,36.5,0
EMP-03548,Analytics,Senior Developer,PostgreSQL,-40,10,6,3,6,81,23,3,1,0,1,100.0,0
EMP-03549,Security,Analyst,MongoDB,131,11,10,0,9,98,27,5,1,0,0,0.0,0
EMP-03550,Data Science,Analyst,PostgreSQL,28,6,1,4,0,93,34,5,0,0,0,36.16,0
EMP-03551,Data Science,Platform Engineer,PostgreSQL,135,10,7,2,5,10,38,10,1,0,1,0.0,0
EMP-03552,Platform,Analyst,MySQL,11,10,7,3,3,70,25,9,1,0,0,0.0,0
EMP-03553,Compliance,DBA,SQL Server,136,13,10,1,3,30,49,2,1,1,0,0.0,0
EMP-03554,Platform,Analyst,MySQL,124,15,12,2,8,40,8,6,1,0,1,0.0,0
EMP-03555,Engineering,Senior DBA,PostgreSQL,26,0,0,0,2,12,7,6,0,1,1,15.91,0
EMP-03556,Analytics,Analyst,Oracle,58,17,17,0,1,88,17,4,1,0,0,0.0,0
EMP-03557,Analytics,Manager,Oracle,69,17,13,3,6,120,4,8,1,0,1,0.0,0
EMP-03558,DevOps,Senior DBA,Oracle,27,13,12,0,1,18,19,5,1,1,1,0.0,0
EMP-03559,DevOps,Senior DBA,PostgreSQL,-38,13,9,2,1,5,7,6,1,1,1,40.59,0
EMP-03560,Compliance,DBA,MariaDB,152,8,6,2,1,22,29,4,1,1,1,0.0,0
EMP-03561,Engineering,Senior DBA,MySQL,-14,0,0,0,4,14,19,5,0,1,1,100.0,1
EMP-03562,Data Science,Developer,Oracle,-10,18,16,0,2,30,19,4,1,0,0,0.0,0
EMP-03563,Analytics,Developer,PostgreSQL,120,11,8,2,0,32,8,4,0,0,1,0.0,1
EMP-03564,DevOps,Tech Lead,MongoDB,16,10,9,0,1,17,31,4,0,1,0,0.0,0
EMP-03565,Engineering,Developer,PostgreSQL,171,15,13,0,2,83,29,3,0,0,1,0.0,0
EMP-03566,Compliance,SRE,PostgreSQL,117,8,7,0,1,10,32,2,1,1,1,0.0,0
EMP-03567,Platform,Manager,PostgreSQL,-13,8,5,3,5,17,7,4,1,0,0,92.61,1
EMP-03568,Data Science,DBA,PostgreSQL,18,19,11,6,0,4,41,6,1,1,1,0.0,0
EMP-03569,Operations,DBA,MySQL,11,13,6,5,0,5,9,5,1,1,0,0.0,0
EMP-03570,Analytics,Manager,MySQL,59,0,0,0,7,119,22,8,0,0,0,52.35,0
EMP-03571,Finance,Analyst,Oracle,-6,1,1,0,5,99,4,2,1,0,1,100.0,1
EMP-03572,Platform,Tech Lead,MySQL,83,4,3,0,1,4,40,9,1,1,1,0.0,0
EMP-03573,Engineering,Analyst,MySQL,1,4,2,1,1,109,22,4,1,0,1,29.9,0
EMP-03574,Engineering,Developer,PostgreSQL,18,20,17,3,2,11,40,7,1,0,0,0.0,0
EMP-03575,Finance,Developer,MySQL,162,11,8,2,3,100,14,2,1,0,0,0.0,0
EMP-03576,Compliance,Security Engineer,Oracle,127,0,0,0,4,64,46,9,1,1,1,11.31,1
EMP-03577,Infrastructure,Analyst,MySQL,18,9,6,2,4,70,5,4,1,0,0,4.21,0
EMP-03578,Operations,Developer,MySQL,137,10,7,3,5,15,42,10,0,0,0,3.19,1
EMP-03579,Operations,Senior Developer,PostgreSQL,155,5,0,3,5,24,9,8,1,0,1,39.42,0
EMP-03580,Compliance,DBA,MariaDB,51,18,17,1,0,31,24,9,1,1,0,0.0,0
EMP-03581,Infrastructure,Developer,Oracle,-43,1,0,1,2,117,16,8,0,0,0,100.0,1
EMP-03582,Engineering,Manager,PostgreSQL,175,13,9,3,0,48,24,3,0,0,0,0.0,0
EMP-03583,Finance,Platform Engineer,PostgreSQL,46,6,3,2,6,13,3,2,0,0,1,55.95,1
EMP-03584,DevOps,Developer,MariaDB,118,11,7,2,8,75,20,2,0,0,0,54.82,0
EMP-03585,Engineering,Platform Engineer,PostgreSQL,125,7,4,2,7,36,32,10,1,0,1,18.29,0
EMP-03586,Operations,Analyst,MySQL,66,2,0,1,10,69,21,2,1,0,1,92.06,1
EMP-03587,Compliance,Senior Developer,PostgreSQL,82,0,0,0,0,11,33,9,0,0,0,0.0,0
EMP-03588,Compliance,Security Engineer,Oracle,-21,15,9,5,0,72,33,6,0,1,1,100.0,1
EMP-03589,Security,Security Engineer,MySQL,28,10,3,5,2,52,37,6,0,1,0,53.58,0
EMP-03590,Compliance,Senior DBA,Oracle,-16,10,7,3,1,35,23,3,1,1,0,83.49,1
EMP-03591,Operations,Senior Developer,Oracle,12,13,11,2,7,63,36,10,1,0,1,0.0,0
EMP-03592,Finance,SRE,MySQL,175,3,1,0,0,6,35,9,1,1,0,0.0,0
EMP-03593,Engineering,Analyst,MySQL,30,16,9,5,3,14,8,4,1,0,0,2.04,0
EMP-03594,Engineering,Manager,MySQL,98,4,3,1,4,51,40,10,0,0,1,7.44,0
EMP-03595,Data Science,DBA,MongoDB,116,14,11,1,4,5,27,3,1,1,1,0.0,0
EMP-03596,Security,Senior Developer,MySQL,79,18,16,1,8,41,39,6,1,0,1,0.0,0
EMP-03597,Engineering,Tech Lead,SQL Server,83,4,3,1,7,34,22,3,0,1,0,61.38,1
EMP-03598,Operations,Analyst,Oracle,26,15,7,6,11,82,9,5,1,0,1,100.0,1
EMP-03599,Operations,Tech Lead,MongoDB,44,11,5,4,3,34,9,9,0,1,1,25.61,0
EMP-03600,DevOps,Manager,Oracle,179,9,3,5,5,116,39,8,0,0,1,88.45,1
EMP-03601,Data Science,DBA,PostgreSQL,-29,5,2,2,2,35,16,5,1,1,1,96.52,1
EMP-03602,Data Science,SRE,MySQL,22,16,16,0,2,29,43,6,1,1,1,0.0,0
EMP-03603,Engineering,Senior Developer,PostgreSQL,6,18,13,3,1,21,13,7,0,0,1,0.0,0
EMP-03604,Compliance,DBA,PostgreSQL,169,7,2,4,4,3,45,3,1,1,0,45.54,0
EMP-03605,Engineering,DBA,MongoDB,-37,20,19,0,3,25,44,7,0,1,0,0.0,0
EMP-03606,Platform,Manager,MongoDB,22,15,8,6,8,8,33,5,0,0,0,69.9,1
EMP-03607,Analytics,SRE,Oracle,129,16,11,5,4,26,42,7,1,1,1,0.34,0
EMP-03608,Data Science,Security Engineer,MongoDB,85,20,18,2,1,71,2,6,1,1,0,0.0,0
EMP-03609,Security,Senior Developer,MySQL,4,6,5,1,6,9,14,6,1,0,1,25.31,0
EMP-03610,DevOps,Senior DBA,Oracle,-22,13,9,2,0,32,22,8,1,1,0,28.37,0
EMP-03611,Operations,Platform Engineer,Oracle,152,14,10,2,2,17,47,9,0,0,0,0.0,0
EMP-03612,Finance,Senior Developer,PostgreSQL,-29,16,11,3,0,46,23,4,0,0,1,52.92,1
EMP-03613,Engineering,DBA,PostgreSQL,90,20,13,6,4,24,1,2,1,1,0,9.97,0
EMP-03614,DevOps,Manager,MongoDB,137,4,3,0,6,44,42,6,1,0,1,8.47,0
EMP-03615,Data Science,Tech Lead,Oracle,14,16,14,0,0,2,10,6,1,1,1,0.0,0
EMP-03616,Operations,Analyst,MariaDB,-25,17,14,2,5,84,40,6,1,0,1,51.2,0
EMP-03617,Infrastructure,Manager,Oracle,95,8,5,1,8,47,49,5,1,0,1,34.91,0
EMP-03618,Analytics,Senior DBA,MongoDB,44,7,3,4,1,28,25,2,1,1,0,19.88,0
EMP-03619,Engineering,Tech Lead,PostgreSQL,-39,3,2,0,1,7,11,7,1,1,0,50.84,0
EMP-03620,Finance,Analyst,Oracle,169,11,7,2,4,77,26,9,1,0,1,0.0,0
EMP-03621,Operations,Platform Engineer,Oracle,0,16,8,6,7,25,15,7,1,0,1,92.17,1
EMP-03622,Security,Developer,MySQL,97,7,4,2,6,83,12,4,1,0,1,38.1,0
EMP-03623,Security,SRE,PostgreSQL,32,17,14,2,3,22,20,2,1,1,1,0.0,0
EMP-03624,Analytics,Analyst,Oracle,0,20,15,5,1,116,25,7,0,0,0,0.0,0
EMP-03625,Security,Tech Lead,Oracle,126,16,12,4,2,12,12,4,1,1,0,0.0,0
EMP-03626,Operations,Platform Engineer,Oracle,28,18,16,0,3,116,2,2,0,0,0,0.0,0
EMP-03627,Compliance,Tech Lead,PostgreSQL,-18,12,12,0,2,14,7,2,0,1,1,42.79,0
EMP-03628,Infrastructure,Manager,Oracle,63,20,17,3,1,109,18,10,1,0,0,0.0,0
EMP-03629,Data Science,Senior DBA,PostgreSQL,56,8,6,1,3,8,14,3,0,1,1,6.33,0
EMP-03630,Analytics,Analyst,MySQL,-37,20,13,6,3,28,22,7,1,0,0,66.58,1
EMP-03631,Platform,Senior DBA,Oracle,1,18,16,0,0,20,31,7,1,1,0,0.0,0
EMP-03632,Security,SRE,MySQL,8,8,2,4,3,18,28,2,1,1,1,60.62,1
EMP-03633,DevOps,Analyst,PostgreSQL,67,12,9,2,2,69,38,2,0,0,0,0.0,0
EMP-03634,Operations,Manager,Oracle,142,7,6,1,8,106,21,10,1,0,0,10.88,0
EMP-03635,Analytics,Developer,Oracle,-11,2,0,2,1,51,20,7,0,0,0,99.98,1
EMP-03636,Infrastructure,Manager,MySQL,-16,15,10,4,6,86,23,7,0,0,1,100.0,1
EMP-03637,Compliance,Tech Lead,MySQL,27,1,0,1,6,31,13,7,1,1,0,39.02,0
EMP-03638,Engineering,Manager,PostgreSQL,71,16,15,1,7,37,34,10,1,0,0,0.0,0
EMP-03639,Finance,DBA,MySQL,-16,4,0,3,0,7,38,4,1,1,1,100.0,1
EMP-03640,Engineering,Tech Lead,SQL Server,138,4,2,2,1,5,8,10,0,1,0,0.0,0
EMP-03641,DevOps,Senior DBA,Oracle,1,6,5,0,2,17,33,7,0,1,0,6.88,0
EMP-03642,Analytics,Senior DBA,MySQL,16,19,19,0,0,20,37,9,1,1,0,0.0,0
EMP-03643,Analytics,Manager,PostgreSQL,33,11,4,5,7,61,48,8,1,0,0,54.05,0
EMP-03644,DevOps,DBA,MySQL,1,5,1,3,3,5,45,6,0,1,1,79.73,1
EMP-03645,Security,Manager,MySQL,6,7,3,2,1,91,21,3,1,0,1,25.77,0
EMP-03646,Compliance,Senior Developer,MySQL,64,14,9,5,8,17,37,6,1,0,0,36.48,0
EMP-03647,Operations,Developer,Oracle,-13,12,8,2,0,50,13,7,1,0,0,20.46,0
EMP-03648,Finance,SRE,MySQL,14,15,11,2,0,3,31,9,0,1,1,0.0,0
EMP-03649,Finance,Platform Engineer,MySQL,22,8,5,1,6,50,46,8,0,0,1,24.29,0
EMP-03650,Infrastructure,Senior Developer,MySQL,86,20,13,6,2,47,16,8,1,0,1,0.0,0
EMP-03651,Data Science,Senior DBA,MySQL,-16,16,11,3,4,12,41,6,0,1,1,85.75,1
EMP-03652,Analytics,Developer,PostgreSQL,103,6,2,3,6,24,22,10,1,0,1,29.92,0
EMP-03653,Security,Senior Developer,MySQL,138,16,9,6,5,113,45,7,0,0,1,54.98,0
EMP-03654,Operations,DBA,Oracle,50,3,2,1,3,11,37,6,1,1,1,2.99,0
EMP-03655,Compliance,Manager,Oracle,105,19,15,3,8,89,36,8,1,0,1,0.0,0
EMP-03656,Engineering,Platform Engineer,MySQL,17,9,4,5,0,103,3,4,1,0,1,24.02,0
EMP-03657,Analytics,Security Engineer,MySQL,35,0,0,0,4,117,46,5,0,1,1,49.56,0
EMP-03658,Analytics,Manager,MySQL,129,20,17,3,0,47,4,4,0,0,1,0.0,0
EMP-03659,Engineering,Platform Engineer,PostgreSQL,-4,8,7,1,1,35,14,7,1,0,1,0.0,0
EMP-03660,Platform,Security Engineer,PostgreSQL,46,10,6,4,1,70,38,4,1,1,1,8.75,0
EMP-03661,Platform,Security Engineer,Oracle,29,9,3,4,3,13,1,6,1,1,0,32.08,0
EMP-03662,Data Science,Senior DBA,MySQL,109,16,15,0,4,22,13,8,1,1,1,0.0,0
EMP-03663,Analytics,Senior DBA,Oracle,85,19,13,4,1,32,48,9,1,1,1,0.0,0
EMP-03664,Compliance,Platform Engineer,PostgreSQL,6,14,10,3,7,112,37,2,1,0,1,52.57,0
EMP-03665,Infrastructure,Senior Developer,PostgreSQL,-45,14,7,6,4,115,16,7,0,0,1,100.0,1
EMP-03666,Analytics,Manager,Oracle,28,2,0,2,7,10,6,10,1,0,1,49.98,0
EMP-03667,Operations,Senior Developer,PostgreSQL,5,13,6,5,2,76,5,3,1,0,0,39.5,0
EMP-03668,Engineering,SRE,SQL Server,103,0,0,0,3,34,3,3,1,1,1,18.33,0
EMP-03669,DevOps,Senior DBA,PostgreSQL,35,10,7,1,3,21,16,3,0,1,0,0.0,0
EMP-03670,Compliance,SRE,MySQL,54,5,2,2,4,9,46,2,1,1,0,30.31,0
EMP-03671,DevOps,Analyst,Oracle,30,6,6,0,6,107,24,10,1,0,1,0.0,0
EMP-03672,Compliance,DBA,MySQL,18,14,12,0,4,13,19,3,1,1,0,0.0,0
EMP-03673,Infrastructure,Tech Lead,Oracle,24,10,4,4,5,36,26,8,1,1,0,41.69,0
EMP-03674,Compliance,Analyst,MariaDB,26,1,0,1,3,69,47,6,1,0,1,18.68,0
EMP-03675,Data Science,Analyst,MySQL,175,6,2,2,7,50,1,4,1,0,0,48.29,0
EMP-03676,Security,Senior DBA,SQL Server,5,6,1,3,1,27,19,7,1,1,0,28.81,0
EMP-03677,Infrastructure,Senior Developer,PostgreSQL,37,3,0,1,0,80,25,5,0,0,0,4.91,0
EMP-03678,Analytics,Senior DBA,Oracle,99,5,3,2,2,14,20,7,0,1,1,15.57,0
EMP-03679,Compliance,Manager,Oracle,145,16,10,4,1,113,48,5,1,0,1,0.0,0
EMP-03680,Data Science,SRE,MariaDB,50,6,1,3,1,8,39,4,1,1,1,18.78,0
EMP-03681,Engineering,Security Engineer,PostgreSQL,27,13,7,6,2,8,42,3,0,1,0,42.43,0
EMP-03682,Operations,Senior Developer,Oracle,164,12,10,0,0,94,17,7,1,0,0,0.0,0
EMP-03683,Security,Platform Engineer,Oracle,44,12,8,3,4,112,2,10,0,0,0,2.68,0
EMP-03684,Operations,Platform Engineer,MariaDB,63,2,0,2,5,90,7,4,1,0,0,47.16,0
EMP-03685,DevOps,Senior Developer,MySQL,-31,2,2,0,8,19,38,9,1,0,1,100.0,1
EMP-03686,Compliance,Tech Lead,Oracle,51,5,1,3,3,25,34,5,1,1,1,41.57,0
EMP-03687,Finance,SRE,MySQL,77,2,0,2,1,24,47,10,0,1,0,7.5,0
EMP-03688,Data Science,Developer,MySQL,7,13,6,6,7,20,8,3,1,0,1,95.42,1
EMP-03689,Platform,Senior DBA,MySQL,107,5,1,3,2,36,47,3,1,1,1,35.75,0
EMP-03690,Analytics,Senior Developer,PostgreSQL,117,20,17,2,5,96,2,8,0,0,0,0.0,0
EMP-03691,Security,Manager,MySQL,-41,0,0,0,0,22,34,8,1,0,0,47.21,0
EMP-03692,Finance,Developer,Oracle,-7,13,7,6,1,58,32,3,0,0,0,100.0,1
EMP-03693,Finance,Senior Developer,MySQL,-19,0,0,0,0,54,26,8,1,0,0,51.88,0
EMP-03694,Finance,Security Engineer,Oracle,176,20,14,4,1,79,25,10,1,1,1,0.0,0
EMP-03695,Security,DBA,MySQL,165,16,13,1,0,34,6,10,0,1,1,0.0,0
EMP-03696,Compliance,SRE,MariaDB,112,9,5,2,2,4,18,6,1,1,1,0.0,1
EMP-03697,Compliance,Manager,MySQL,30,10,7,1,6,24,9,6,0,0,1,15.5,0
EMP-03698,Compliance,Developer,Oracle,-20,13,7,4,1,80,48,4,0,0,1,100.0,1
EMP-03699,Finance,Developer,MongoDB,125,12,6,5,4,52,31,3,1,0,0,30.68,0
EMP-03700,Data Science,SRE,Oracle,0,9,9,0,2,32,35,5,0,1,0,0.0,0
EMP-03701,Security,SRE,PostgreSQL,23,17,13,4,2,6,27,10,1,1,0,0.0,0
EMP-03702,Analytics,DBA,Oracle,83,10,6,2,1,26,43,7,1,1,0,0.0,0
EMP-03703,DevOps,Tech Lead,MongoDB,-27,4,1,2,0,34,20,5,0,1,1,96.71,1
EMP-03704,Security,Manager,MySQL,80,18,15,1,7,98,11,3,0,0,0,0.0,0
EMP-03705,Finance,SRE,MySQL,54,9,2,5,0,4,33,2,0,1,0,44.58,0
EMP-03706,Analytics,Platform Engineer,PostgreSQL,108,10,6,2,3,72,29,7,1,0,1,0.0,0
EMP-03707,Analytics,Security Engineer,MariaDB,125,4,2,0,3,79,3,10,1,1,1,0.0,1
EMP-03708,Analytics,Analyst,MariaDB,7,0,0,0,3,99,30,10,1,0,1,16.11,0
EMP-03709,DevOps,Manager,Oracle,8,2,1,0,0,11,49,2,0,0,0,0.0,0
EMP-03710,Security,Security Engineer,MySQL,-32,1,1,0,3,100,21,5,1,1,0,98.08,0
EMP-03711,Compliance,Developer,PostgreSQL,-13,14,11,3,6,98,12,7,0,0,0,85.3,1
EMP-03712,Security,Analyst,MongoDB,5,13,8,4,6,100,6,9,0,0,1,54.98,0
EMP-03713,Data Science,Platform Engineer,MySQL,51,18,15,3,4,44,18,9,1,0,0,0.0,0
EMP-03714,Data Science,Senior Developer,PostgreSQL,172,5,1,2,6,10,35,3,0,0,0,57.91,1
EMP-03715,Platform,Security Engineer,MySQL,153,9,4,3,0,79,47,10,1,1,1,0.0,0
EMP-03716,Data Science,SRE,PostgreSQL,13,12,7,5,1,24,23,4,1,1,0,6.17,0
EMP-03717,Analytics,Manager,MySQL,21,18,11,5,8,64,19,7,1,0,1,37.83,0
EMP-03718,Data Science,SRE,PostgreSQL,146,10,9,0,1,12,42,8,0,1,1,0.0,0
EMP-03719,Infrastructure,SRE,PostgreSQL,-20,20,13,6,0,7,27,2,1,1,0,58.92,0
EMP-03720,Engineering,Developer,MySQL,-43,9,7,0,5,96,37,10,0,0,0,72.0,1
EMP-03721,Finance,Manager,MongoDB,-16,13,11,1,0,31,5,10,1,0,0,0.0,0
EMP-03722,Data Science,Developer,PostgreSQL,166,1,1,0,6,75,11,4,0,0,1,48.39,0
EMP-03723,DevOps,Analyst,MariaDB,-1,8,2,4,4,81,28,6,1,0,1,88.02,1
EMP-03724,Data Science,SRE,PostgreSQL,163,8,3,4,1,17,42,7,1,1,1,8.53,0
EMP-03725,Platform,DBA,Oracle,-17,7,5,2,1,6,24,6,0,1,0,90.71,1
EMP-03726,Platform,Manager,Oracle,-16,16,12,3,6,109,21,7,1,0,0,87.86,1
EMP-03727,Compliance,Security Engineer,PostgreSQL,89,0,0,0,1,55,12,10,0,1,1,0.0,0
EMP-03728,Security,Senior DBA,MySQL,83,15,9,6,3,14,10,4,1,1,0,17.04,0
EMP-03729,Compliance,Tech Lead,Oracle,124,4,4,0,4,10,7,6,1,1,1,0.0,0
EMP-03730,Compliance,Analyst,PostgreSQL,110,8,3,3,7,33,18,8,1,0,0,34.97,1
EMP-03731,Engineering,Analyst,PostgreSQL,70,4,4,0,3,10,47,9,0,0,1,0.0,0
EMP-03732,DevOps,Analyst,PostgreSQL,160,8,6,0,2,77,41,2,1,0,0,0.0,0
EMP-03733,Compliance,Senior Developer,MySQL,29,3,0,1,1,29,31,3,1,0,0,0.0,0
EMP-03734,Finance,Platform Engineer,MySQL,-14,3,1,0,2,13,19,3,1,0,1,73.4,1
EMP-03735,Operations,Senior DBA,MariaDB,-33,9,5,4,2,16,5,7,1,1,1,93.92,1
EMP-03736,Infrastructure,Security Engineer,PostgreSQL,49,13,8,5,4,27,39,9,1,1,1,10.87,0
EMP-03737,Platform,DBA,MySQL,124,11,3,6,4,33,49,10,1,1,1,49.81,0
EMP-03738,DevOps,Tech Lead,Oracle,105,11,5,4,4,2,27,4,1,1,0,30.24,0
EMP-03739,Operations,Security Engineer,Oracle,57,8,6,1,0,37,31,3,1,1,1,0.0,0
EMP-03740,Infrastructure,Developer,Oracle,21,15,13,0,7,10,47,8,1,0,0,0.0,0
EMP-03741,Engineering,Analyst,Oracle,145,7,6,0,11,38,17,6,0,0,1,61.57,1
EMP-03742,DevOps,Manager,PostgreSQL,164,12,10,0,2,58,19,7,0,0,1,0.0,0
EMP-03743,Engineering,Manager,MySQL,-34,8,5,3,7,90,28,5,0,0,1,100.0,1
EMP-03744,Data Science,Developer,Oracle,6,9,3,4,0,68,4,2,1,0,0,37.85,0
EMP-03745,Infrastructure,Manager,PostgreSQL,-15,13,11,2,0,53,23,4,1,0,0,15.89,0
EMP-03746,Security,DBA,MariaDB,-23,17,14,1,4,36,20,7,0,1,1,46.8,0
EMP-03747,Operations,Analyst,PostgreSQL,145,5,1,2,6,55,26,5,0,0,0,57.49,1
EMP-03748,Security,SRE,MySQL,75,7,2,4,3,16,48,8,0,1,0,41.33,0
EMP-03749,Data Science,DBA,PostgreSQL,66,2,1,1,4,30,11,4,1,1,1,26.01,0
EMP-03750,Data Science,Developer,Oracle,19,16,15,1,7,96,19,3,1,0,1,0.0,0
EMP-03751,Engineering,SRE,SQL Server,27,11,10,0,4,32,45,2,1,1,1,0.0,0
EMP-03752,Analytics,Senior Developer,MySQL,-24,18,17,1,3,58,38,7,1,0,1,0.0,0
EMP-03753,Compliance,SRE,Oracle,56,7,4,2,3,22,50,5,1,1,0,0.81,0
EMP-03754,Infrastructure,Security Engineer,Oracle,91,11,6,3,1,100,10,4,1,1,0,0.0,0
EMP-03755,Engineering,Platform Engineer,Oracle,-2,1,1,0,2,89,43,9,1,0,0,24.7,0
EMP-03756,Compliance,Tech Lead,PostgreSQL,174,11,9,2,6,2,9,10,1,1,1,0.0,0
EMP-03757,Security,Senior Developer,Oracle,180,8,5,2,8,38,3,8,0,0,1,54.67,0
EMP-03758,Analytics,Platform Engineer,PostgreSQL,72,17,12,5,7,38,13,3,1,0,0,21.89,0
EMP-03759,Analytics,Senior DBA,MySQL,162,11,4,5,2,36,18,3,1,1,1,39.75,0
EMP-03760,Infrastructure,Security Engineer,MySQL,33,10,4,4,4,120,5,9,1,1,0,32.0,0
EMP-03761,Platform,Platform Engineer,Oracle,2,9,5,4,5,65,5,8,1,0,1,69.55,1
EMP-03762,Operations,Analyst,SQL Server,13,15,8,5,9,12,35,3,1,0,0,69.56,1
EMP-03763,Compliance,Tech Lead,MySQL,100,10,5,3,6,12,22,4,1,1,0,34.75,0
EMP-03764,Operations,Platform Engineer,MySQL,5,5,1,3,4,26,20,3,1,0,0,60.29,1
EMP-03765,Operations,Platform Engineer,PostgreSQL,20,15,10,5,1,48,28,2,0,0,1,13.3,0
EMP-03766,Finance,Analyst,MySQL,-5,15,11,3,6,62,50,10,0,0,0,50.04,0
EMP-03767,Data Science,Tech Lead,Oracle,-33,20,17,2,4,1,33,9,1,1,1,12.24,0
EMP-03768,Analytics,SRE,MySQL,161,3,3,0,1,36,12,10,0,1,0,0.0,0
EMP-03769,Operations,Tech Lead,Oracle,117,8,6,0,6,29,15,2,1,1,1,12.91,0
EMP-03770,Infrastructure,Developer,Oracle,17,8,7,1,7,87,47,4,1,0,1,26.09,0
EMP-03771,Data Science,Manager,MongoDB,-44,10,3,5,7,45,8,4,1,0,1,100.0,1
EMP-03772,Platform,Developer,MySQL,145,4,0,3,1,24,30,9,1,0,1,2.0,0
EMP-03773,Analytics,DBA,PostgreSQL,167,8,8,0,0,5,38,8,1,1,1,0.0,0
EMP-03774,Engineering,Manager,PostgreSQL,-43,6,1,3,7,63,25,4,0,0,1,100.0,1
EMP-03775,Data Science,DBA,Oracle,122,10,8,1,1,14,3,10,1,1,0,0.0,0
EMP-03776,Infrastructure,SRE,MySQL,7,18,14,3,3,12,13,7,1,1,1,0.0,0
EMP-03777,Finance,Platform Engineer,MySQL,84,4,2,0,8,97,2,4,1,0,1,48.15,0
EMP-03778,Finance,Tech Lead,Oracle,120,19,13,5,8,11,20,3,1,1,0,34.62,0
EMP-03779,Security,SRE,MySQL,63,13,7,4,0,2,44,2,0,1,1,9.29,0
EMP-03780,Analytics,SRE,PostgreSQL,160,10,6,3,4,35,27,9,1,1,0,0.0,0
EMP-03781,Operations,Developer,Oracle,21,3,0,2,0,84,24,7,1,0,0,0.0,0
EMP-03782,Security,Platform Engineer,Oracle,119,2,0,2,2,27,7,4,1,0,1,20.63,0
EMP-03783,Finance,DBA,Oracle,158,5,2,1,3,34,25,5,1,1,1,10.88,0
EMP-03784,Platform,Senior DBA,PostgreSQL,119,14,8,4,4,13,7,7,1,1,0,0.0,0
EMP-03785,Infrastructure,SRE,PostgreSQL,134,20,12,6,2,2,10,6,1,1,1,0.0,0
EMP-03786,Finance,Developer,PostgreSQL,101,1,0,1,6,55,43,8,1,0,0,25.67,0
EMP-03787,Platform,Senior Developer,Oracle,169,17,14,3,4,87,4,2,0,0,0,0.0,0
EMP-03788,DevOps,Platform Engineer,Oracle,18,0,0,0,0,67,24,4,0,0,1,6.64,0
EMP-03789,Data Science,Manager,Oracle,-45,10,2,6,5,106,50,9,1,0,1,100.0,1
EMP-03790,Operations,SRE,PostgreSQL,6,19,17,1,3,10,24,7,0,1,1,0.0,0
EMP-03791,Security,Security Engineer,Oracle,87,9,5,2,1,19,3,4,1,1,0,0.0,1
EMP-03792,Platform,Analyst,SQL Server,-32,18,16,0,8,76,33,3,1,0,0,51.01,0
EMP-03793,Engineering,Tech Lead,SQL Server,53,16,9,6,8,8,18,4,1,1,0,64.22,1
EMP-03794,Infrastructure,Manager,PostgreSQL,100,4,1,1,4,76,24,3,0,0,1,45.2,0
EMP-03795,Engineering,Manager,MongoDB,-21,2,1,1,1,14,19,5,1,0,0,63.49,1
EMP-03796,DevOps,DBA,Oracle,162,16,10,5,1,30,44,10,1,1,1,0.0,0
EMP-03797,Infrastructure,Tech Lead,Oracle,39,12,12,0,1,30,5,6,0,1,0,0.0,0
EMP-03798,Platform,DBA,Oracle,30,6,4,2,1,25,49,4,1,1,1,0.0,0
EMP-03799,DevOps,Analyst,Oracle,110,13,13,0,3,92,8,6,0,0,0,0.0,0
EMP-03800,Security,Platform Engineer,PostgreSQL,59,18,13,3,8,120,1,6,1,0,1,10.92,0
EMP-03801,Platform,DBA,PostgreSQL,94,20,14,4,4,24,22,2,1,1,0,0.0,0
EMP-03802,Data Science,Tech Lead,MongoDB,134,17,11,5,0,34,20,9,1,1,0,0.0,0
EMP-03803,Compliance,SRE,MySQL,144,15,11,3,1,17,5,10,1,1,1,0.0,0
EMP-03804,Security,Platform Engineer,PostgreSQL,10,10,8,0,4,56,2,3,1,0,1,0.0,0
EMP-03805,Platform,Manager,PostgreSQL,19,13,9,2,3,74,28,9,1,0,0,0.0,0
EMP-03806,DevOps,Tech Lead,Oracle,2,3,0,2,7,13,48,9,0,1,0,100.0,1
EMP-03807,Engineering,Tech Lead,PostgreSQL,90,0,0,0,2,23,38,5,1,1,1,0.0,0
EMP-03808,Finance,Senior Developer,PostgreSQL,11,1,0,1,1,55,40,9,1,0,1,0.0,0
EMP-03809,Security,Security Engineer,MySQL,-16,13,10,1,1,32,12,10,0,1,1,31.67,0
EMP-03810,Operations,Security Engineer,PostgreSQL,98,0,0,0,0,98,14,7,1,1,0,0.0,0
EMP-03811,Data Science,Senior DBA,SQL Server,30,8,1,5,1,34,24,9,0,1,1,51.93,0
EMP-03812,Finance,Analyst,MongoDB,98,19,17,1,11,18,10,4,0,0,1,2.36,0
EMP-03813,Engineering,SRE,PostgreSQL,135,7,4,1,1,31,4,3,0,1,0,0.0,0
EMP-03814,Platform,Manager,MariaDB,-5,4,2,2,8,96,48,8,1,0,0,100.0,1
EMP-03815,Analytics,Senior DBA,MySQL,123,8,4,4,3,19,40,5,1,1,1,28.27,0
EMP-03816,DevOps,Tech Lead,PostgreSQL,42,20,14,5,5,22,45,10,1,1,0,0.0,0
EMP-03817,DevOps,Tech Lead,MySQL,-28,12,6,4,8,8,2,4,1,1,1,100.0,1
EMP-03818,Operations,Tech Lead,PostgreSQL,41,16,12,2,0,31,28,4,0,1,1,0.0,0
EMP-03819,Compliance,Tech Lead,Oracle,-2,13,8,5,0,11,1,2,0,1,1,70.84,1
EMP-03820,Platform,SRE,Oracle,121,3,2,1,3,36,21,8,0,1,1,19.84,0
EMP-03821,Platform,SRE,Oracle,1,13,10,1,3,16,22,2,1,1,1,1.53,0
EMP-03822,Engineering,SRE,Oracle,6,4,4,0,2,36,40,6,1,1,0,0.0,0
EMP-03823,Data Science,Analyst,PostgreSQL,9,0,0,0,8,32,30,10,0,0,0,48.13,0
EMP-03824,Engineering,DBA,MySQL,-13,4,2,0,1,10,33,8,1,1,1,45.46,0
EMP-03825,Infrastructure,Platform Engineer,MongoDB,135,12,5,6,6,56,15,4,0,0,1,81.15,1
EMP-03826,Finance,Security Engineer,MySQL,173,14,8,5,4,16,4,10,1,1,0,0.33,0
EMP-03827,Infrastructure,Analyst,Oracle,167,19,16,3,5,119,13,4,1,0,0,0.0,0
EMP-03828,Infrastructure,Manager,Oracle,31,19,13,4,8,72,49,2,1,0,0,27.02,0
EMP-03829,Infrastructure,Senior DBA,Oracle,149,5,4,1,2,6,11,7,0,1,1,0.0,0
EMP-03830,DevOps,Tech Lead,PostgreSQL,112,16,15,0,8,1,12,3,1,1,0,0.0,0
EMP-03831,Engineering,SRE,Oracle,102,2,1,0,1,34,38,6,1,1,1,0.0,0
EMP-03832,Analytics,Analyst,MySQL,92,16,11,5,3,38,14,8,0,0,0,0.0,0
EMP-03833,Operations,Senior DBA,MySQL,4,3,0,2,0,22,27,9,1,1,0,5.71,0
EMP-03834,Operations,SRE,Oracle,6,1,0,0,2,4,20,9,0,1,1,26.55,0
EMP-03835,Data Science,Analyst,PostgreSQL,-36,6,4,0,11,17,25,3,1,0,1,100.0,1
EMP-03836,Compliance,Platform Engineer,PostgreSQL,-41,7,7,0,0,50,50,5,1,0,0,18.8,0
EMP-03837,Compliance,Developer,MySQL,121,12,10,1,7,80,3,9,1,0,1,0.0,0
EMP-03838,Engineering,SRE,MySQL,5,10,6,4,0,4,13,7,0,1,0,14.08,0
EMP-03839,Platform,Senior Developer,PostgreSQL,88,20,16,3,7,8,49,9,0,0,0,0.0,0
EMP-03840,Engineering,Developer,PostgreSQL,180,18,16,1,1,41,9,6,1,0,0,0.0,1
EMP-03841,Operations,Tech Lead,MySQL,82,9,7,2,0,12,9,5,1,1,0,0.0,0
EMP-03842,Security,Manager,MySQL,110,3,0,1,4,78,20,2,1,0,1,39.38,0
EMP-03843,Engineering,Security Engineer,MySQL,-30,6,3,1,0,57,26,6,1,1,1,66.31,0
EMP-03844,Infrastructure,Tech Lead,Oracle,82,7,5,2,0,13,38,5,1,1,0,0.0,0
EMP-03845,Infrastructure,SRE,PostgreSQL,-26,6,3,2,1,10,9,9,1,1,1,65.51,1
EMP-03846,Infrastructure,SRE,Oracle,6,18,14,2,2,27,42,3,0,1,1,0.0,0
EMP-03847,Security,Security Engineer,MySQL,25,7,6,1,1,52,42,3,0,1,1,0.0,0
EMP-03848,Engineering,Platform Engineer,PostgreSQL,25,11,8,1,4,42,39,5,1,0,0,0.0,0
EMP-03849,DevOps,Tech Lead,MySQL,3,16,15,0,8,31,33,2,1,1,0,1.52,0
EMP-03850,Infrastructure,SRE,Oracle,-24,13,10,3,4,26,13,3,0,1,0,100.0,1
EMP-03851,Finance,Manager,MySQL,118,9,6,2,7,103,3,7,1,0,0,21.52,0
EMP-03852,DevOps,Manager,PostgreSQL,18,8,3,4,6,101,6,3,1,0,1,72.42,1
EMP-03853,Finance,Security Engineer,PostgreSQL,80,18,16,0,2,51,38,10,1,1,0,0.0,0
EMP-03854,Operations,Manager,MySQL,89,5,0,3,1,44,22,3,1,0,1,25.92,0
EMP-03855,Finance,Tech Lead,PostgreSQL,-39,17,12,5,3,1,29,6,1,1,1,71.39,1
EMP-03856,Analytics,Developer,MySQL,19,9,8,0,6,112,42,8,0,0,1,4.33,0
EMP-03857,Platform,SRE,MariaDB,11,19,17,2,1,16,36,8,1,1,0,0.0,0
EMP-03858,Finance,Senior Developer,PostgreSQL,27,16,9,5,3,44,1,8,0,0,1,15.6,0
EMP-03859,Infrastructure,Security Engineer,PostgreSQL,14,3,3,0,2,100,5,9,1,1,1,0.0,0
EMP-03860,Platform,DBA,Oracle,111,8,7,1,4,19,21,2,0,1,1,16.99,0
EMP-03861,Analytics,Tech Lead,Oracle,102,8,6,1,8,35,23,10,1,1,0,8.17,0
EMP-03862,Platform,SRE,MariaDB,159,1,0,1,4,12,31,10,1,1,1,9.55,0
EMP-03863,Analytics,SRE,PostgreSQL,144,2,0,1,0,2,5,5,1,1,1,0.0,0
EMP-03864,Operations,Senior Developer,PostgreSQL,68,1,1,0,7,8,10,5,1,0,0,21.53,0
EMP-03865,Analytics,Tech Lead,PostgreSQL,6,7,3,3,5,31,29,9,1,1,0,42.77,0
EMP-03866,Data Science,Tech Lead,MySQL,60,4,2,1,4,32,27,5,0,1,1,36.17,0
EMP-03867,DevOps,Analyst,Oracle,-29,12,8,3,11,81,31,4,0,0,1,100.0,1
EMP-03868,Engineering,DBA,Oracle,6,15,12,3,4,13,9,9,1,1,1,0.0,0
EMP-03869,Engineering,Security Engineer,PostgreSQL,-15,0,0,0,2,53,48,6,1,1,1,81.44,1
EMP-03870,Analytics,Senior Developer,MySQL,144,6,2,2,7,115,23,7,0,0,1,71.27,1
EMP-03871,Analytics,Platform Engineer,MySQL,8,18,12,4,4,64,10,3,1,0,1,4.83,0
EMP-03872,Engineering,DBA,Oracle,105,7,4,3,0,11,22,6,1,1,0,0.0,0
EMP-03873,Engineering,Senior Developer,MySQL,179,18,16,0,8,71,31,9,1,0,1,0.0,0
EMP-03874,Operations,SRE,MySQL,11,15,12,3,1,15,30,8,0,1,0,0.0,0
EMP-03875,Finance,Tech Lead,PostgreSQL,153,13,7,4,4,2,18,5,0,1,0,27.35,0
EMP-03876,Finance,Tech Lead,Oracle,26,19,13,6,7,10,22,8,0,1,0,41.93,0
EMP-03877,Finance,Security Engineer,MySQL,6,15,12,1,1,107,2,8,0,1,1,0.0,0
EMP-03878,DevOps,Manager,MySQL,29,10,5,4,1,113,12,4,0,0,1,35.48,0
EMP-03879,Operations,Security Engineer,Oracle,55,5,3,1,0,15,5,7,1,1,1,0.0,0
EMP-03880,Platform,Security Engineer,MySQL,151,10,5,3,4,13,10,6,1,1,1,15.9,0
EMP-03881,Data Science,Senior Developer,Oracle,159,0,0,0,3,16,6,4,0,0,0,17.63,0
EMP-03882,Operations,Analyst,PostgreSQL,50,2,0,2,11,66,39,7,0,0,0,100.0,1
EMP-03883,Infrastructure,Manager,MySQL,28,4,1,3,5,114,9,9,1,0,0,43.12,0
EMP-03884,Finance,Tech Lead,SQL Server,29,15,9,4,6,5,10,10,1,1,1,10.22,0
EMP-03885,Data Science,Platform Engineer,SQL Server,36,13,5,6,2,47,26,6,1,0,1,29.25,0
EMP-03886,Compliance,Analyst,MySQL,11,13,13,0,5,12,49,9,1,0,1,0.0,0
EMP-03887,Platform,Senior Developer,Oracle,23,8,8,0,4,62,26,10,1,0,0,0.0,0
EMP-03888,Operations,DBA,SQL Server,52,10,8,0,2,15,3,7,0,1,0,0.0,0
EMP-03889,Infrastructure,Analyst,MySQL,139,3,1,0,1,8,24,3,0,0,0,0.0,0
EMP-03890,DevOps,Platform Engineer,PostgreSQL,53,15,8,5,3,92,21,4,1,0,1,20.35,0
EMP-03891,Platform,Senior DBA,PostgreSQL,29,11,10,0,0,17,43,4,1,1,1,0.0,0
EMP-03892,Compliance,Analyst,Oracle,29,6,1,4,3,105,9,4,1,0,0,60.16,1
EMP-03893,DevOps,Security Engineer,Oracle,152,9,5,2,1,56,11,2,0,1,1,18.59,0
EMP-03894,Security,Tech Lead,Oracle,-31,3,1,2,1,6,16,9,1,1,0,85.53,1
EMP-03895,Data Science,Security Engineer,Oracle,5,1,0,1,4,57,21,4,1,1,1,68.21,1
EMP-03896,Analytics,Manager,SQL Server,110,9,7,2,1,119,5,3,1,0,1,0.0,0
EMP-03897,Finance,Analyst,MariaDB,130,9,2,5,12,19,38,7,1,0,0,100.0,1
EMP-03898,Operations,Platform Engineer,PostgreSQL,62,2,0,0,1,68,30,2,1,0,0,0.0,0
EMP-03899,Infrastructure,DBA,MySQL,-3,18,11,5,4,29,21,6,0,1,0,65.23,1
EMP-03900,Engineering,Analyst,SQL Server,108,19,19,0,6,54,41,2,1,0,1,0.0,0
EMP-03901,Operations,Analyst,PostgreSQL,42,11,5,4,10,45,38,3,1,0,0,77.96,1
EMP-03902,Analytics,Manager,SQL Server,52,3,0,2,8,20,43,7,0,0,1,82.34,1
EMP-03903,Finance,SRE,PostgreSQL,123,17,15,1,1,16,21,7,1,1,0,0.0,0
EMP-03904,Engineering,Tech Lead,Oracle,17,4,4,0,2,25,36,10,1,1,1,0.0,0
EMP-03905,DevOps,Analyst,PostgreSQL,27,0,0,0,2,116,35,3,0,0,0,27.0,0
EMP-03906,Engineering,Security Engineer,Oracle,32,1,0,1,4,37,38,3,0,1,0,57.38,1
EMP-03907,Infrastructure,Senior DBA,PostgreSQL,176,5,2,2,3,30,25,7,0,1,1,29.33,0
EMP-03908,Finance,Analyst,PostgreSQL,59,11,5,6,0,41,47,8,0,0,1,18.98,0
EMP-03909,Infrastructure,Senior Developer,MySQL,-41,1,0,0,7,45,43,4,0,0,1,100.0,1
EMP-03910,Data Science,Senior Developer,MongoDB,-30,16,10,5,0,49,36,10,0,0,0,51.43,0
EMP-03911,Finance,Senior Developer,Oracle,-42,0,0,0,0,56,1,5,0,0,1,99.67,1
EMP-03912,Finance,Security Engineer,MySQL,57,1,0,1,3,28,44,6,1,1,0,11.08,0
EMP-03913,Engineering,DBA,Oracle,89,2,0,1,2,33,24,8,1,1,0,0.0,0
EMP-03914,Finance,SRE,Oracle,34,19,14,5,1,11,23,7,0,1,1,0.0,0
EMP-03915,Data Science,Security Engineer,PostgreSQL,15,15,8,5,0,25,28,9,1,1,1,0.0,0
EMP-03916,Finance,Tech Lead,MySQL,-45,2,2,0,7,34,38,8,0,1,1,100.0,1
EMP-03917,Data Science,Security Engineer,MySQL,20,9,5,3,1,73,47,10,1,1,0,0.0,0
EMP-03918,Security,Tech Lead,Oracle,114,17,14,2,4,5,32,6,0,1,1,0.0,0
EMP-03919,Security,Security Engineer,Oracle,-27,3,1,2,4,82,38,5,1,1,0,100.0,1
EMP-03920,Platform,Senior Developer,Oracle,47,6,2,2,4,72,16,10,1,0,1,10.92,0
EMP-03921,Engineering,Platform Engineer,PostgreSQL,20,5,1,3,8,72,34,10,1,0,1,63.17,1
EMP-03922,Data Science,Senior DBA,Oracle,58,20,14,4,2,9,45,4,1,1,1,0.0,0
EMP-03923,Infrastructure,Senior Developer,MySQL,11,10,6,4,7,17,23,3,0,0,0,69.98,1
EMP-03924,Compliance,SRE,MySQL,39,2,0,1,3,8,49,10,1,1,0,0.0,0
EMP-03925,DevOps,Senior DBA,PostgreSQL,42,2,0,0,3,31,23,2,0,1,0,30.89,0
EMP-03926,Security,Security Engineer,MySQL,80,10,9,1,1,71,18,3,1,1,1,0.0,0
EMP-03927,Data Science,Platform Engineer,Oracle,155,18,12,4,2,39,14,5,1,0,1,0.0,0
EMP-03928,Finance,SRE,SQL Server,137,20,18,0,4,25,14,2,1,1,0,0.0,0
EMP-03929,Data Science,Manager,SQL Server,54,18,12,6,3,112,35,3,1,0,1,15.58,0
EMP-03930,Operations,Analyst,Oracle,172,2,0,2,4,108,44,5,1,0,1,50.89,0
EMP-03931,Operations,Analyst,MariaDB,127,1,0,1,8,29,50,4,0,0,1,77.64,1
EMP-03932,Analytics,SRE,MongoDB,-7,20,14,6,3,25,25,4,1,1,1,50.08,0
EMP-03933,Security,DBA,Oracle,46,13,8,3,3,29,31,8,1,1,1,0.0,0
EMP-03934,Engineering,Tech Lead,PostgreSQL,99,18,10,6,4,22,10,8,1,1,1,12.55,0
EMP-03935,Engineering,Analyst,PostgreSQL,112,13,13,0,7,46,44,8,1,0,1,0.0,0
EMP-03936,Platform,Developer,SQL Server,142,11,4,6,3,73,25,5,1,0,1,52.65,0
EMP-03937,Operations,Analyst,MySQL,131,8,6,1,9,41,29,10,0,0,0,26.98,0
EMP-03938,Engineering,Manager,MariaDB,92,9,5,3,3,47,35,7,0,0,0,12.11,0
EMP-03939,Compliance,Senior DBA,PostgreSQL,-26,0,0,0,0,14,10,9,0,1,1,70.81,1
EMP-03940,Security,Senior Developer,MySQL,-31,16,14,2,6,76,32,8,0,0,1,71.08,1
EMP-03941,Data Science,DBA,Oracle,27,11,4,5,1,15,15,7,1,1,1,20.34,0
EMP-03942,Infrastructure,Developer,MySQL,119,14,10,3,2,55,44,6,0,0,1,0.0,0
EMP-03943,Data Science,SRE,Oracle,20,15,8,6,0,2,17,3,1,1,1,8.96,0
EMP-03944,Security,Tech Lead,MySQL,172,3,2,0,4,12,31,9,1,1,0,0.0,0
EMP-03945,Platform,Platform Engineer,MySQL,81,0,0,0,8,82,12,3,1,0,1,61.46,1
EMP-03946,Security,DBA,MySQL,7,16,8,6,0,19,37,8,1,1,1,10.77,0
EMP-03947,Platform,Developer,SQL Server,159,9,9,0,6,98,7,2,1,0,0,0.0,0
EMP-03948,Analytics,Manager,Oracle,8,8,3,5,0,90,24,5,1,0,1,35.22,0
EMP-03949,Engineering,Platform Engineer,PostgreSQL,125,20,14,6,4,69,21,8,0,0,0,0.06,0
EMP-03950,Platform,Senior Developer,MySQL,180,10,6,2,2,53,20,6,1,0,0,0.0,0
EMP-03951,Engineering,Senior Developer,PostgreSQL,46,20,18,2,8,72,35,6,0,0,1,0.0,0
EMP-03952,Infrastructure,Platform Engineer,MySQL,62,0,0,0,2,44,38,5,0,0,0,6.92,0
EMP-03953,DevOps,Developer,PostgreSQL,137,5,1,3,3,22,13,7,1,0,1,19.67,0
EMP-03954,Analytics,Platform Engineer,MySQL,32,11,9,0,7,40,33,8,0,0,0,0.0,0
EMP-03955,Operations,Senior DBA,SQL Server,148,13,12,0,2,22,22,6,1,1,1,0.0,0
EMP-03956,Engineering,Senior DBA,MySQL,41,5,1,3,2,21,30,3,1,1,0,27.56,0
EMP-03957,Compliance,DBA,SQL Server,-22,13,9,3,1,34,20,2,1,1,1,75.56,1
EMP-03958,Security,Developer,MySQL,-14,15,10,5,4,74,39,2,0,0,1,100.0,1
EMP-03959,Operations,DBA,SQL Server,119,19,12,6,1,27,1,2,1,1,0,0.0,0
EMP-03960,Finance,Platform Engineer,MySQL,111,15,13,2,7,86,13,2,0,0,1,18.54,0
EMP-03961,Security,Senior DBA,MariaDB,80,12,5,6,3,4,36,10,1,1,0,18.21,0
EMP-03962,Operations,Senior Developer,Oracle,15,10,7,1,4,36,29,7,0,0,0,0.0,0
EMP-03963,Analytics,SRE,PostgreSQL,1,10,10,0,3,6,7,8,1,1,0,0.0,0
EMP-03964,Analytics,Security Engineer,PostgreSQL,17,6,3,1,2,51,49,2,1,1,0,5.17,0
EMP-03965,Platform,Developer,PostgreSQL,-43,2,0,2,4,95,45,2,1,0,1,100.0,1
EMP-03966,Engineering,SRE,Oracle,-27,19,15,2,1,25,24,2,1,1,1,27.19,0
EMP-03967,Data Science,Tech Lead,PostgreSQL,99,11,7,2,5,11,8,9,0,1,1,8.65,0
EMP-03968,Finance,DBA,Oracle,-38,1,0,1,4,27,39,8,1,1,1,100.0,1
EMP-03969,Engineering,DBA,Oracle,3,18,15,2,2,32,34,9,1,1,1,0.0,0
EMP-03970,Security,Platform Engineer,Oracle,15,14,12,2,2,113,33,4,1,0,0,0.0,0
EMP-03971,Analytics,Developer,Oracle,52,1,0,1,6,41,19,8,1,0,1,35.63,0
EMP-03972,Finance,Platform Engineer,SQL Server,29,5,3,2,0,57,8,3,0,0,0,6.1,0
EMP-03973,DevOps,Security Engineer,PostgreSQL,0,7,6,0,3,86,40,4,1,1,1,16.66,0
EMP-03974,Data Science,DBA,Oracle,13,12,11,1,0,33,13,4,1,1,0,0.0,0
EMP-03975,Data Science,Platform Engineer,Oracle,-20,17,15,2,2,18,13,5,1,0,0,8.19,0
EMP-03976,Engineering,Analyst,SQL Server,-9,10,9,1,11,58,11,10,1,0,0,82.38,1
EMP-03977,Security,Tech Lead,MariaDB,175,7,3,3,7,27,8,2,0,1,0,81.28,1
EMP-03978,DevOps,Platform Engineer,MongoDB,15,4,0,3,4,47,38,6,1,0,1,42.17,0
EMP-03979,Security,Senior Developer,MongoDB,-28,6,3,1,4,88,49,8,1,0,0,77.25,1
EMP-03980,Platform,Senior Developer,Oracle,27,20,18,2,7,89,20,4,1,0,0,0.0,0
EMP-03981,Security,Tech Lead,Oracle,-8,19,13,6,4,14,26,6,1,1,0,67.9,1
EMP-03982,Analytics,Analyst,PostgreSQL,80,18,16,0,7,99,6,10,1,0,1,0.0,0
EMP-03983,Finance,Senior DBA,PostgreSQL,143,3,0,1,2,14,24,7,1,1,1,2.41,0
EMP-03984,Operations,Tech Lead,Oracle,6,16,12,4,6,10,48,5,1,1,1,32.15,0
EMP-03985,Analytics,Security Engineer,MySQL,158,6,0,4,0,117,31,2,1,1,0,44.06,0
EMP-03986,Infrastructure,Analyst,SQL Server,119,2,1,1,5,55,14,2,1,0,1,40.97,0
EMP-03987,Security,Analyst,MySQL,153,17,14,1,12,90,23,10,0,0,0,13.12,0
EMP-03988,Finance,SRE,PostgreSQL,134,1,0,0,1,33,2,4,0,1,1,13.12,0
EMP-03989,DevOps,Tech Lead,MySQL,0,12,7,4,5,28,29,4,0,1,0,77.08,1
EMP-03990,DevOps,Analyst,PostgreSQL,153,4,4,0,9,61,4,6,1,0,1,31.25,0
EMP-03991,DevOps,Senior DBA,MySQL,156,3,1,2,1,27,15,3,0,1,0,26.44,0
EMP-03992,Operations,Senior Developer,MySQL,151,19,15,4,7,115,25,2,1,0,1,14.77,0
EMP-03993,Security,Tech Lead,PostgreSQL,29,0,0,0,8,7,21,5,1,1,1,52.74,0
EMP-03994,Finance,Analyst,Oracle,68,0,0,0,6,110,34,2,1,0,0,51.8,0
EMP-03995,Security,SRE,SQL Server,0,13,9,4,4,3,5,4,1,1,1,42.46,0
EMP-03996,Security,Developer,MySQL,98,12,9,3,2,104,24,6,1,0,1,0.0,0
EMP-03997,Analytics,DBA,MySQL,66,18,13,5,2,31,2,6,0,1,0,0.0,0
EMP-03998,Security,Senior DBA,MySQL,89,1,0,0,3,35,21,5,1,1,0,4.6,0
EMP-03999,Analytics,Security Engineer,SQL Server,142,18,14,2,1,66,41,3,1,1,0,0.0,0
EMP-04000,Infrastructure,Developer,MySQL,115,14,7,5,0,25,29,4,0,0,1,8.65,0
EMP-04001,DevOps,Manager,MongoDB,141,0,0,0,3,87,6,2,1,0,0,13.22,0
EMP-04002,Finance,Senior Developer,MongoDB,0,12,10,0,4,91,8,3,1,0,0,0.0,0
EMP-04003,Finance,Manager,PostgreSQL,131,6,2,4,6,55,26,2,1,0,1,71.27,1
EMP-04004,Analytics,Senior Developer,PostgreSQL,-1,8,6,1,1,88,4,9,0,0,0,7.92,0
EMP-04005,Finance,Analyst,Oracle,60,16,11,5,9,35,43,10,1,0,1,32.32,0
EMP-04006,Analytics,Platform Engineer,Oracle,84,8,5,3,4,19,29,6,1,0,1,10.09,0
EMP-04007,Engineering,Analyst,MySQL,62,15,10,4,8,57,40,10,1,0,1,17.31,0
EMP-04008,Security,Senior DBA,MySQL,132,11,9,1,1,17,21,4,1,1,0,0.0,0
EMP-04009,Compliance,Senior Developer,MySQL,100,15,10,5,7,54,38,5,1,0,1,36.38,0
EMP-04010,Operations,SRE,MySQL,12,2,0,2,3,19,29,6,0,1,1,50.77,0
EMP-04011,Data Science,SRE,MongoDB,-30,15,10,5,0,24,4,5,1,1,1,60.3,1
EMP-04012,Compliance,Senior DBA,PostgreSQL,5,3,1,2,0,6,17,4,1,1,1,19.83,0
EMP-04013,Compliance,Platform Engineer,SQL Server,20,2,0,2,7,48,34,7,1,0,1,62.48,1
EMP-04014,Compliance,Senior DBA,MongoDB,123,7,3,3,2,11,12,10,1,1,1,0.0,0
EMP-04015,Analytics,Tech Lead,MariaDB,-13,8,5,1,6,9,29,2,0,1,1,100.0,1
EMP-04016,Engineering,Developer,MySQL,41,19,14,4,5,17,50,7,0,0,0,0.0,0
EMP-04017,Engineering,Manager,MongoDB,-10,20,16,2,3,66,21,3,0,0,1,25.31,0
EMP-04018,Analytics,Senior DBA,Oracle,-6,3,1,2,1,29,5,6,1,1,0,64.66,1
EMP-04019,Compliance,Developer,Oracle,-38,2,2,0,2,79,28,6,1,0,1,85.7,1
EMP-04020,Analytics,Security Engineer,MongoDB,45,6,2,4,3,86,42,6,1,1,1,41.89,0
EMP-04021,Data Science,SRE,MySQL,27,0,0,0,2,10,1,9,0,1,1,5.96,0
EMP-04022,Compliance,DBA,PostgreSQL,-38,1,0,1,1,32,22,2,1,1,1,98.48,1
EMP-04023,Infrastructure,Developer,Oracle,98,6,2,3,1,54,31,4,1,0,0,6.76,0
EMP-04024,Engineering,Security Engineer,Oracle,142,10,8,2,0,95,28,6,1,1,0,0.0,0
EMP-04025,DevOps,Senior DBA,Oracle,43,10,5,3,2,32,47,2,1,1,0,9.97,0
EMP-04026,Operations,Manager,Oracle,106,0,0,0,7,75,21,7,0,0,0,56.85,1
EMP-04027,Security,Manager,Oracle,86,18,15,3,5,63,13,6,1,0,0,0.0,0
EMP-04028,Operations,Analyst,MySQL,3,4,2,0,8,15,4,3,1,0,0,65.69,1
EMP-04029,Finance,Senior DBA,Oracle,59,17,12,5,4,19,9,2,0,1,0,26.19,0
EMP-04030,Operations,Senior Developer,MySQL,88,1,0,1,4,116,50,3,0,0,1,59.42,1
EMP-04031,Finance,DBA,MySQL,90,11,7,4,0,2,5,6,0,1,1,0.0,0
EMP-04032,Data Science,Senior DBA,Oracle,101,8,3,3,3,20,14,4,0,1,1,51.65,0
EMP-04033,Compliance,Security Engineer,MySQL,2,19,16,2,0,109,39,5,1,1,1,0.0,0
EMP-04034,Security,SRE,PostgreSQL,138,15,12,2,2,26,19,10,1,1,1,0.0,0
EMP-04035,Data Science,Senior DBA,MySQL,131,5,2,1,1,32,1,8,1,1,0,0.0,0
EMP-04036,Engineering,Senior Developer,PostgreSQL,66,8,5,2,8,104,13,3,1,0,0,48.13,0
EMP-04037,Finance,Manager,PostgreSQL,15,6,3,2,7,116,1,6,1,0,0,46.47,0
EMP-04038,Analytics,Platform Engineer,MySQL,-6,12,6,5,1,101,30,9,1,0,1,57.23,1
EMP-04039,Compliance,Platform Engineer,Oracle,-22,4,3,1,5,120,25,9,1,0,1,100.0,1
EMP-04040,Data Science,SRE,Oracle,1,12,6,6,2,3,5,10,1,1,1,47.65,0
EMP-04041,Security,Platform Engineer,PostgreSQL,9,15,14,0,4,89,36,2,0,0,0,0.0,0
EMP-04042,Analytics,Platform Engineer,Oracle,28,15,14,1,1,96,47,9,1,0,1,0.0,0
EMP-04043,Engineering,Security Engineer,MySQL,30,18,15,2,0,60,29,9,1,1,0,0.0,0
EMP-04044,Operations,Analyst,Oracle,69,0,0,0,10,92,14,7,0,0,1,97.65,1
EMP-04045,Finance,Manager,MySQL,28,13,8,3,0,12,8,5,1,0,0,0.0,0
EMP-04046,Infrastructure,SRE,PostgreSQL,23,0,0,0,2,24,50,9,1,1,1,0.0,0
EMP-04047,Analytics,Security Engineer,Oracle,55,11,6,4,4,95,16,2,0,1,1,74.58,1
EMP-04048,Analytics,Manager,SQL Server,94,2,0,1,5,71,5,6,1,0,1,35.02,0
EMP-04049,Operations,Senior DBA,PostgreSQL,110,8,1,5,2,3,36,8,1,1,0,27.97,0
EMP-04050,Operations,SRE,SQL Server,-6,18,13,5,1,35,35,7,1,1,0,15.33,0
EMP-04051,Security,Senior Developer,Oracle,163,1,0,1,1,76,20,4,0,0,0,19.65,0
EMP-04052,Infrastructure,DBA,MySQL,124,20,15,3,2,4,12,4,1,1,1,0.0,0
EMP-04053,Platform,Platform Engineer,PostgreSQL,28,11,5,4,6,9,20,8,0,0,1,48.75,0
EMP-04054,Operations,Manager,MySQL,65,7,3,3,2,73,38,7,1,0,1,7.15,0
EMP-04055,Compliance,Analyst,MySQL,165,10,4,4,10,68,43,3,1,0,0,91.42,1
EMP-04056,Security,Senior DBA,PostgreSQL,73,2,2,0,0,34,13,6,1,1,1,0.0,0
EMP-04057,Finance,SRE,PostgreSQL,123,20,17,1,3,18,20,9,1,1,0,0.0,0
EMP-04058,Security,Senior Developer,Oracle,150,5,5,0,3,43,15,10,1,0,1,0.0,0
EMP-04059,DevOps,Manager,MongoDB,26,0,0,0,0,101,19,9,1,0,1,0.0,0
EMP-04060,Analytics,Developer,PostgreSQL,22,15,11,4,0,51,2,10,0,0,0,0.0,0
EMP-04061,Infrastructure,DBA,PostgreSQL,10,5,4,1,3,19,12,7,1,1,0,0.0,0
EMP-04062,DevOps,Security Engineer,Oracle,10,13,6,6,1,74,8,8,0,1,0,43.46,0
EMP-04063,Data Science,SRE,MySQL,19,8,3,4,0,1,7,6,0,1,0,17.15,0
EMP-04064,Security,Developer,Oracle,7,15,13,2,6,57,36,5,0,0,1,19.33,0
EMP-04065,Platform,Senior DBA,Oracle,111,8,6,2,2,14,8,4,1,1,0,0.0,0
EMP-04066,Security,DBA,PostgreSQL,39,15,10,5,1,10,42,6,1,1,1,0.0,0
EMP-04067,Security,Developer,PostgreSQL,15,14,13,0,8,119,36,3,1,0,1,0.0,0
EMP-04068,Analytics,SRE,MySQL,21,16,9,5,1,11,3,5,1,1,0,0.0,0
EMP-04069,Platform,Tech Lead,Oracle,1,3,2,1,8,13,37,9,1,1,0,72.91,1
EMP-04070,Infrastructure,Developer,Oracle,4,2,1,0,2,87,14,6,1,0,0,8.84,0
EMP-04071,Compliance,DBA,MySQL,125,4,4,0,3,23,12,2,0,1,1,13.35,0
EMP-04072,Security,Analyst,PostgreSQL,117,8,8,0,0,118,39,3,1,0,1,0.0,0
EMP-04073,Data Science,Developer,MySQL,-34,11,3,6,6,77,7,3,1,0,1,100.0,1
EMP-04074,Operations,SRE,MongoDB,58,18,17,1,1,9,38,6,0,1,0,0.0,0
EMP-04075,Data Science,Tech Lead,PostgreSQL,0,8,5,3,0,17,8,9,1,1,1,1.88,0
EMP-04076,Infrastructure,Tech Lead,Oracle,40,17,13,4,1,24,29,5,0,1,0,0.0,0
EMP-04077,Finance,SRE,MySQL,-42,1,0,1,3,12,17,4,1,1,1,100.0,1
EMP-04078,Security,DBA,PostgreSQL,26,18,15,2,0,34,7,3,1,1,1,0.0,0
EMP-04079,Engineering,Developer,Oracle,93,6,4,2,0,79,49,4,1,0,1,0.0,0
EMP-04080,Platform,Manager,MongoDB,14,1,0,1,5,111,38,6,0,0,1,55.07,1
EMP-04081,Operations,Senior DBA,MySQL,-12,6,2,2,4,26,29,6,1,1,0,94.79,0
EMP-04082,Analytics,Senior DBA,MariaDB,150,6,2,3,2,26,4,10,0,1,1,21.36,0
EMP-04083,Infrastructure,DBA,MySQL,-8,19,17,2,4,9,12,6,0,1,0,8.31,0
EMP-04084,Platform,DBA,PostgreSQL,48,7,5,2,1,29,19,7,1,1,1,0.0,0
EMP-04085,Operations,Platform Engineer,Oracle,71,7,7,0,6,94,9,4,1,0,1,0.0,0
EMP-04086,Finance,Senior Developer,Oracle,21,11,6,3,6,11,29,10,1,0,1,11.04,0
EMP-04087,Operations,Tech Lead,PostgreSQL,5,9,3,5,3,2,34,5,0,1,0,72.95,1
EMP-04088,DevOps,Senior Developer,PostgreSQL,3,17,16,1,7,15,19,5,0,0,0,0.0,0
EMP-04089,Compliance,Senior DBA,PostgreSQL,-9,4,2,1,2,9,32,4,1,1,1,63.95,1
EMP-04090,Compliance,Manager,MySQL,94,19,15,4,0,34,40,5,1,0,0,0.0,0
EMP-04091,Infrastructure,Analyst,Oracle,77,16,12,4,12,109,30,7,1,0,0,61.41,1
EMP-04092,Finance,DBA,MySQL,69,11,5,5,2,31,13,10,1,1,0,2.52,0
EMP-04093,Analytics,Platform Engineer,MySQL,-27,14,7,5,6,35,31,3,1,0,1,100.0,1
EMP-04094,DevOps,Manager,Oracle,-37,9,5,2,1,65,19,9,1,0,1,65.53,0
EMP-04095,Compliance,Security Engineer,PostgreSQL,19,12,11,1,1,72,17,3,1,1,1,0.0,0
EMP-04096,Security,SRE,SQL Server,170,18,13,5,2,33,41,7,1,1,1,0.0,0
EMP-04097,Data Science,Tech Lead,MySQL,-39,16,11,3,4,35,18,6,1,1,1,73.1,1
EMP-04098,Compliance,Senior DBA,PostgreSQL,41,14,10,2,3,2,47,8,1,1,1,0.0,0
EMP-04099,Infrastructure,Senior Developer,PostgreSQL,155,12,7,3,2,18,8,8,0,0,0,0.0,0
EMP-04100,Compliance,Senior DBA,PostgreSQL,17,4,0,3,3,8,50,5,1,1,1,41.48,0
EMP-04101,Infrastructure,Senior DBA,MySQL,15,16,13,3,4,10,27,5,1,1,1,0.0,0
EMP-04102,Platform,Platform Engineer,PostgreSQL,22,11,10,0,5,75,36,4,1,0,0,0.0,0
EMP-04103,DevOps,Tech Lead,SQL Server,75,4,3,1,6,23,35,9,1,1,0,9.3,0
EMP-04104,Operations,Analyst,MySQL,66,20,14,6,11,102,5,8,0,0,0,67.88,1
EMP-04105,Analytics,Tech Lead,PostgreSQL,17,7,4,3,4,8,47,8,0,1,0,28.66,0
EMP-04106,Data Science,DBA,PostgreSQL,4,13,9,4,0,5,36,2,0,1,1,18.74,0
EMP-04107,Finance,Security Engineer,MySQL,107,18,17,0,0,112,34,5,1,1,1,0.0,0
EMP-04108,Engineering,Developer,MongoDB,69,5,3,1,8,28,17,3,1,0,1,41.93,0
EMP-04109,Security,SRE,Oracle,5,17,15,1,0,35,37,10,1,1,1,0.0,0
EMP-04110,Security,Developer,MongoDB,129,14,9,4,2,97,7,2,1,0,0,0.0,0
EMP-04111,Compliance,Tech Lead,MySQL,83,6,6,0,2,25,13,7,1,1,1,0.0,0
EMP-04112,Data Science,Tech Lead,MySQL,166,13,11,0,6,34,25,8,1,1,1,0.0,0
EMP-04113,Platform,Developer,PostgreSQL,5,5,5,0,6,114,2,4,0,0,1,51.89,0
EMP-04114,Infrastructure,Tech Lead,PostgreSQL,75,16,12,2,6,13,44,10,1,1,1,0.0,0
EMP-04115,DevOps,Manager,Oracle,14,3,2,0,1,117,35,4,1,0,1,0.0,0
EMP-04116,Compliance,SRE,Oracle,32,16,8,6,4,32,33,10,1,1,1,22.62,0
EMP-04117,Compliance,Platform Engineer,MySQL,156,7,5,1,5,100,24,9,1,0,0,0.0,0
EMP-04118,Analytics,Tech Lead,PostgreSQL,-14,16,12,2,1,30,34,5,0,1,1,39.78,0
EMP-04119,Infrastructure,DBA,MySQL,136,3,3,0,4,28,47,5,0,1,0,12.58,0
EMP-04120,Engineering,SRE,MySQL,59,4,3,0,1,33,41,2,1,1,1,0.0,0
EMP-04121,Analytics,DBA,Oracle,158,14,10,3,4,12,16,4,0,1,0,5.46,0
EMP-04122,Analytics,SRE,MySQL,30,7,4,3,0,20,16,2,0,1,1,22.92,0
EMP-04123,Engineering,Tech Lead,MongoDB,83,12,9,3,0,31,16,5,1,1,1,0.0,0
EMP-04124,Finance,Platform Engineer,PostgreSQL,110,5,4,1,6,47,43,6,0,0,1,31.21,0
EMP-04125,Data Science,Manager,MySQL,179,7,3,2,0,44,5,3,0,0,1,5.92,0
EMP-04126,Analytics,Senior Developer,Oracle,24,20,16,4,0,59,40,8,0,0,1,0.0,0
EMP-04127,Compliance,Analyst,MongoDB,63,12,4,6,7,40,18,9,0,0,1,76.8,1
EMP-04128,Infrastructure,Senior Developer,MongoDB,100,15,15,0,8,89,44,7,1,0,0,0.0,0
EMP-04129,Analytics,Senior DBA,PostgreSQL,6,4,3,1,1,24,8,6,0,1,0,13.77,0
EMP-04130,Operations,Platform Engineer,MySQL,17,6,4,2,3,43,42,7,0,0,1,16.77,0
EMP-04131,Operations,Senior Developer,Oracle,176,0,0,0,5,60,39,4,1,0,1,31.91,0
EMP-04132,Operations,Senior DBA,Oracle,59,1,0,0,4,6,23,5,1,1,0,10.78,0
EMP-04133,Platform,Analyst,Oracle,46,15,13,1,1,9,14,9,1,0,0,0.0,0
EMP-04134,Finance,Security Engineer,MySQL,25,18,12,4,4,117,4,2,1,1,0,12.06,0
EMP-04135,Compliance,Analyst,Oracle,7,7,6,0,2,27,28,6,1,0,1,0.0,0
EMP-04136,Infrastructure,Senior DBA,PostgreSQL,-10,13,7,4,0,19,25,7,1,1,0,38.26,0
EMP-04137,Compliance,Security Engineer,PostgreSQL,-23,7,2,4,0,14,48,8,1,1,0,81.74,1
EMP-04138,Data Science,Senior DBA,MySQL,-44,12,10,1,2,33,15,3,1,1,0,43.31,0
EMP-04139,Finance,SRE,Oracle,8,10,3,6,3,7,49,4,0,1,1,98.92,1
EMP-04140,Platform,Platform Engineer,Oracle,83,10,3,6,4,47,24,2,1,0,0,75.73,1
EMP-04141,Analytics,Manager,Oracle,57,4,0,3,8,101,50,6,1,0,0,92.84,1
EMP-04142,Data Science,Developer,Oracle,23,14,8,4,2,39,7,5,1,0,1,0.0,1
EMP-04143,Operations,Senior DBA,Oracle,113,10,3,6,3,22,37,8,1,1,0,46.24,1
EMP-04144,DevOps,Tech Lead,MariaDB,-9,7,5,2,5,36,14,9,0,1,0,84.03,1
EMP-04145,Engineering,DBA,PostgreSQL,16,15,15,0,2,25,44,4,1,1,1,0.0,0
EMP-04146,Compliance,Manager,MySQL,22,4,3,0,2,63,4,10,1,0,1,0.0,0
EMP-04147,Platform,Senior DBA,Oracle,-25,4,0,3,1,8,35,4,1,1,0,100.0,1
EMP-04148,DevOps,Analyst,PostgreSQL,134,17,12,5,11,21,39,4,1,0,0,50.41,0
EMP-04149,Security,Manager,Oracle,0,7,5,0,0,86,47,2,1,0,1,0.0,0
EMP-04150,Engineering,Security Engineer,MySQL,3,17,9,6,4,28,21,6,0,1,0,71.08,1
EMP-04151,Operations,Senior DBA,PostgreSQL,22,0,0,0,2,11,37,7,0,1,1,12.45,0
EMP-04152,Analytics,Security Engineer,Oracle,69,19,12,6,0,114,16,9,1,1,0,0.0,0
EMP-04153,Data Science,Tech Lead,PostgreSQL,16,2,0,2,6,3,42,2,0,1,0,77.37,1
EMP-04154,Engineering,Security Engineer,MySQL,6,20,18,0,3,65,11,9,1,1,1,0.0,0
EMP-04155,Platform,Security Engineer,MySQL,-27,6,3,3,0,107,17,4,0,1,0,100.0,1
EMP-04156,Platform,Analyst,MySQL,4,7,5,2,10,21,26,9,0,0,1,81.56,1
EMP-04157,Platform,Senior DBA,SQL Server,27,3,1,2,3,14,6,2,1,1,0,33.64,0
EMP-04158,Platform,Developer,Oracle,136,1,0,0,8,73,1,5,1,0,0,54.22,0
EMP-04159,Platform,Senior DBA,MySQL,2,14,11,3,4,24,12,8,1,1,0,0.5,0
EMP-04160,Engineering,Senior DBA,Oracle,19,20,14,6,3,11,5,10,0,1,0,0.0,0
EMP-04161,Engineering,DBA,MySQL,2,0,0,0,3,15,17,9,0,1,0,37.69,0
EMP-04162,Security,SRE,MySQL,27,9,4,4,4,2,41,2,0,1,0,61.29,1
EMP-04163,Security,Senior DBA,MySQL,0,1,0,1,3,24,32,9,1,1,0,32.0,0
EMP-04164,Engineering,Tech Lead,MySQL,176,15,10,4,8,24,29,7,1,1,0,25.0,0
EMP-04165,Infrastructure,SRE,MySQL,-39,8,6,1,4,36,11,6,1,1,1,81.25,1
EMP-04166,Infrastructure,DBA,MariaDB,129,15,13,2,3,9,16,10,1,1,0,0.0,0
EMP-04167,Infrastructure,DBA,Oracle,24,12,9,3,4,32,24,2,1,1,0,7.67,0
EMP-04168,Engineering,Senior DBA,PostgreSQL,-44,18,11,5,3,3,32,5,1,1,0,74.99,1
EMP-04169,Security,Senior DBA,PostgreSQL,45,15,8,6,1,15,5,3,1,1,1,13.95,0
EMP-04170,Engineering,Analyst,MySQL,54,8,2,5,0,94,40,7,1,0,0,14.21,0
EMP-04171,DevOps,DBA,SQL Server,106,13,11,0,2,20,37,10,1,1,0,0.0,0
EMP-04172,Platform,Analyst,Oracle,80,8,7,0,12,13,13,3,1,0,0,45.31,0
EMP-04173,Platform,Tech Lead,Oracle,146,4,4,0,8,19,25,6,1,1,1,29.64,0
EMP-04174,Security,Senior DBA,Oracle,101,1,1,0,2,17,42,10,1,1,1,0.0,0
EMP-04175,Security,Security Engineer,MySQL,54,11,7,4,0,39,26,3,0,1,0,5.19,0
EMP-04176,Compliance,Platform Engineer,PostgreSQL,-25,20,15,3,2,111,10,7,1,0,1,29.15,0
EMP-04177,Compliance,Senior DBA,PostgreSQL,28,17,14,2,4,18,19,6,1,1,1,0.0,0
EMP-04178,Operations,Senior DBA,PostgreSQL,28,20,15,4,2,13,13,4,1,1,0,0.0,0
EMP-04179,Infrastructure,Tech Lead,Oracle,178,16,14,2,0,27,44,2,1,1,1,0.0,0
EMP-04180,Compliance,Tech Lead,Oracle,-10,1,1,0,2,14,9,9,1,1,1,55.82,1
EMP-04181,Data Science,DBA,Oracle,42,7,6,0,0,13,47,4,0,1,1,0.0,0
EMP-04182,Security,DBA,SQL Server,156,18,16,2,1,7,8,4,1,1,1,0.0,0
EMP-04183,Finance,Manager,PostgreSQL,0,18,13,5,8,24,14,8,1,0,0,36.57,0
EMP-04184,DevOps,Senior DBA,PostgreSQL,61,2,1,1,2,34,42,6,1,1,0,0.0,0
EMP-04185,Platform,Security Engineer,Oracle,159,10,5,5,2,60,8,9,1,1,0,11.79,0
EMP-04186,Infrastructure,Senior DBA,MariaDB,-2,18,17,0,4,30,11,10,1,1,1,0.0,0
EMP-04187,DevOps,SRE,MySQL,24,3,2,0,1,18,18,8,1,1,0,0.0,0
EMP-04188,Analytics,Analyst,MySQL,166,18,14,2,2,44,50,9,0,0,1,0.0,0
EMP-04189,Infrastructure,Tech Lead,MySQL,8,15,10,3,0,26,20,2,1,1,1,0.0,0
EMP-04190,Platform,SRE,MySQL,7,13,8,3,1,36,39,5,0,1,0,11.75,0
EMP-04191,Engineering,Analyst,MySQL,46,13,7,4,6,68,35,6,1,0,1,32.92,0
EMP-04192,Analytics,SRE,PostgreSQL,2,12,6,4,1,1,34,8,1,1,1,16.29,0
EMP-04193,Platform,SRE,PostgreSQL,23,20,17,2,4,4,5,5,0,1,1,0.0,0
EMP-04194,Engineering,Platform Engineer,MySQL,155,7,3,3,3,85,26,6,1,0,1,21.4,0
EMP-04195,Finance,SRE,Oracle,65,2,0,0,0,14,29,9,1,1,0,0.0,0
EMP-04196,Finance,Analyst,PostgreSQL,10,5,5,0,4,63,9,5,0,0,0,5.4,0
EMP-04197,Engineering,DBA,PostgreSQL,1,2,1,0,2,16,46,8,0,1,1,30.72,0
EMP-04198,Operations,Manager,PostgreSQL,-24,16,14,1,0,24,3,6,0,0,0,0.0,0
EMP-04199,Operations,DBA,MySQL,149,20,17,2,1,29,38,4,1,1,0,0.0,0
EMP-04200,Infrastructure,DBA,Oracle,43,10,6,3,1,8,36,2,1,1,1,0.0,0
EMP-04201,DevOps,Senior DBA,Oracle,40,20,20,0,2,31,19,8,1,1,0,0.0,0
EMP-04202,Engineering,Developer,MariaDB,37,9,8,1,3,98,9,3,1,0,0,0.0,0
EMP-04203,Platform,Senior Developer,Oracle,87,5,2,3,8,72,12,6,1,0,0,74.17,1
EMP-04204,Analytics,Tech Lead,Oracle,43,20,15,3,7,20,33,2,1,1,1,0.0,0
EMP-04205,Platform,Senior DBA,MySQL,101,4,0,3,0,24,22,4,0,1,0,30.5,0
EMP-04206,Infrastructure,Tech Lead,PostgreSQL,4,9,5,2,7,22,27,9,0,1,0,53.87,0
EMP-04207,Data Science,Senior DBA,MySQL,44,14,10,2,1,17,1,6,0,1,0,0.0,0
EMP-04208,Security,Platform Engineer,Oracle,21,19,12,5,3,92,35,3,1,0,0,0.0,0
EMP-04209,Analytics,Senior Developer,MariaDB,128,10,9,0,5,39,36,10,1,0,0,0.0,0
EMP-04210,Compliance,Tech Lead,MongoDB,84,10,4,4,1,9,30,10,0,1,0,2.98,0
EMP-04211,Engineering,SRE,MySQL,59,18,14,3,2,32,4,7,1,1,1,0.0,0
EMP-04212,Infrastructure,DBA,PostgreSQL,3,7,6,0,2,5,5,8,0,1,1,0.69,0
EMP-04213,Operations,Manager,MySQL,23,17,12,5,4,40,20,6,0,0,1,13.83,0
EMP-04214,Finance,Senior DBA,MySQL,150,16,12,4,2,15,34,9,0,1,0,0.0,0
EMP-04215,Data Science,Tech Lead,Oracle,26,2,1,1,0,27,43,4,1,1,1,0.0,0
EMP-04216,Analytics,Security Engineer,PostgreSQL,154,12,9,2,0,22,14,8,1,1,1,0.0,0
EMP-04217,Operations,Senior DBA,MySQL,161,15,14,0,1,35,9,9,1,1,0,0.0,0
EMP-04218,Security,Analyst,Oracle,-4,16,8,6,8,86,36,2,1,0,0,100.0,1
EMP-04219,Operations,DBA,PostgreSQL,78,13,5,6,1,18,13,3,1,1,0,25.77,0
EMP-04220,DevOps,Analyst,MariaDB,35,3,1,2,0,113,10,3,1,0,0,3.9,0
EMP-04221,Operations,Security Engineer,MySQL,23,5,3,1,2,100,19,2,0,1,1,36.58,0
EMP-04222,DevOps,Platform Engineer,Oracle,19,9,8,1,8,87,15,7,1,0,1,17.47,0
EMP-04223,Data Science,SRE,Oracle,19,17,12,4,3,22,50,3,1,1,0,0.0,0
EMP-04224,Infrastructure,Platform Engineer,MongoDB,16,3,1,2,3,34,34,4,1,0,1,23.36,0
EMP-04225,Analytics,Platform Engineer,PostgreSQL,156,11,5,6,1,74,9,4,1,0,0,22.6,0
EMP-04226,Infrastructure,Security Engineer,Oracle,144,15,11,4,2,8,10,4,1,1,0,0.0,0
EMP-04227,Infrastructure,SRE,PostgreSQL,-9,13,12,1,3,34,5,2,1,1,0,19.91,0
EMP-04228,Analytics,Senior DBA,PostgreSQL,-34,19,17,2,2,12,39,2,0,1,1,34.91,0
EMP-04229,Operations,SRE,Oracle,-21,19,12,6,4,15,2,5,1,1,1,100.0,1
EMP-04230,Infrastructure,Senior DBA,MySQL,113,0,0,0,0,33,13,5,1,1,1,0.0,0
EMP-04231,Engineering,Security Engineer,SQL Server,14,4,3,1,1,75,21,8,1,1,1,0.0,0
EMP-04232,Security,Senior Developer,PostgreSQL,-1,1,1,0,0,24,20,6,1,0,0,1.42,0
EMP-04233,Analytics,Manager,PostgreSQL,95,6,2,2,1,26,39,7,1,0,0,0.0,0
EMP-04234,Compliance,Tech Lead,Oracle,22,19,17,2,8,34,38,7,1,1,1,0.0,0
EMP-04235,Platform,Platform Engineer,MySQL,34,4,3,0,4,91,7,10,1,0,0,0.0,0
EMP-04236,Infrastructure,SRE,SQL Server,48,2,2,0,0,29,23,10,1,1,1,0.0,0
EMP-04237,Finance,DBA,Oracle,90,11,7,4,2,21,9,3,1,1,1,9.85,0
EMP-04238,Security,Analyst,Oracle,114,9,4,4,9,76,14,3,1,0,0,96.12,1
EMP-04239,Operations,Platform Engineer,Oracle,1,18,14,4,2,34,20,4,1,0,1,0.0,0
EMP-04240,Security,SRE,MySQL,169,10,6,2,1,28,24,7,1,1,0,0.0,0
EMP-04241,Operations,Developer,Oracle,27,12,5,6,1,45,1,9,1,0,0,6.97,0
EMP-04242,DevOps,Senior Developer,MongoDB,157,11,6,3,0,76,21,2,1,0,0,0.0,0
EMP-04243,DevOps,Manager,MySQL,6,20,20,0,7,47,30,9,1,0,1,0.0,0
EMP-04244,Compliance,Security Engineer,MySQL,114,18,12,4,2,67,34,4,0,1,0,0.0,0
EMP-04245,Infrastructure,SRE,PostgreSQL,24,6,3,3,0,11,40,5,0,1,0,10.55,0
EMP-04246,Compliance,Senior Developer,PostgreSQL,102,15,12,1,6,8,18,4,0,0,1,0.0,0
EMP-04247,Operations,Senior DBA,MySQL,-17,8,6,1,0,2,47,7,1,1,1,36.79,0
EMP-04248,DevOps,Manager,MongoDB,6,9,2,5,4,15,35,2,1,0,1,75.77,1
EMP-04249,Platform,Manager,MySQL,162,16,12,4,0,117,10,5,0,0,0,0.0,0
EMP-04250,DevOps,Developer,Oracle,106,16,14,2,8,30,29,6,1,0,1,0.0,0
EMP-04251,Analytics,Platform Engineer,Oracle,92,6,5,1,8,19,22,10,0,0,0,23.89,0
EMP-04252,Compliance,DBA,MySQL,127,20,15,3,4,25,26,3,0,1,1,0.0,0
EMP-04253,Finance,Senior DBA,PostgreSQL,124,18,11,5,3,21,4,10,0,1,1,0.0,0
EMP-04254,Finance,Security Engineer,Oracle,103,5,1,3,4,106,33,9,1,1,1,49.4,0
EMP-04255,Compliance,SRE,Oracle,70,6,2,4,3,5,30,10,0,1,1,44.54,0
EMP-04256,Analytics,Manager,PostgreSQL,-31,14,12,2,4,87,20,3,1,0,1,62.88,1
EMP-04257,Infrastructure,Manager,MySQL,19,4,0,2,3,45,26,7,1,0,1,23.06,0
EMP-04258,DevOps,Security Engineer,Oracle,13,15,14,1,0,74,25,10,1,1,0,0.0,0
EMP-04259,Compliance,Senior Developer,PostgreSQL,-31,10,9,1,4,73,19,5,1,0,1,60.94,1
EMP-04260,Security,Platform Engineer,Oracle,66,9,6,1,3,82,39,6,1,0,1,0.0,0
EMP-04261,Infrastructure,Analyst,MongoDB,7,11,5,4,9,112,47,7,0,0,1,100.0,1
EMP-04262,Finance,Developer,Oracle,138,11,7,4,0,12,28,2,0,0,1,3.16,0
EMP-04263,Engineering,DBA,Oracle,158,18,14,3,2,1,44,2,1,1,0,0.0,0
EMP-04264,Data Science,Senior Developer,Oracle,-18,6,1,4,4,22,6,2,0,0,0,100.0,1
EMP-04265,Data Science,Analyst,PostgreSQL,24,18,13,5,3,100,44,2,1,0,0,0.0,0
EMP-04266,Finance,Developer,Oracle,97,6,2,3,7,54,29,8,1,0,0,52.76,0
EMP-04267,Analytics,Security Engineer,Oracle,43,17,16,1,1,100,16,2,0,1,0,0.0,0
EMP-04268,Finance,DBA,Oracle,1,1,0,0,0,1,46,7,0,1,0,17.99,0
EMP-04269,Infrastructure,Senior DBA,PostgreSQL,10,17,17,0,3,6,40,4,1,1,1,0.0,0
EMP-04270,Engineering,Tech Lead,Oracle,-29,11,9,1,1,5,20,7,1,1,1,32.46,0
EMP-04271,Analytics,Manager,MySQL,107,18,12,4,8,108,7,4,1,0,1,33.75,0
EMP-04272,DevOps,SRE,SQL Server,-15,0,0,0,4,10,23,7,1,1,0,92.36,1
EMP-04273,Data Science,Senior DBA,PostgreSQL,141,7,3,4,1,11,27,3,0,1,0,32.4,0
EMP-04274,Security,Security Engineer,PostgreSQL,-35,0,0,0,4,13,34,9,1,1,0,82.08,1
EMP-04275,Analytics,Manager,MySQL,162,18,12,5,3,40,1,4,1,0,1,0.0,0
EMP-04276,Security,Security Engineer,PostgreSQL,12,16,15,1,1,36,48,2,0,1,1,0.0,0
EMP-04277,Operations,Senior Developer,Oracle,8,20,13,6,3,58,46,5,1,0,1,4.55,0
EMP-04278,Data Science,SRE,SQL Server,114,1,0,1,2,30,50,5,1,1,1,12.47,0
EMP-04279,Data Science,SRE,MySQL,3,11,7,3,3,29,14,10,1,1,0,9.23,0
EMP-04280,Security,Senior DBA,MySQL,-37,6,4,0,0,25,15,3,1,1,1,55.15,1
EMP-04281,Infrastructure,DBA,Oracle,11,16,10,6,1,1,28,10,1,1,0,0.0,0
EMP-04282,Data Science,DBA,MySQL,106,8,2,4,0,13,1,5,1,1,1,12.4,0
EMP-04283,Compliance,SRE,MySQL,84,5,3,1,2,21,9,3,0,1,0,11.56,0
EMP-04284,Data Science,Platform Engineer,Oracle,6,3,3,0,4,97,3,9,1,0,1,12.24,0
EMP-04285,Compliance,Senior DBA,Oracle,-1,18,13,5,4,32,26,2,0,1,0,70.92,1
EMP-04286,Analytics,Security Engineer,MariaDB,-21,19,14,4,4,30,8,7,0,1,1,78.28,1
EMP-04287,Analytics,SRE,Oracle,-41,10,8,0,3,8,12,5,0,1,0,69.77,1
EMP-04288,Infrastructure,Developer,MySQL,11,12,5,6,7,43,46,9,1,0,0,62.77,1
EMP-04289,Platform,Senior DBA,PostgreSQL,1,8,5,2,3,25,13,6,1,1,1,28.16,0
EMP-04290,Operations,Manager,Oracle,-14,9,8,0,1,58,19,5,1,0,0,18.35,0
EMP-04291,DevOps,Security Engineer,PostgreSQL,129,17,13,2,0,34,4,4,1,1,0,0.0,0
EMP-04292,DevOps,Senior DBA,SQL Server,74,17,13,4,0,6,44,5,0,1,1,0.0,1
EMP-04293,Compliance,DBA,PostgreSQL,64,5,4,1,3,23,8,3,1,1,0,0.0,0
EMP-04294,DevOps,Senior Developer,PostgreSQL,41,10,3,6,4,15,39,4,1,0,1,57.18,1
EMP-04295,Data Science,Tech Lead,Oracle,89,10,7,1,2,31,48,3,1,1,0,0.0,0
EMP-04296,Operations,DBA,PostgreSQL,-32,3,3,0,3,26,36,7,1,1,1,70.58,1
EMP-04297,Compliance,Tech Lead,MySQL,26,10,5,3,5,13,16,5,1,1,1,32.4,0
EMP-04298,Data Science,Security Engineer,MongoDB,162,16,11,5,3,74,36,9,1,1,0,0.0,0
EMP-04299,DevOps,Manager,PostgreSQL,48,18,13,3,0,116,36,7,1,0,0,0.0,0
EMP-04300,Data Science,Security Engineer,MySQL,134,17,10,5,0,82,30,3,0,1,0,4.46,0
EMP-04301,Operations,Senior DBA,MySQL,111,6,5,1,1,18,33,4,1,1,0,0.0,0
EMP-04302,Operations,Developer,Oracle,-37,18,15,1,6,47,42,7,1,0,1,40.66,0
EMP-04303,DevOps,Security Engineer,MySQL,3,19,14,4,0,8,4,9,1,1,0,0.0,0
EMP-04304,Engineering,Developer,Oracle,144,7,6,1,5,21,9,5,0,0,1,13.3,0
EMP-04305,Infrastructure,Tech Lead,MySQL,132,14,12,0,6,1,23,3,0,1,0,0.0,0
EMP-04306,Infrastructure,Senior DBA,MySQL,21,7,4,2,1,6,38,4,1,1,1,0.0,0
EMP-04307,Analytics,Manager,Oracle,-37,12,9,1,1,27,41,4,1,0,0,32.13,0
EMP-04308,Data Science,Developer,Oracle,7,10,2,6,6,52,9,7,1,0,1,100.0,1
EMP-04309,Operations,Tech Lead,MySQL,-43,7,5,0,3,1,11,5,1,1,1,65.65,1
EMP-04310,DevOps,Security Engineer,Oracle,54,11,9,2,1,17,28,5,0,1,1,0.0,0
EMP-04311,Data Science,Tech Lead,MySQL,26,20,14,4,3,26,3,10,1,1,1,0.0,0
EMP-04312,Security,Analyst,MySQL,8,10,4,5,9,116,36,3,1,0,0,100.0,1
EMP-04313,Platform,Analyst,SQL Server,-40,7,5,0,3,98,35,5,1,0,1,75.38,1
EMP-04314,Analytics,Analyst,MySQL,17,20,15,5,5,58,35,5,1,0,0,0.0,0
EMP-04315,DevOps,Platform Engineer,PostgreSQL,20,16,15,1,5,55,48,2,0,0,1,0.0,0
EMP-04316,Infrastructure,SRE,MySQL,-31,9,4,3,0,16,3,6,0,1,1,94.33,1
EMP-04317,Security,Developer,PostgreSQL,35,3,1,0,7,59,3,4,0,0,0,49.02,0
EMP-04318,Infrastructure,Manager,MySQL,0,13,7,5,1,10,15,2,1,0,1,36.46,0
EMP-04319,Engineering,Senior DBA,MySQL,9,10,7,2,3,10,11,3,0,1,1,20.96,0
EMP-04320,DevOps,Platform Engineer,PostgreSQL,-22,0,0,0,2,23,1,2,1,0,0,82.04,1
EMP-04321,Security,SRE,MariaDB,7,18,11,6,4,36,38,2,0,1,0,62.96,1
EMP-04322,Platform,Manager,MySQL,72,15,14,1,6,56,22,7,1,0,1,0.0,0
EMP-04323,Platform,Security Engineer,Oracle,-38,1,1,0,0,18,3,9,0,1,0,72.59,0
EMP-04324,Security,Senior Developer,PostgreSQL,6,18,15,1,1,9,40,6,1,0,1,0.0,0
EMP-04325,Finance,Manager,MySQL,-20,1,0,1,2,49,42,6,1,0,1,93.15,1
EMP-04326,Analytics,Analyst,PostgreSQL,-4,14,13,0,1,98,34,2,1,0,1,0.0,0
EMP-04327,Infrastructure,Senior DBA,Oracle,4,9,6,1,4,18,21,7,1,1,0,1.29,0
EMP-04328,DevOps,Analyst,SQL Server,-31,16,15,0,11,73,36,7,1,0,0,70.5,1
EMP-04329,Infrastructure,Analyst,MySQL,173,17,10,6,2,110,42,3,0,0,0,29.54,0
EMP-04330,Infrastructure,Developer,MySQL,176,8,6,2,8,45,39,2,1,0,1,45.56,0
EMP-04331,Analytics,SRE,PostgreSQL,120,18,16,2,2,28,47,9,1,1,0,0.0,0
EMP-04332,Analytics,Senior DBA,Oracle,140,17,15,2,1,1,43,3,0,1,0,0.0,0
EMP-04333,Operations,Platform Engineer,PostgreSQL,5,10,4,4,6,90,45,3,1,0,0,76.59,1
EMP-04334,Analytics,SRE,PostgreSQL,164,13,12,0,3,35,42,8,0,1,0,0.0,1
EMP-04335,Platform,Developer,MySQL,9,4,2,2,3,51,24,5,1,0,1,23.94,0
EMP-04336,Data Science,DBA,MySQL,108,5,3,1,0,34,5,6,1,1,1,0.0,0
EMP-04337,Engineering,Analyst,SQL Server,60,3,0,2,2,114,41,9,1,0,1,13.78,0
EMP-04338,Data Science,Security Engineer,Oracle,136,11,5,6,3,8,18,8,1,1,1,36.99,0
EMP-04339,Data Science,Tech Lead,Oracle,6,17,12,3,1,35,7,7,1,1,0,0.0,0
EMP-04340,Data Science,Tech Lead,Oracle,25,18,18,0,6,12,18,8,1,1,0,0.0,0
EMP-04341,DevOps,Manager,PostgreSQL,173,12,8,3,4,114,9,8,0,0,0,9.14,0
EMP-04342,Engineering,Developer,MongoDB,124,13,8,4,7,9,12,7,1,0,1,21.43,0
EMP-04343,Infrastructure,SRE,MySQL,24,18,16,0,1,26,33,5,0,1,1,0.0,0
EMP-04344,Engineering,Manager,PostgreSQL,7,6,3,1,2,9,36,2,1,0,1,14.55,1
EMP-04345,Engineering,DBA,MySQL,152,16,14,0,0,32,2,8,1,1,1,0.0,0
EMP-04346,Platform,Tech Lead,PostgreSQL,13,9,7,0,7,26,27,10,1,1,1,0.0,0
EMP-04347,Engineering,Security Engineer,PostgreSQL,8,20,14,4,2,115,38,9,1,1,1,0.0,0
EMP-04348,DevOps,Senior Developer,MySQL,141,13,7,6,6,87,45,5,1,0,0,55.19,1
EMP-04349,DevOps,Senior Developer,Oracle,91,5,3,0,8,61,10,7,1,0,1,30.36,0
EMP-04350,DevOps,Platform Engineer,Oracle,10,10,2,6,0,65,15,2,0,0,1,81.05,0
EMP-04351,DevOps,Tech Lead,SQL Server,28,14,11,2,2,11,30,7,1,1,0,0.0,0
EMP-04352,DevOps,SRE,Oracle,159,17,17,0,4,8,41,10,0,1,0,0.0,0
EMP-04353,Engineering,Analyst,PostgreSQL,133,0,0,0,11,104,7,9,0,0,0,78.53,1
EMP-04354,Security,Tech Lead,MySQL,-38,14,13,1,4,25,47,8,0,1,1,48.65,0
EMP-04355,Finance,SRE,Oracle,53,20,17,3,1,6,48,10,0,1,0,0.0,0
EMP-04356,Security,Security Engineer,PostgreSQL,117,13,11,0,1,34,20,4,1,1,0,0.0,0
EMP-04357,Data Science,Developer,Oracle,42,18,10,6,0,65,2,10,1,0,0,0.0,0
EMP-04358,Engineering,Manager,SQL Server,59,12,10,2,4,56,10,7,0,0,0,0.0,0
EMP-04359,Finance,Senior DBA,Oracle,-20,5,4,0,0,14,2,2,0,1,0,79.4,1
EMP-04360,Compliance,Analyst,Oracle,38,11,4,5,9,86,42,9,0,0,1,100.0,1
EMP-04361,Analytics,Developer,MongoDB,169,11,11,0,5,48,32,8,0,0,0,0.0,0
EMP-04362,Data Science,Senior DBA,PostgreSQL,43,11,5,4,3,3,2,10,1,1,0,0.0,0
EMP-04363,Analytics,Senior DBA,MySQL,20,1,1,0,1,6,12,7,1,1,1,0.0,0
EMP-04364,Infrastructure,Analyst,Oracle,78,15,10,4,7,107,42,2,1,0,0,43.24,0
EMP-04365,DevOps,Analyst,MySQL,29,3,2,0,2,115,27,3,1,0,1,4.27,0
EMP-04366,Engineering,Platform Engineer,PostgreSQL,161,18,16,2,3,30,15,5,1,0,1,0.0,0
EMP-04367,Security,Analyst,PostgreSQL,0,10,6,2,10,62,5,7,1,0,0,70.81,1
EMP-04368,Compliance,Manager,PostgreSQL,131,0,0,0,6,8,18,2,0,0,1,51.46,0
EMP-04369,Data Science,DBA,MySQL,64,1,0,1,0,12,22,3,1,1,0,0.0,0
EMP-04370,Platform,DBA,Oracle,23,6,2,3,1,33,40,4,1,1,1,23.93,0
EMP-04371,Data Science,Manager,PostgreSQL,144,6,5,0,2,98,40,10,1,0,0,0.0,0
EMP-04372,Operations,Senior DBA,MariaDB,7,4,1,2,3,15,4,3,1,1,0,45.75,0
EMP-04373,Infrastructure,Senior Developer,PostgreSQL,58,4,0,3,6,77,13,7,1,0,0,52.94,0
EMP-04374,Data Science,Tech Lead,MySQL,37,1,0,1,0,33,50,10,1,1,1,0.0,0
EMP-04375,Platform,Platform Engineer,Oracle,60,17,11,6,1,55,7,2,1,0,0,0.0,0
EMP-04376,Infrastructure,Senior DBA,Oracle,-24,0,0,0,3,4,31,5,1,1,0,100.0,1
EMP-04377,Analytics,Analyst,Oracle,44,14,11,3,0,102,13,10,1,0,1,0.0,0
EMP-04378,Engineering,Tech Lead,Oracle,0,5,3,0,4,3,2,2,1,1,1,45.35,0
EMP-04379,Data Science,Security Engineer,PostgreSQL,67,15,15,0,2,57,35,4,0,1,0,0.0,0
EMP-04380,Security,SRE,PostgreSQL,166,4,1,3,1,2,21,6,1,1,0,5.03,0
EMP-04381,Engineering,Tech Lead,Oracle,3,4,2,2,6,13,1,5,0,1,0,100.0,1
EMP-04382,Analytics,Security Engineer,Oracle,73,0,0,0,4,58,39,5,1,1,0,19.5,0
EMP-04383,Engineering,SRE,Oracle,141,9,9,0,1,34,3,4,1,1,0,0.0,0
EMP-04384,Analytics,DBA,MariaDB,62,11,10,0,4,24,47,6,0,1,1,0.0,0
EMP-04385,Finance,Security Engineer,MariaDB,5,15,10,3,2,35,47,7,1,1,0,0.0,0
EMP-04386,Compliance,Tech Lead,MySQL,1,18,17,1,6,9,17,10,1,1,1,0.0,0
EMP-04387,DevOps,Senior DBA,MariaDB,3,2,0,1,2,10,2,7,1,1,1,33.28,0
EMP-04388,Compliance,Analyst,MongoDB,89,6,3,1,8,81,41,4,1,0,1,45.73,0
EMP-04389,Engineering,Platform Engineer,PostgreSQL,-38,10,10,0,3,76,3,2,0,0,0,58.03,1
EMP-04390,Operations,Analyst,SQL Server,45,0,0,0,8,45,18,8,0,0,0,53.09,0
EMP-04391,Operations,Security Engineer,MySQL,-8,20,15,3,1,21,12,4,1,1,0,0.0,0
EMP-04392,Operations,Analyst,MariaDB,67,7,2,3,4,100,20,7,1,0,0,28.5,0
EMP-04393,Analytics,Tech Lead,PostgreSQL,94,4,4,0,6,25,48,8,1,1,0,0.0,0
EMP-04394,Compliance,Analyst,Oracle,9,0,0,0,3,19,18,7,0,0,0,16.41,0
EMP-04395,Security,DBA,Oracle,5,2,1,1,1,34,17,4,1,1,0,19.5,0
EMP-04396,Security,Senior Developer,Oracle,43,15,9,6,8,27,17,5,0,0,0,81.0,1
EMP-04397,Compliance,Senior Developer,MariaDB,17,14,7,5,7,65,16,5,1,0,1,58.78,1
EMP-04398,Platform,Analyst,Oracle,10,6,0,4,5,13,45,9,0,0,1,84.41,1
EMP-04399,Finance,Platform Engineer,MySQL,104,11,8,2,0,30,24,5,1,0,0,0.0,0
EMP-04400,Operations,Security Engineer,SQL Server,10,14,8,5,0,33,19,6,1,1,1,0.0,1
EMP-04401,Finance,Senior Developer,MySQL,-9,7,7,0,3,65,9,2,1,0,0,36.48,0
EMP-04402,Compliance,Senior Developer,PostgreSQL,12,4,0,3,8,92,38,2,1,0,1,100.0,1
EMP-04403,Engineering,Senior DBA,Oracle,4,8,2,4,3,20,12,5,1,1,1,71.78,1
EMP-04404,Platform,DBA,Oracle,14,5,2,2,1,14,42,4,0,1,1,28.8,0
EMP-04405,DevOps,Tech Lead,MySQL,171,20,16,2,4,2,47,8,0,1,0,0.0,0
EMP-04406,Data Science,Platform Engineer,MySQL,159,4,3,1,4,66,41,3,1,0,0,10.12,0
EMP-04407,Platform,DBA,Oracle,10,4,0,2,3,30,12,7,0,1,1,58.51,1
EMP-04408,Analytics,Senior DBA,Oracle,12,14,11,1,0,1,2,9,0,1,0,0.0,0
EMP-04409,Operations,Senior Developer,Oracle,48,13,10,1,0,32,34,10,1,0,0,0.0,0
EMP-04410,Infrastructure,Platform Engineer,Oracle,29,3,1,0,5,31,33,6,1,0,0,9.8,0
EMP-04411,Engineering,Developer,Oracle,9,14,9,5,0,64,43,2,1,0,1,0.38,0
EMP-04412,Platform,Tech Lead,PostgreSQL,87,19,14,4,7,16,6,7,1,1,1,0.0,0
EMP-04413,Infrastructure,Developer,MySQL,30,14,11,3,0,80,25,4,1,0,1,0.0,0
EMP-04414,Data Science,Tech Lead,MariaDB,109,8,6,0,4,3,12,6,1,1,0,0.0,0
EMP-04415,Operations,Platform Engineer,Oracle,14,3,1,2,6,45,18,8,1,0,1,46.65,0
EMP-04416,Infrastructure,Security Engineer,Oracle,59,5,1,3,4,116,43,6,0,1,1,83.85,1
EMP-04417,Finance,Senior Developer,MySQL,5,7,2,3,3,91,26,2,0,0,0,76.27,1
EMP-04418,Infrastructure,Analyst,MongoDB,31,20,13,5,10,74,2,9,0,0,1,47.06,0
EMP-04419,Compliance,Security Engineer,PostgreSQL,6,13,9,4,4,85,32,8,1,1,1,26.98,0
EMP-04420,Security,Senior DBA,MySQL,-7,3,0,1,4,6,11,9,0,1,1,91.38,1
EMP-04421,Compliance,Security Engineer,PostgreSQL,28,13,12,0,2,96,34,6,1,1,1,0.0,0
EMP-04422,Analytics,Tech Lead,MySQL,-1,19,15,3,2,6,40,10,1,1,1,0.0,0
EMP-04423,DevOps,Tech Lead,Oracle,141,4,0,3,3,17,12,5,1,1,1,47.13,0
EMP-04424,Operations,SRE,Oracle,5,9,3,5,2,1,19,6,0,1,1,80.67,1
EMP-04425,Compliance,Manager,PostgreSQL,29,19,16,3,4,21,36,2,0,0,0,0.0,0
EMP-04426,Operations,Senior DBA,MySQL,22,18,16,1,3,33,2,7,0,1,0,0.0,0
EMP-04427,DevOps,Tech Lead,PostgreSQL,34,13,8,3,8,10,16,10,1,1,0,12.79,0
EMP-04428,Security,SRE,MySQL,30,17,15,0,4,3,24,3,1,1,0,0.0,0
EMP-04429,Data Science,Developer,MySQL,52,4,4,0,0,13,7,5,0,0,1,0.0,0
EMP-04430,DevOps,Tech Lead,PostgreSQL,34,9,5,2,3,25,50,7,1,1,1,0.0,0
EMP-04431,Security,SRE,PostgreSQL,23,6,2,4,0,8,40,10,0,1,1,15.36,0
EMP-04432,Engineering,Manager,PostgreSQL,-31,11,5,6,4,71,37,2,1,0,1,100.0,1
EMP-04433,Finance,Platform Engineer,Oracle,-25,9,7,0,3,100,26,9,0,0,0,66.8,1
EMP-04434,Analytics,Analyst,MySQL,169,1,0,0,8,61,34,3,0,0,0,70.4,1
EMP-04435,Data Science,SRE,SQL Server,0,11,6,4,3,32,42,7,1,1,0,39.02,0
EMP-04436,Analytics,Manager,MySQL,-44,0,0,0,5,59,45,4,1,0,0,100.0,1
EMP-04437,Infrastructure,Analyst,MySQL,5,11,3,6,2,82,43,7,1,0,0,57.46,1
EMP-04438,DevOps,Developer,SQL Server,92,2,0,0,0,96,7,9,1,0,1,0.0,0
EMP-04439,Engineering,Security Engineer,Oracle,2,7,3,2,0,109,42,9,1,1,1,18.86,0
EMP-04440,Engineering,Manager,Oracle,163,12,7,3,5,12,35,4,1,0,1,13.51,0
EMP-04441,Infrastructure,Tech Lead,MySQL,18,5,1,2,8,21,6,6,0,1,0,82.06,1
EMP-04442,Finance,Security Engineer,MySQL,66,3,1,0,1,102,45,8,1,1,1,0.0,0
EMP-04443,Operations,DBA,Oracle,4,1,0,1,0,3,7,4,1,1,1,17.75,0
EMP-04444,Platform,Analyst,PostgreSQL,18,6,6,0,5,45,41,3,1,0,0,0.0,0
EMP-04445,Finance,Security Engineer,Oracle,66,6,2,2,1,21,16,8,1,1,0,0.0,0
EMP-04446,Platform,Security Engineer,PostgreSQL,22,9,8,0,2,48,31,6,1,1,1,0.0,0
EMP-04447,Security,Security Engineer,MongoDB,78,3,0,1,0,28,23,4,1,1,0,0.0,0
EMP-04448,DevOps,Developer,PostgreSQL,20,1,0,0,8,82,41,10,1,0,0,33.21,0
EMP-04449,Platform,DBA,PostgreSQL,-41,12,7,5,3,24,37,3,1,1,0,100.0,1
EMP-04450,Infrastructure,Analyst,PostgreSQL,27,9,9,0,8,107,38,7,1,0,1,1.05,0
EMP-04451,Security,Manager,MySQL,173,19,13,4,3,37,18,8,1,0,0,0.0,0
EMP-04452,DevOps,Senior DBA,PostgreSQL,-44,2,0,2,2,22,39,9,1,1,1,92.82,1
EMP-04453,Security,Developer,PostgreSQL,-27,19,12,6,1,119,22,2,0,0,1,100.0,1
EMP-04454,Security,Senior Developer,MySQL,126,0,0,0,6,29,24,2,1,0,0,33.23,0
EMP-04455,Operations,Senior Developer,PostgreSQL,167,17,11,6,2,15,29,3,0,0,1,14.9,0
EMP-04456,Finance,Senior DBA,MySQL,103,7,5,1,4,33,19,9,0,1,0,0.0,0
EMP-04457,Security,SRE,MySQL,14,12,11,1,0,2,25,8,1,1,0,0.0,0
EMP-04458,DevOps,Senior Developer,PostgreSQL,6,1,0,0,6,94,10,4,1,0,1,60.52,1
EMP-04459,Infrastructure,Tech Lead,SQL Server,5,14,9,4,7,18,3,8,0,1,1,66.81,1
EMP-04460,Operations,Security Engineer,Oracle,144,2,1,0,0,86,3,5,0,1,0,0.0,0
EMP-04461,Platform,Senior Developer,MongoDB,32,7,2,4,4,38,22,4,1,0,0,37.39,0
EMP-04462,Security,Senior Developer,PostgreSQL,32,14,7,5,1,78,21,5,1,0,0,0.0,0
EMP-04463,Engineering,Senior Developer,MySQL,28,4,0,2,0,69,36,4,1,0,1,10.06,0
EMP-04464,Platform,Senior DBA,Oracle,164,2,0,2,0,26,10,9,0,1,0,2.64,0
EMP-04465,Security,Security Engineer,MySQL,130,10,8,0,3,83,23,8,1,1,1,0.0,0
EMP-04466,Platform,Manager,Oracle,-23,2,2,0,2,22,39,7,1,0,1,72.11,1
EMP-04467,Infrastructure,Security Engineer,Oracle,167,0,0,0,2,55,50,10,1,1,1,0.0,0
EMP-04468,Analytics,Senior Developer,MySQL,44,11,7,2,4,76,50,7,0,0,1,8.58,0
EMP-04469,Infrastructure,Manager,PostgreSQL,78,11,8,3,1,45,31,8,0,0,0,0.0,0
EMP-04470,Analytics,SRE,PostgreSQL,12,19,19,0,0,13,29,7,1,1,0,0.0,0
EMP-04471,Infrastructure,SRE,Oracle,112,11,8,3,4,15,32,3,0,1,0,23.79,1
EMP-04472,Finance,DBA,MongoDB,120,6,5,1,1,21,7,5,0,1,0,0.0,0
EMP-04473,Finance,Platform Engineer,Oracle,51,4,1,3,0,11,43,4,0,0,0,16.79,0
EMP-04474,Infrastructure,Platform Engineer,MariaDB,14,10,10,0,3,35,8,10,1,0,1,0.0,0
EMP-04475,Engineering,Senior DBA,Oracle,84,8,4,3,2,26,49,3,1,1,0,11.84,0
EMP-04476,Security,Platform Engineer,Oracle,84,9,7,2,4,91,34,7,1,0,1,0.0,0
EMP-04477,Finance,DBA,Oracle,68,19,14,3,0,3,18,3,1,1,0,0.0,0
EMP-04478,Data Science,Analyst,Oracle,6,0,0,0,11,74,11,10,1,0,1,97.51,1
EMP-04479,Compliance,Manager,Oracle,82,11,6,4,1,9,34,10,1,0,1,0.0,0
EMP-04480,Operations,SRE,MySQL,24,18,14,4,4,23,28,9,1,1,0,0.0,0
EMP-04481,Engineering,Senior Developer,MongoDB,87,11,5,6,2,32,24,4,1,0,0,24.0,0
EMP-04482,Data Science,Developer,PostgreSQL,118,19,16,3,2,88,15,10,0,0,0,0.0,0
EMP-04483,Security,Manager,MySQL,161,7,6,0,4,51,37,7,0,0,0,0.0,0
EMP-04484,Infrastructure,Senior DBA,PostgreSQL,0,15,13,0,4,34,16,6,1,1,0,0.0,0
EMP-04485,Operations,Developer,PostgreSQL,69,17,12,3,2,118,30,6,1,0,1,0.0,0
EMP-04486,Engineering,Tech Lead,MongoDB,11,15,11,4,0,30,43,8,0,1,1,0.0,0
EMP-04487,Data Science,Tech Lead,Oracle,135,4,2,1,2,9,12,8,0,1,0,0.0,0
EMP-04488,Data Science,SRE,PostgreSQL,-30,8,3,5,0,19,36,10,0,1,1,100.0,1
EMP-04489,Engineering,Analyst,MySQL,131,7,3,4,5,89,9,9,0,0,0,52.48,0
EMP-04490,DevOps,Senior Developer,MySQL,157,8,6,0,5,115,21,10,1,0,1,0.0,0
EMP-04491,Platform,Developer,Oracle,23,9,7,0,1,26,9,10,1,0,1,0.0,0
EMP-04492,Compliance,Analyst,Oracle,131,8,6,0,7,69,42,3,1,0,0,9.85,0
EMP-04493,Analytics,Senior DBA,MySQL,3,5,5,0,1,34,19,7,1,1,0,0.0,0
EMP-04494,Platform,SRE,Oracle,166,1,0,1,0,15,40,7,1,1,1,0.0,0
EMP-04495,Engineering,Security Engineer,MariaDB,15,2,0,0,0,108,21,9,0,1,1,2.21,0
EMP-04496,Operations,DBA,Oracle,65,12,10,2,3,18,5,9,1,1,1,0.0,0
EMP-04497,Infrastructure,Security Engineer,MySQL,157,7,1,4,4,19,32,5,0,1,0,67.27,1
EMP-04498,Security,DBA,PostgreSQL,132,8,3,3,0,7,13,4,1,1,0,0.0,0
EMP-04499,Security,Platform Engineer,PostgreSQL,104,2,0,1,1,98,19,7,0,0,0,9.3,0
EMP-04500,Operations,SRE,PostgreSQL,-13,18,14,3,2,24,36,10,0,1,1,27.07,0
EMP-04501,Compliance,Manager,PostgreSQL,-27,4,2,1,8,66,31,7,1,0,0,100.0,1
EMP-04502,Data Science,Senior DBA,MySQL,170,5,3,2,0,27,19,10,1,1,0,0.0,1
EMP-04503,Analytics,DBA,Oracle,14,19,13,4,3,28,47,8,1,1,1,0.0,0
EMP-04504,Security,DBA,MySQL,139,14,14,0,1,18,49,9,1,1,0,0.0,0
EMP-04505,Security,Senior DBA,Oracle,16,9,8,1,2,29,40,5,0,1,0,0.0,0
EMP-04506,Compliance,Manager,Oracle,21,11,5,4,4,56,7,5,1,0,0,30.67,0
EMP-04507,Operations,DBA,PostgreSQL,-13,15,14,1,4,16,16,3,1,1,0,22.64,0
EMP-04508,Engineering,DBA,MySQL,83,20,19,0,0,13,40,5,1,1,1,0.0,0
EMP-04509,Infrastructure,Analyst,MySQL,89,17,14,1,9,38,42,2,0,0,0,6.54,0
EMP-04510,Analytics,Security Engineer,MySQL,111,3,0,2,1,39,12,9,1,1,1,1.19,1
EMP-04511,Operations,SRE,PostgreSQL,54,13,10,1,0,32,36,9,1,1,1,0.0,0
EMP-04512,Engineering,Senior DBA,SQL Server,175,9,8,1,2,23,42,3,1,1,1,0.0,0
EMP-04513,Engineering,SRE,PostgreSQL,33,7,5,1,1,11,10,5,1,1,1,0.0,1
EMP-04514,DevOps,Manager,MySQL,120,4,0,2,0,40,46,2,0,0,0,20.83,0
EMP-04515,Platform,Manager,Oracle,2,0,0,0,2,24,21,8,1,0,1,15.52,0
EMP-04516,Compliance,Platform Engineer,Oracle,42,13,10,3,1,90,35,3,0,0,0,0.0,0
EMP-04517,DevOps,SRE,Oracle,153,8,6,2,2,34,27,2,1,1,1,0.0,0
EMP-04518,Data Science,Senior Developer,PostgreSQL,100,9,4,5,4,120,43,6,1,0,1,48.92,0
EMP-04519,DevOps,Analyst,PostgreSQL,39,5,2,2,3,50,42,10,1,0,1,0.0,0
EMP-04520,Security,DBA,PostgreSQL,112,15,11,3,1,29,13,10,1,1,0,0.0,0
EMP-04521,Analytics,Senior DBA,SQL Server,-45,0,0,0,0,34,32,5,1,1,0,70.83,1
EMP-04522,Operations,SRE,Oracle,162,17,13,2,1,1,7,4,0,1,1,0.0,0
EMP-04523,Operations,Senior Developer,PostgreSQL,-13,19,15,2,2,48,12,3,1,0,1,12.82,0
EMP-04524,Security,Analyst,PostgreSQL,109,15,12,2,5,30,48,2,1,0,0,0.0,0
EMP-04525,Analytics,SRE,MySQL,134,17,13,4,0,31,48,10,0,1,0,0.0,0
EMP-04526,Infrastructure,SRE,MySQL,8,6,3,3,0,20,29,3,1,1,0,7.42,0
EMP-04527,Security,Security Engineer,PostgreSQL,31,19,13,5,2,72,2,2,1,1,1,0.0,0
EMP-04528,Data Science,SRE,Oracle,-23,11,10,0,0,1,43,7,1,1,0,0.0,0
EMP-04529,Compliance,DBA,MariaDB,12,6,4,1,0,28,44,6,1,1,1,0.0,0
EMP-04530,Engineering,Senior DBA,PostgreSQL,144,16,14,0,0,33,20,2,1,1,0,0.0,0
EMP-04531,Security,Analyst,Oracle,119,4,4,0,8,42,23,9,1,0,1,12.22,0
EMP-04532,Platform,Tech Lead,Oracle,8,1,0,1,5,9,1,6,1,1,1,48.66,0
EMP-04533,Platform,DBA,PostgreSQL,151,13,13,0,4,30,8,6,1,1,1,0.0,0
EMP-04534,DevOps,Platform Engineer,Oracle,80,2,1,0,0,43,3,5,1,0,1,0.0,0
EMP-04535,Engineering,Developer,MySQL,154,7,5,2,2,76,31,9,1,0,0,0.0,0
EMP-04536,Engineering,Platform Engineer,Oracle,171,2,2,0,5,113,2,4,0,0,1,47.7,0
EMP-04537,Infrastructure,Senior Developer,MongoDB,24,1,0,0,5,32,9,7,0,0,1,31.65,0
EMP-04538,DevOps,Analyst,PostgreSQL,-36,15,11,2,1,112,21,3,1,0,0,40.69,0
EMP-04539,Data Science,Senior DBA,MongoDB,179,2,0,1,0,18,28,6,1,1,1,0.0,0
EMP-04540,Compliance,SRE,MySQL,50,19,12,6,0,30,25,2,0,1,1,5.38,0
EMP-04541,Finance,Senior Developer,Oracle,32,18,11,5,3,81,42,7,1,0,1,0.0,0
EMP-04542,Compliance,DBA,PostgreSQL,76,5,2,3,4,32,27,7,1,1,1,31.51,0
EMP-04543,Operations,Security Engineer,PostgreSQL,67,12,7,5,1,32,24,8,1,1,1,0.0,0
EMP-04544,DevOps,Manager,Oracle,123,13,8,3,1,47,40,4,0,0,1,0.0,0
EMP-04545,Compliance,SRE,Oracle,12,10,5,4,4,21,25,4,0,1,0,61.02,1
EMP-04546,Infrastructure,Platform Engineer,PostgreSQL,-35,11,7,3,6,88,47,9,0,0,1,100.0,1
EMP-04547,Engineering,Senior Developer,PostgreSQL,111,16,14,0,0,42,34,6,0,0,1,0.0,0
EMP-04548,Data Science,SRE,MySQL,23,0,0,0,4,25,14,6,0,1,0,30.65,0
EMP-04549,Data Science,Analyst,Oracle,98,16,11,5,9,76,34,9,0,0,0,57.02,1
EMP-04550,Engineering,Manager,MySQL,93,8,5,1,5,80,45,8,1,0,1,0.0,0
EMP-04551,Compliance,DBA,SQL Server,-45,5,2,3,0,19,50,5,0,1,1,100.0,1
EMP-04552,Operations,Platform Engineer,MySQL,131,2,0,2,4,35,19,2,1,0,1,44.1,0
EMP-04553,Data Science,Security Engineer,Oracle,29,18,16,2,0,59,15,3,1,1,1,0.0,0
EMP-04554,Operations,Security Engineer,PostgreSQL,-38,17,11,4,0,29,39,4,1,1,1,51.52,0
EMP-04555,Analytics,Analyst,Oracle,0,19,18,0,1,72,6,7,1,0,0,0.0,0
EMP-04556,Finance,Security Engineer,MySQL,12,0,0,0,0,68,15,5,1,1,1,0.0,0
EMP-04557,Operations,Platform Engineer,MongoDB,31,10,7,2,6,96,43,8,0,0,1,23.4,0
EMP-04558,Engineering,Senior Developer,MySQL,-21,3,1,1,6,86,1,9,1,0,0,100.0,1
EMP-04559,Analytics,Platform Engineer,PostgreSQL,70,20,18,2,5,64,38,8,1,0,0,0.0,0
EMP-04560,Operations,Security Engineer,PostgreSQL,6,15,15,0,3,15,34,8,1,1,0,0.0,0
EMP-04561,Data Science,SRE,SQL Server,-39,0,0,0,1,34,47,9,1,1,1,71.88,1
EMP-04562,Security,Developer,Oracle,99,16,14,1,6,51,2,10,0,0,0,0.0,0
EMP-04563,Engineering,DBA,Oracle,4,17,12,4,3,33,27,6,0,1,1,21.63,0
EMP-04564,DevOps,Platform Engineer,MySQL,10,16,10,6,0,41,34,3,0,0,0,9.48,0
EMP-04565,Operations,Manager,MySQL,122,14,9,3,5,39,6,2,0,0,0,22.69,0
EMP-04566,Platform,Analyst,Oracle,19,11,3,6,6,30,34,4,0,0,0,100.0,1
EMP-04567,Infrastructure,Tech Lead,PostgreSQL,7,1,0,1,2,22,8,2,0,1,1,58.15,1
EMP-04568,Engineering,SRE,Oracle,138,19,17,1,2,21,30,7,1,1,1,0.0,0
EMP-04569,Security,Security Engineer,SQL Server,102,4,4,0,1,88,41,8,0,1,1,0.0,0
EMP-04570,Data Science,Manager,PostgreSQL,107,4,0,3,0,47,30,6,0,0,0,17.91,0
EMP-04571,Platform,Senior Developer,PostgreSQL,64,10,3,6,6,71,11,9,1,0,1,65.41,1
EMP-04572,Operations,Security Engineer,MySQL,18,16,12,3,4,31,46,6,1,1,1,0.0,0
EMP-04573,Engineering,Developer,PostgreSQL,57,3,2,1,8,58,17,5,1,0,0,41.76,0
EMP-04574,Finance,DBA,MySQL,0,5,4,0,4,31,29,7,1,1,1,20.02,0
EMP-04575,Finance,Platform Engineer,Oracle,16,15,11,2,8,115,7,7,1,0,1,14.11,0
EMP-04576,Infrastructure,Senior DBA,MySQL,92,13,8,5,2,15,50,7,0,1,0,10.69,0
EMP-04577,Security,Manager,MySQL,92,18,17,0,4,68,33,9,0,0,0,0.0,0
EMP-04578,Engineering,Platform Engineer,Oracle,-10,16,9,6,3,93,5,9,1,0,1,90.92,1
EMP-04579,Operations,Senior Developer,PostgreSQL,-5,17,9,6,0,106,45,6,1,0,1,46.99,0
EMP-04580,Data Science,Manager,Oracle,87,13,9,2,4,31,19,9,1,0,0,0.0,0
EMP-04581,Finance,SRE,PostgreSQL,45,3,1,0,1,2,38,6,1,1,1,0.0,0
EMP-04582,Analytics,Analyst,MySQL,-23,20,13,5,0,107,48,3,1,0,1,60.1,0
EMP-04583,Platform,Security Engineer,SQL Server,17,20,18,0,3,10,45,4,1,1,0,0.0,0
EMP-04584,Analytics,DBA,Oracle,115,18,14,2,4,15,30,3,1,1,0,0.0,0
EMP-04585,DevOps,SRE,MySQL,6,3,3,0,2,15,23,7,1,1,1,0.0,0
EMP-04586,DevOps,Senior Developer,MongoDB,146,1,0,0,5,90,45,4,0,0,1,45.11,0
EMP-04587,Data Science,SRE,MariaDB,128,17,9,6,4,3,16,5,1,1,0,20.52,0
EMP-04588,Security,Developer,MySQL,2,2,0,2,7,67,42,6,1,0,1,93.77,1
EMP-04589,Finance,Developer,MongoDB,99,19,14,5,1,46,35,5,0,0,0,0.0,0
EMP-04590,Finance,Developer,Oracle,9,3,1,1,2,77,38,3,0,0,0,37.64,0
EMP-04591,Security,Analyst,MySQL,59,15,10,5,11,72,15,10,1,0,1,57.5,1
EMP-04592,DevOps,Analyst,Oracle,29,18,15,2,11,96,7,10,1,0,0,0.0,0
EMP-04593,Security,Platform Engineer,SQL Server,94,5,1,2,8,99,33,8,1,0,1,65.56,1
EMP-04594,Security,Tech Lead,MySQL,106,8,2,5,5,1,39,3,1,1,0,67.65,1
EMP-04595,Engineering,Security Engineer,Oracle,0,6,0,4,0,53,24,2,0,1,0,97.44,1
EMP-04596,Infrastructure,Tech Lead,PostgreSQL,61,11,11,0,2,31,8,4,1,1,1,0.0,0
EMP-04597,Engineering,Developer,MySQL,134,19,15,3,6,119,27,9,1,0,1,0.0,0
EMP-04598,Infrastructure,Developer,Oracle,52,5,3,0,5,81,47,5,1,0,1,10.71,0
EMP-04599,Compliance,Analyst,Oracle,83,15,9,4,9,62,13,9,0,0,1,62.72,1
EMP-04600,Infrastructure,Senior Developer,PostgreSQL,-5,18,13,5,6,103,10,5,0,0,1,85.04,1
EMP-04601,Finance,Platform Engineer,Oracle,147,9,7,2,8,39,4,8,0,0,1,41.04,0
EMP-04602,DevOps,Senior Developer,Oracle,4,7,1,4,4,95,25,5,0,0,1,100.0,1
EMP-04603,Compliance,Security Engineer,MySQL,109,17,16,1,0,20,13,10,0,1,1,0.0,1
EMP-04604,Infrastructure,Security Engineer,Oracle,3,4,3,0,3,120,44,5,1,1,1,42.55,0
EMP-04605,Finance,Senior DBA,MariaDB,109,12,8,3,2,10,16,5,1,1,1,0.0,0
EMP-04606,DevOps,Senior DBA,Oracle,104,18,17,1,3,34,41,3,1,1,0,0.0,0
EMP-04607,Data Science,Platform Engineer,SQL Server,27,0,0,0,5,52,48,5,0,0,1,47.34,0
EMP-04608,DevOps,Security Engineer,PostgreSQL,-39,7,4,1,2,78,40,5,0,1,1,97.73,1
EMP-04609,Finance,DBA,MySQL,8,16,11,3,4,1,42,8,1,1,1,0.0,0
EMP-04610,Data Science,Developer,MySQL,-17,8,7,0,1,66,44,10,1,0,1,19.62,0
EMP-04611,Data Science,DBA,Oracle,148,0,0,0,3,25,32,3,0,1,1,39.27,0
EMP-04612,Security,DBA,Oracle,0,12,6,5,4,27,42,9,0,1,1,84.45,1
EMP-04613,Operations,DBA,Oracle,-26,6,2,3,3,13,21,3,1,1,0,100.0,1
EMP-04614,Infrastructure,DBA,Oracle,-6,15,7,6,2,22,5,9,0,1,0,91.66,1
EMP-04615,Infrastructure,Security Engineer,MySQL,0,8,8,0,2,12,19,7,1,1,0,0.0,0
EMP-04616,Compliance,Security Engineer,Oracle,54,6,4,0,3,106,9,6,1,1,0,0.0,0
EMP-04617,Operations,SRE,MySQL,5,14,6,6,3,3,6,3,1,1,1,64.94,1
EMP-04618,Security,Senior Developer,SQL Server,16,2,0,0,0,51,49,8,0,0,0,0.0,0
EMP-04619,DevOps,Developer,PostgreSQL,-2,12,9,2,4,42,43,5,0,0,1,42.39,0
EMP-04620,Analytics,Senior Developer,MariaDB,12,8,6,2,8,110,17,8,1,0,1,39.24,0
EMP-04621,Security,Analyst,Oracle,33,8,6,1,2,67,34,6,1,0,1,0.0,0
EMP-04622,Analytics,Developer,MariaDB,12,13,7,6,1,62,46,8,1,0,1,7.88,0
EMP-04623,Operations,SRE,PostgreSQL,48,2,0,2,3,4,3,2,1,1,1,36.65,0
EMP-04624,Engineering,Developer,MariaDB,161,3,1,2,2,18,17,3,0,0,0,25.6,0
EMP-04625,DevOps,Security Engineer,PostgreSQL,-38,9,8,1,3,23,28,5,1,1,1,58.76,1
EMP-04626,Platform,Manager,MySQL,96,14,11,3,4,44,21,8,1,0,0,0.0,0
EMP-04627,Finance,SRE,Oracle,22,2,0,2,4,25,17,10,1,1,1,30.64,0
EMP-04628,Data Science,Senior Developer,PostgreSQL,1,9,5,2,0,73,22,8,1,0,1,0.0,0
EMP-04629,Security,Tech Lead,SQL Server,-21,12,8,4,3,6,34,3,1,1,0,98.04,1
EMP-04630,Finance,Manager,MySQL,30,14,11,1,7,76,18,10,1,0,1,0.0,0
EMP-04631,Platform,Senior Developer,MySQL,2,9,8,0,1,22,18,4,1,0,1,0.0,0
EMP-04632,DevOps,Tech Lead,Oracle,99,0,0,0,4,9,48,8,0,1,0,19.91,0
EMP-04633,Compliance,SRE,PostgreSQL,85,2,1,1,4,27,38,9,1,1,1,8.97,0
EMP-04634,Platform,Senior DBA,SQL Server,12,10,8,2,4,5,16,6,0,1,1,10.22,0
EMP-04635,Infrastructure,Manager,MySQL,19,2,1,1,3,71,37,9,1,0,0,0.0,0
EMP-04636,Data Science,Platform Engineer,PostgreSQL,17,8,6,1,1,99,24,4,1,0,1,0.0,0
EMP-04637,DevOps,Developer,PostgreSQL,145,10,8,0,7,26,47,8,1,0,0,0.0,0
EMP-04638,Analytics,DBA,MySQL,34,15,13,2,3,14,23,4,1,1,1,0.0,0
EMP-04639,Compliance,Senior Developer,Oracle,93,4,2,1,7,111,49,6,1,0,1,51.97,0
EMP-04640,Finance,Senior Developer,Oracle,-41,2,2,0,4,97,34,7,1,0,1,100.0,1
EMP-04641,Security,Security Engineer,MySQL,19,13,11,0,4,116,16,4,1,1,0,0.0,0
EMP-04642,Engineering,Tech Lead,MongoDB,9,1,1,0,6,27,39,8,1,1,0,20.64,0
EMP-04643,Data Science,Senior Developer,Oracle,8,20,19,0,3,87,22,8,1,0,0,0.0,0
EMP-04644,Security,Analyst,MongoDB,11,15,9,5,3,20,46,8,1,0,0,0.0,0
EMP-04645,Security,Analyst,SQL Server,151,18,16,2,3,45,8,5,0,0,1,0.0,0
EMP-04646,Operations,Senior DBA,MariaDB,47,9,3,5,4,3,38,6,1,1,1,47.47,0
EMP-04647,Platform,Senior Developer,SQL Server,120,10,5,5,2,63,29,3,1,0,0,24.87,0
EMP-04648,Infrastructure,Senior Developer,PostgreSQL,39,8,8,0,3,84,19,2,0,0,1,0.0,0
EMP-04649,DevOps,Developer,MongoDB,49,2,0,2,0,30,24,10,0,0,1,0.0,0
EMP-04650,Operations,Senior Developer,PostgreSQL,20,1,0,0,7,37,16,2,0,0,0,62.13,1
EMP-04651,Engineering,Senior Developer,MySQL,176,6,5,0,1,69,3,5,0,0,0,0.0,0
EMP-04652,Security,Senior DBA,MySQL,-1,12,11,0,3,9,27,10,1,1,1,0.0,0
EMP-04653,Compliance,Developer,PostgreSQL,158,1,0,1,7,83,27,8,1,0,1,43.8,0
EMP-04654,Finance,Tech Lead,Oracle,78,19,14,3,5,1,20,6,1,1,1,0.0,0
EMP-04655,Infrastructure,Tech Lead,Oracle,54,15,9,5,4,24,50,2,1,1,1,33.92,0
EMP-04656,Security,Security Engineer,PostgreSQL,122,8,6,1,0,11,34,4,1,1,0,0.0,0
EMP-04657,Engineering,Senior Developer,Oracle,34,0,0,0,0,33,5,5,0,0,1,0.0,0
EMP-04658,Operations,SRE,PostgreSQL,9,12,7,3,1,36,5,5,0,1,1,10.21,0
EMP-04659,Finance,Developer,MySQL,159,14,12,1,5,42,49,9,1,0,1,0.0,0
EMP-04660,Finance,Tech Lead,Oracle,30,14,8,5,7,15,33,5,1,1,0,55.99,1
EMP-04661,Security,Senior Developer,PostgreSQL,58,7,6,0,7,48,3,2,0,0,1,31.35,0
EMP-04662,Data Science,Security Engineer,SQL Server,46,9,7,0,0,44,12,5,1,1,0,0.0,1
EMP-04663,Engineering,Senior DBA,MySQL,1,17,16,0,1,8,20,8,1,1,1,0.0,0
EMP-04664,DevOps,Platform Engineer,MongoDB,-40,17,12,5,0,40,47,4,1,0,1,47.55,0
EMP-04665,Platform,DBA,MySQL,134,14,6,6,3,22,41,7,1,1,0,25.71,0
EMP-04666,Platform,SRE,PostgreSQL,75,8,2,5,2,3,37,9,1,1,1,24.64,0
EMP-04667,Security,Senior Developer,MySQL,6,10,9,1,7,108,31,2,1,0,1,38.75,0
EMP-04668,Platform,Platform Engineer,Oracle,5,6,3,3,3,40,46,9,1,0,0,23.38,0
EMP-04669,Infrastructure,Analyst,Oracle,167,10,6,2,4,42,4,9,0,0,0,0.0,0
EMP-04670,Finance,Senior Developer,MySQL,-4,9,7,2,5,111,36,8,1,0,1,53.19,0
EMP-04671,Finance,DBA,MySQL,63,16,10,6,0,11,40,9,1,1,1,0.0,0
EMP-04672,Security,Manager,Oracle,89,14,12,1,0,41,28,7,1,0,1,0.0,0
EMP-04673,Finance,DBA,SQL Server,12,19,15,4,1,30,34,8,0,1,0,0.0,0
EMP-04674,Operations,Developer,MongoDB,-2,20,17,3,4,12,19,9,1,0,1,0.0,0
EMP-04675,Platform,DBA,PostgreSQL,28,8,3,5,0,27,11,6,1,1,1,18.94,0
EMP-04676,Engineering,Developer,Oracle,25,8,1,5,3,26,48,8,1,0,1,50.36,0
EMP-04677,Finance,Tech Lead,MongoDB,-5,9,7,1,4,36,27,9,1,1,0,21.38,0
EMP-04678,Infrastructure,Tech Lead,SQL Server,19,2,0,1,4,8,49,5,1,1,1,32.2,0
EMP-04679,Compliance,Senior Developer,MariaDB,11,9,4,5,0,15,13,3,0,0,1,34.97,0
EMP-04680,Engineering,DBA,PostgreSQL,20,18,12,6,4,24,25,4,1,1,1,18.52,0
EMP-04681,Infrastructure,Developer,PostgreSQL,-15,15,10,4,4,11,49,4,0,0,1,93.67,1
EMP-04682,DevOps,Manager,Oracle,167,11,8,2,7,82,22,8,0,0,1,31.0,0
EMP-04683,DevOps,SRE,MySQL,26,17,14,2,2,29,32,3,0,1,1,0.0,0
EMP-04684,Analytics,Manager,PostgreSQL,61,4,2,1,0,35,17,9,1,0,1,0.0,0
EMP-04685,Engineering,Developer,MySQL,18,0,0,0,6,82,12,6,1,0,0,30.96,0
EMP-04686,Security,Tech Lead,MySQL,129,11,8,2,6,25,24,8,1,1,0,0.0,0
EMP-04687,Platform,DBA,MySQL,-3,18,10,6,3,32,30,3,1,1,1,72.17,1
EMP-04688,Finance,Tech Lead,MySQL,5,5,2,2,2,24,15,6,1,1,1,28.5,0
EMP-04689,Compliance,Senior Developer,PostgreSQL,3,1,0,0,0,50,50,10,1,0,1,0.0,0
EMP-04690,DevOps,Platform Engineer,Oracle,126,17,13,2,0,70,4,6,1,0,1,0.0,0
EMP-04691,Engineering,Senior DBA,Oracle,118,6,6,0,4,5,25,8,0,1,1,0.0,0
EMP-04692,Data Science,Manager,MySQL,5,6,2,4,0,59,19,10,1,0,0,9.6,0
EMP-04693,Finance,SRE,Oracle,127,20,20,0,0,28,28,9,0,1,1,0.0,0
EMP-04694,Platform,Senior Developer,PostgreSQL,118,9,7,0,1,55,40,6,1,0,1,0.0,0
EMP-04695,Infrastructure,Senior Developer,MySQL,-23,4,0,3,3,57,29,8,0,0,0,100.0,1
EMP-04696,Finance,Manager,PostgreSQL,53,13,7,6,0,27,34,2,0,0,0,19.89,0
EMP-04697,Platform,Tech Lead,PostgreSQL,125,7,4,2,3,33,15,9,0,1,1,11.7,0
EMP-04698,Engineering,Manager,MySQL,-20,14,9,4,8,10,8,4,1,0,0,100.0,1
EMP-04699,DevOps,Security Engineer,Oracle,172,11,10,1,2,62,42,2,1,1,0,0.0,0
EMP-04700,Data Science,Senior DBA,MySQL,120,1,0,1,4,25,36,8,1,1,1,18.65,0
EMP-04701,Engineering,DBA,MariaDB,-13,3,3,0,4,11,10,8,1,1,0,59.39,1
EMP-04702,Platform,DBA,MySQL,6,12,8,3,1,5,11,2,1,1,1,5.73,0
EMP-04703,Data Science,Platform Engineer,MySQL,48,10,4,4,7,21,24,9,1,0,0,36.56,0
EMP-04704,Engineering,Manager,Oracle,1,14,10,4,7,26,42,7,0,0,1,73.94,1
EMP-04705,Platform,Platform Engineer,Oracle,27,6,6,0,8,95,31,10,0,0,1,28.58,0
EMP-04706,Finance,Analyst,PostgreSQL,7,0,0,0,9,74,37,5,1,0,0,74.38,1
EMP-04707,Infrastructure,Analyst,PostgreSQL,42,14,11,2,10,56,11,10,1,0,1,6.81,0
EMP-04708,Platform,Platform Engineer,Oracle,-27,13,11,2,8,105,6,4,1,0,1,100.0,1
EMP-04709,Security,SRE,PostgreSQL,178,12,4,6,0,7,39,7,1,1,0,8.09,0
EMP-04710,Data Science,DBA,MariaDB,84,15,10,3,1,14,3,2,0,1,1,0.0,0
EMP-04711,Security,DBA,PostgreSQL,176,18,12,6,3,34,25,9,1,1,1,0.0,0
EMP-04712,Platform,Manager,MySQL,26,6,2,2,2,116,35,7,0,0,0,24.42,0
EMP-04713,Data Science,Senior Developer,MongoDB,30,14,12,1,5,51,24,10,1,0,1,0.0,0
EMP-04714,Security,Developer,MySQL,1,9,2,5,2,48,23,2,0,0,1,99.0,1
EMP-04715,Data Science,Senior DBA,MySQL,150,4,3,1,0,2,41,4,1,1,1,0.0,0
EMP-04716,Operations,DBA,PostgreSQL,140,20,14,5,3,3,35,3,0,1,1,1.84,0
EMP-04717,Platform,Analyst,MySQL,14,20,18,1,3,112,33,6,1,0,0,0.0,0
EMP-04718,Engineering,Senior Developer,MySQL,8,12,10,1,1,12,14,6,1,0,0,0.0,0
EMP-04719,Engineering,Security Engineer,Oracle,-27,9,3,5,4,66,37,3,1,1,0,100.0,1
EMP-04720,Analytics,SRE,PostgreSQL,-15,14,13,1,3,11,21,4,1,1,1,27.17,0
EMP-04721,Platform,Senior DBA,PostgreSQL,121,1,0,1,3,25,16,2,0,1,0,40.51,1
EMP-04722,Operations,Security Engineer,PostgreSQL,3,1,1,0,3,42,3,2,1,1,1,45.72,0
EMP-04723,Compliance,Platform Engineer,PostgreSQL,-37,15,11,4,1,115,13,6,1,0,0,52.03,0
EMP-04724,Infrastructure,DBA,MySQL,174,2,0,2,2,21,16,10,1,1,0,0.0,0
EMP-04725,Engineering,Developer,PostgreSQL,125,6,1,4,2,18,21,10,1,0,0,5.34,0
EMP-04726,Analytics,Tech Lead,Oracle,147,0,0,0,0,12,31,5,1,1,1,0.0,0
EMP-04727,Finance,Senior DBA,PostgreSQL,30,17,16,1,4,14,37,8,0,1,1,0.0,0
EMP-04728,Finance,SRE,PostgreSQL,148,18,16,1,2,27,30,7,1,1,0,0.0,0
EMP-04729,Platform,Tech Lead,MySQL,110,6,3,2,4,29,21,8,1,1,0,6.23,0
EMP-04730,Security,Senior DBA,MariaDB,147,6,3,1,1,6,45,10,1,1,0,0.0,1
EMP-04731,Operations,Developer,Oracle,21,20,13,6,0,31,49,3,0,0,1,0.0,0
EMP-04732,DevOps,Manager,PostgreSQL,106,6,3,1,8,17,44,4,0,0,1,56.51,1
EMP-04733,Compliance,Analyst,PostgreSQL,9,13,7,6,6,62,25,6,1,0,1,59.89,1
EMP-04734,Infrastructure,Platform Engineer,Oracle,-28,2,0,2,8,63,36,10,1,0,1,100.0,1
EMP-04735,Platform,SRE,Oracle,95,13,7,6,2,16,31,5,1,1,0,19.36,1
EMP-04736,Security,Developer,Oracle,158,1,1,0,8,9,15,5,0,0,1,64.18,1
EMP-04737,Security,DBA,MySQL,43,11,5,4,1,12,10,4,1,1,1,6.75,0
EMP-04738,Security,Security Engineer,Oracle,7,3,1,1,2,26,23,7,1,1,0,16.44,0
EMP-04739,Analytics,Senior DBA,MariaDB,96,15,10,5,0,19,36,7,1,1,1,0.0,0
EMP-04740,Engineering,Developer,MySQL,16,7,1,4,8,109,45,3,0,0,0,100.0,1
EMP-04741,DevOps,Security Engineer,Oracle,65,0,0,0,4,23,37,4,0,1,1,45.26,0
EMP-04742,Security,Platform Engineer,PostgreSQL,79,13,10,1,1,117,5,9,1,0,0,0.0,0
EMP-04743,DevOps,Tech Lead,MySQL,34,16,9,5,2,2,29,3,1,1,1,4.79,0
EMP-04744,Operations,SRE,Oracle,4,13,12,0,1,27,10,2,0,1,1,0.0,0
EMP-04745,DevOps,Security Engineer,MySQL,-36,14,6,6,1,48,4,2,1,1,1,100.0,1
EMP-04746,Operations,Developer,Oracle,158,11,8,2,8,19,13,10,0,0,0,15.84,0
EMP-04747,Infrastructure,Developer,MongoDB,98,17,17,0,2,21,45,8,1,0,1,0.0,0
EMP-04748,Platform,Developer,Oracle,101,0,0,0,2,114,8,6,0,0,1,22.57,0
EMP-04749,Engineering,DBA,MySQL,-21,13,7,4,1,3,42,3,1,1,0,80.94,1
EMP-04750,Security,DBA,PostgreSQL,56,17,15,2,2,35,41,3,1,1,1,0.0,0
EMP-04751,Platform,SRE,MongoDB,116,14,6,6,3,1,22,3,1,1,1,38.38,0
EMP-04752,DevOps,DBA,MySQL,2,5,3,2,0,28,1,2,1,1,1,29.08,0
EMP-04753,Compliance,Security Engineer,MySQL,87,19,12,5,2,96,14,5,1,1,0,0.0,0
EMP-04754,Infrastructure,Platform Engineer,MongoDB,9,17,13,3,3,13,16,7,1,0,0,0.0,0
EMP-04755,Engineering,Developer,Oracle,32,14,12,2,5,57,3,8,1,0,0,0.0,0
EMP-04756,DevOps,Security Engineer,Oracle,55,10,10,0,3,36,44,3,1,1,0,0.0,0
EMP-04757,Engineering,SRE,Oracle,0,18,11,6,4,17,11,8,0,1,1,64.95,1
EMP-04758,Infrastructure,Developer,Oracle,114,16,14,1,6,69,4,7,1,0,0,0.0,0
EMP-04759,Data Science,Senior Developer,Oracle,76,12,12,0,0,119,42,3,1,0,0,0.0,0
EMP-04760,Analytics,Developer,Oracle,17,14,11,1,0,113,36,8,0,0,1,0.0,0
EMP-04761,DevOps,Senior Developer,MySQL,81,15,10,3,0,37,34,7,1,0,0,0.0,0
EMP-04762,Operations,SRE,MariaDB,128,11,10,1,2,25,38,3,0,1,1,0.0,0
EMP-04763,Platform,Analyst,MySQL,105,0,0,0,12,21,35,10,1,0,1,64.06,1
EMP-04764,Data Science,Tech Lead,PostgreSQL,83,17,12,3,8,24,13,3,1,1,0,15.2,0
EMP-04765,Infrastructure,Security Engineer,MySQL,51,11,7,2,3,22,30,9,1,1,0,0.0,0
EMP-04766,Finance,Developer,PostgreSQL,154,20,16,4,1,18,38,8,0,0,0,0.0,0
EMP-04767,Engineering,DBA,PostgreSQL,15,14,12,0,0,32,29,8,1,1,1,0.0,0
EMP-04768,Analytics,Security Engineer,PostgreSQL,1,2,0,2,0,31,13,3,0,1,1,58.92,1
EMP-04769,Data Science,Platform Engineer,SQL Server,177,19,15,3,3,28,27,7,0,0,1,0.0,0
EMP-04770,Data Science,Analyst,MariaDB,21,14,9,3,1,107,14,5,1,0,1,0.0,0
EMP-04771,Data Science,Tech Lead,Oracle,147,3,3,0,8,6,15,9,0,1,1,42.98,0
EMP-04772,Finance,Senior DBA,PostgreSQL,72,20,18,0,4,28,13,7,1,1,0,0.0,0
EMP-04773,Infrastructure,Security Engineer,MySQL,124,13,13,0,4,49,8,6,1,1,0,0.0,0
EMP-04774,Engineering,SRE,PostgreSQL,122,18,11,5,2,21,39,5,1,1,1,0.0,0
EMP-04775,Infrastructure,Manager,PostgreSQL,5,16,14,1,0,24,35,3,0,0,0,0.0,0
EMP-04776,Engineering,Platform Engineer,Oracle,167,14,12,2,3,92,22,7,0,0,0,0.0,0
EMP-04777,Infrastructure,Security Engineer,Oracle,122,10,4,4,3,82,42,5,0,1,0,56.88,1
EMP-04778,Compliance,Analyst,MariaDB,-37,12,7,4,6,37,9,10,1,0,0,96.43,1
EMP-04779,DevOps,Tech Lead,PostgreSQL,178,18,14,3,4,7,28,7,0,1,1,0.0,0
EMP-04780,Analytics,Senior DBA,PostgreSQL,-15,1,0,1,3,29,27,5,1,1,1,100.0,1
EMP-04781,Infrastructure,SRE,MySQL,62,6,3,3,0,10,26,7,0,1,0,0.0,0
EMP-04782,DevOps,DBA,PostgreSQL,30,13,7,4,1,27,28,4,1,1,0,0.0,0
EMP-04783,Engineering,SRE,Oracle,59,12,11,0,4,15,9,4,1,1,1,0.0,1
EMP-04784,Analytics,DBA,MySQL,68,11,6,3,2,12,10,3,0,1,1,20.25,0
EMP-04785,Infrastructure,Security Engineer,Oracle,-8,18,16,2,2,33,30,8,1,1,0,0.0,0
EMP-04786,Analytics,Tech Lead,Oracle,15,9,5,3,2,10,18,4,0,1,0,23.53,0
EMP-04787,Finance,Senior Developer,PostgreSQL,99,16,12,2,5,79,6,3,1,0,1,0.0,0
EMP-04788,Compliance,Developer,Oracle,165,15,14,0,7,43,24,4,1,0,1,0.0,0
EMP-04789,Compliance,Senior DBA,PostgreSQL,62,2,0,2,1,9,10,3,1,1,0,11.22,0
EMP-04790,Data Science,Tech Lead,MySQL,-41,15,15,0,0,27,11,4,1,1,0,0.0,0
EMP-04791,Engineering,Senior Developer,Oracle,-41,0,0,0,2,27,45,6,0,0,0,100.0,1
EMP-04792,Security,DBA,MySQL,-41,19,18,0,1,19,1,6,0,1,1,0.0,0
EMP-04793,Engineering,SRE,PostgreSQL,0,18,17,1,2,2,24,9,1,1,0,0.0,0
EMP-04794,Data Science,Platform Engineer,SQL Server,81,12,7,4,7,78,6,10,1,0,0,24.54,0
EMP-04795,DevOps,Analyst,MongoDB,82,9,5,4,12,38,26,9,0,0,1,91.84,1
EMP-04796,Security,Senior DBA,Oracle,106,0,0,0,2,32,10,8,0,1,1,9.97,0
EMP-04797,DevOps,Senior Developer,MySQL,95,0,0,0,7,18,41,7,0,0,1,47.12,0
EMP-04798,Infrastructure,Tech Lead,MySQL,72,15,8,6,8,10,3,4,1,1,1,73.46,1
EMP-04799,Security,Senior Developer,Oracle,9,5,0,3,2,76,11,2,0,0,1,80.6,1
EMP-04800,Compliance,SRE,MongoDB,-38,1,0,1,1,13,15,3,1,1,1,87.66,1
EMP-04801,Data Science,DBA,PostgreSQL,44,4,4,0,1,2,39,6,1,1,0,0.0,0
EMP-04802,DevOps,Tech Lead,MySQL,145,5,3,1,1,1,15,4,1,1,1,0.0,0
EMP-04803,Compliance,Platform Engineer,PostgreSQL,-44,15,8,5,5,96,5,5,0,0,0,100.0,1
EMP-04804,Security,Manager,PostgreSQL,75,17,17,0,4,99,30,6,1,0,1,0.0,0
EMP-04805,Finance,Senior Developer,Oracle,123,1,0,0,6,41,50,5,1,0,1,35.05,0
EMP-04806,Finance,Manager,MongoDB,24,13,10,1,3,15,31,3,1,0,1,0.0,1
EMP-04807,Operations,Security Engineer,PostgreSQL,102,2,0,1,3,45,2,3,0,1,0,39.96,0
EMP-04808,Data Science,DBA,PostgreSQL,6,7,3,2,3,6,32,10,0,1,1,31.23,0
EMP-04809,Engineering,Manager,Oracle,12,8,7,0,0,17,39,9,1,0,1,0.0,0
EMP-04810,Finance,Security Engineer,PostgreSQL,4,20,17,1,3,37,21,9,0,1,0,0.0,0
EMP-04811,Finance,Platform Engineer,MySQL,-15,1,0,1,6,65,4,2,1,0,1,100.0,1
EMP-04812,Finance,DBA,SQL Server,38,10,7,2,4,26,14,3,0,1,0,18.16,0
EMP-04813,Platform,Security Engineer,MongoDB,-20,0,0,0,1,71,7,10,1,1,0,57.92,0
EMP-04814,Analytics,Tech Lead,PostgreSQL,23,10,6,3,5,18,38,10,1,1,0,3.44,0
EMP-04815,Operations,Analyst,MySQL,117,16,10,5,11,35,40,8,1,0,1,59.1,1
EMP-04816,Operations,Developer,Oracle,6,15,12,3,7,95,9,10,0,0,1,35.48,0
EMP-04817,Infrastructure,DBA,PostgreSQL,6,8,2,4,4,22,7,10,1,1,0,45.8,0
EMP-04818,Security,Manager,Oracle,94,6,2,3,6,96,11,8,1,0,0,49.45,0
EMP-04819,Platform,Tech Lead,Oracle,109,7,3,4,7,29,41,5,1,1,1,82.49,1
EMP-04820,Data Science,Platform Engineer,MariaDB,2,14,10,4,2,62,7,10,1,0,0,0.0,0
EMP-04821,Security,Developer,Oracle,143,0,0,0,6,111,17,7,1,0,1,38.74,0
EMP-04822,Infrastructure,Manager,MySQL,70,2,2,0,1,34,4,4,0,0,1,0.0,0
EMP-04823,Data Science,Tech Lead,Oracle,-23,3,2,0,8,2,37,5,1,1,1,100.0,1
EMP-04824,Finance,Security Engineer,PostgreSQL,126,2,0,1,3,98,27,10,1,1,1,12.63,0
EMP-04825,DevOps,Tech Lead,Oracle,-43,5,0,3,6,13,46,8,0,1,0,100.0,1
EMP-04826,Security,Developer,MySQL,128,4,3,0,4,16,2,4,1,0,0,0.0,0
EMP-04827,Data Science,Security Engineer,SQL Server,-38,0,0,0,2,99,25,4,0,1,1,100.0,0
EMP-04828,Compliance,Tech Lead,SQL Server,48,19,14,5,8,36,43,8,1,1,1,17.06,0
EMP-04829,Engineering,SRE,MariaDB,0,19,14,5,1,34,18,4,1,1,1,0.0,0
EMP-04830,Platform,Developer,PostgreSQL,-10,8,7,0,6,97,8,7,1,0,1,56.66,0
EMP-04831,Analytics,Tech Lead,MySQL,21,14,8,5,0,34,38,4,1,1,1,0.0,0
EMP-04832,Analytics,Security Engineer,MariaDB,22,8,6,2,0,74,17,2,1,1,1,0.0,0
EMP-04833,Engineering,Security Engineer,PostgreSQL,-42,8,3,3,3,12,8,6,1,1,1,100.0,1
EMP-04834,Compliance,SRE,MongoDB,39,17,13,4,3,28,30,3,1,1,0,0.0,0
EMP-04835,DevOps,Senior Developer,Oracle,53,18,16,1,4,107,18,5,0,0,1,0.0,0
EMP-04836,Operations,Security Engineer,PostgreSQL,119,2,1,0,0,39,22,3,0,1,1,3.03,0
EMP-04837,Finance,Senior Developer,Oracle,43,2,0,0,0,30,14,5,0,0,0,0.0,0
EMP-04838,Infrastructure,Manager,Oracle,25,6,2,2,4,74,36,9,0,0,1,40.59,0
EMP-04839,Infrastructure,DBA,PostgreSQL,127,17,12,3,2,10,48,2,0,1,1,0.0,0
EMP-04840,Platform,SRE,MySQL,-41,13,12,0,1,27,6,9,0,1,0,7.44,0
EMP-04841,Platform,Platform Engineer,MySQL,146,10,10,0,7,66,45,4,0,0,1,4.62,0
EMP-04842,DevOps,Tech Lead,Oracle,124,9,5,2,6,6,26,7,1,1,1,21.13,0
EMP-04843,Finance,Senior Developer,PostgreSQL,45,5,5,0,3,39,12,7,1,0,0,0.0,0
EMP-04844,Operations,Manager,SQL Server,-26,10,5,5,7,113,12,8,1,0,1,100.0,1
EMP-04845,Engineering,Senior DBA,MariaDB,109,11,4,6,4,10,38,8,0,1,0,58.27,1
EMP-04846,DevOps,Developer,Oracle,-2,12,12,0,7,59,39,3,1,0,0,19.67,0
EMP-04847,Compliance,Tech Lead,Oracle,163,19,19,0,3,35,12,9,1,1,1,0.0,0
EMP-04848,Analytics,Developer,MySQL,161,0,0,0,5,36,8,4,1,0,0,18.25,0
EMP-04849,Data Science,Platform Engineer,MySQL,-11,10,3,5,3,18,24,9,1,0,1,96.12,1
EMP-04850,Security,Tech Lead,PostgreSQL,-20,2,0,0,8,20,4,8,1,1,0,100.0,1
EMP-04851,Operations,Senior Developer,PostgreSQL,166,6,3,1,3,37,11,6,1,0,0,0.0,0
EMP-04852,Infrastructure,Analyst,PostgreSQL,180,4,4,0,0,65,26,8,1,0,1,0.0,0
EMP-04853,Finance,DBA,Oracle,7,19,19,0,2,3,27,3,1,1,0,0.0,0
EMP-04854,Analytics,Developer,PostgreSQL,26,17,12,4,2,54,23,7,0,0,1,0.0,0
EMP-04855,Data Science,Tech Lead,Oracle,73,5,2,1,1,12,49,9,1,1,1,0.0,0
EMP-04856,Operations,Senior Developer,Oracle,-40,1,0,1,4,101,21,3,1,0,1,100.0,1
EMP-04857,Infrastructure,Senior Developer,MySQL,6,10,5,3,3,31,3,10,1,0,1,9.52,0
EMP-04858,DevOps,DBA,Oracle,134,19,13,4,1,12,12,7,1,1,1,0.0,0
EMP-04859,Security,Platform Engineer,Oracle,6,6,4,1,2,64,27,5,0,0,1,28.56,0
EMP-04860,Security,Senior DBA,MySQL,-37,14,13,0,1,30,28,2,1,1,1,14.38,0
EMP-04861,Finance,Senior Developer,Oracle,5,10,6,3,3,58,23,4,1,0,1,32.73,0
EMP-04862,Finance,Developer,MongoDB,-14,10,6,3,4,41,45,10,0,0,1,82.78,1
EMP-04863,Analytics,Developer,Oracle,57,9,5,4,0,102,40,8,1,0,1,0.0,0
EMP-04864,Analytics,Developer,MySQL,-18,5,2,3,1,66,4,9,0,0,1,100.0,1
EMP-04865,Compliance,Senior Developer,MySQL,13,20,14,4,2,96,20,7,1,0,1,0.0,0
EMP-04866,Compliance,DBA,Oracle,118,1,0,0,2,16,10,4,1,1,1,2.68,0
EMP-04867,Data Science,SRE,MySQL,43,3,1,2,3,29,31,7,1,1,1,18.73,0
EMP-04868,Security,Tech Lead,SQL Server,29,14,8,4,4,34,39,2,0,1,1,50.36,0
EMP-04869,Operations,Analyst,PostgreSQL,21,19,18,1,10,47,39,10,1,0,1,0.0,0
EMP-04870,DevOps,Platform Engineer,PostgreSQL,0,4,3,1,8,65,36,10,1,0,1,56.51,1
EMP-04871,Infrastructure,Manager,PostgreSQL,85,4,0,3,4,28,26,3,1,0,1,48.05,1
EMP-04872,DevOps,Senior DBA,PostgreSQL,9,4,1,3,0,33,26,5,0,1,0,29.75,0
EMP-04873,DevOps,DBA,MariaDB,125,2,0,2,1,32,10,8,1,1,0,0.0,0
EMP-04874,Analytics,Tech Lead,PostgreSQL,7,5,2,2,5,10,18,8,1,1,1,44.14,0
EMP-04875,Security,Platform Engineer,MongoDB,45,10,5,4,1,35,24,4,1,0,0,0.0,0
EMP-04876,Engineering,Senior Developer,SQL Server,-33,3,1,2,1,50,10,9,1,0,1,82.73,1
EMP-04877,Infrastructure,Developer,Oracle,-3,10,5,4,8,59,26,6,1,0,0,100.0,1
EMP-04878,Platform,Senior Developer,PostgreSQL,2,17,15,2,3,114,22,6,0,0,0,0.0,0
EMP-04879,Infrastructure,Security Engineer,PostgreSQL,60,8,6,2,2,91,44,7,0,1,0,0.73,0
EMP-04880,Finance,Senior Developer,PostgreSQL,-39,15,8,6,7,47,31,8,1,0,1,100.0,1
EMP-04881,Infrastructure,Developer,Oracle,-43,10,4,4,7,77,23,7,1,0,0,100.0,1
EMP-04882,Security,SRE,PostgreSQL,18,18,16,1,4,28,43,10,1,1,1,0.0,0
EMP-04883,Finance,Developer,PostgreSQL,26,16,13,3,3,53,13,7,1,0,1,0.0,0
EMP-04884,Platform,Manager,Oracle,158,20,17,2,2,101,4,4,0,0,1,0.0,0
EMP-04885,Operations,Tech Lead,MySQL,133,10,3,6,2,20,42,6,0,1,1,61.92,1
EMP-04886,DevOps,Security Engineer,MySQL,10,11,6,5,0,45,43,8,1,1,0,0.0,0
EMP-04887,Operations,Developer,PostgreSQL,15,1,0,1,3,46,44,6,0,0,0,26.32,0
EMP-04888,Compliance,Manager,MySQL,55,13,9,4,5,92,33,9,0,0,0,16.92,0
EMP-04889,Compliance,Developer,Oracle,22,3,1,2,8,115,44,9,1,0,0,68.16,0
EMP-04890,Engineering,Platform Engineer,PostgreSQL,26,1,0,0,3,81,46,8,1,0,0,0.0,0
EMP-04891,DevOps,Manager,Oracle,63,20,18,0,2,115,37,7,0,0,1,0.0,0
EMP-04892,Compliance,Manager,PostgreSQL,119,19,16,2,8,23,35,5,0,0,0,0.0,0
EMP-04893,Platform,Analyst,MongoDB,170,7,3,4,8,19,31,6,1,0,1,60.99,1
EMP-04894,Operations,Security Engineer,MongoDB,133,12,8,2,2,9,45,3,1,1,0,0.0,0
EMP-04895,Security,Security Engineer,SQL Server,11,4,2,1,1,97,25,7,0,1,1,19.58,0
EMP-04896,Compliance,Tech Lead,MySQL,-40,19,14,5,2,25,39,9,1,1,1,47.15,0
EMP-04897,Compliance,Developer,PostgreSQL,-18,5,2,1,7,60,49,5,1,0,1,100.0,1
EMP-04898,Compliance,Manager,MySQL,-3,13,8,3,2,119,37,2,1,0,0,44.35,0
EMP-04899,Engineering,DBA,MySQL,4,19,13,6,0,3,1,8,0,1,1,0.0,0
EMP-04900,Infrastructure,Developer,Oracle,12,13,10,3,8,22,11,6,0,0,1,45.09,0
EMP-04901,Data Science,DBA,Oracle,-1,13,8,4,3,23,37,7,0,1,1,67.68,1
EMP-04902,Data Science,Platform Engineer,MySQL,42,8,7,0,8,95,29,4,0,0,0,29.85,0
EMP-04903,Data Science,Senior Developer,Oracle,176,15,8,6,5,106,5,4,1,0,1,60.33,1
EMP-04904,Analytics,Analyst,SQL Server,107,3,2,1,10,40,16,4,1,0,0,65.98,1
EMP-04905,Infrastructure,Senior DBA,PostgreSQL,28,10,7,3,4,13,20,2,0,1,1,37.9,0
EMP-04906,Compliance,Developer,MySQL,87,8,2,5,3,33,33,10,1,0,0,21.81,1
EMP-04907,Compliance,Tech Lead,MySQL,147,0,0,0,5,11,38,4,1,1,1,28.6,0
EMP-04908,Security,Senior Developer,PostgreSQL,71,11,10,1,2,9,35,2,1,0,1,0.0,0
EMP-04909,Analytics,Analyst,PostgreSQL,-42,7,4,1,8,58,13,10,0,0,1,100.0,1
EMP-04910,Operations,SRE,MySQL,95,2,0,1,4,25,32,4,1,1,1,32.65,0
EMP-04911,Operations,SRE,MySQL,175,3,0,2,1,1,32,7,0,1,0,14.65,0
EMP-04912,Infrastructure,DBA,MySQL,149,2,1,1,2,25,31,4,1,1,1,8.65,0
EMP-04913,Platform,Tech Lead,MySQL,96,10,6,3,4,34,46,4,1,1,1,19.96,0
EMP-04914,Engineering,Senior DBA,MySQL,-42,11,4,5,3,22,49,2,1,1,1,100.0,1
EMP-04915,Engineering,DBA,PostgreSQL,100,6,2,2,4,26,26,3,0,1,1,50.63,0
EMP-04916,Engineering,Manager,PostgreSQL,90,2,0,2,4,52,21,8,1,0,1,24.3,0
EMP-04917,Data Science,Developer,MongoDB,2,10,2,6,7,116,42,9,0,0,0,100.0,1
EMP-04918,Analytics,Security Engineer,PostgreSQL,149,6,3,1,4,83,9,5,1,1,1,18.62,0
EMP-04919,Operations,Senior Developer,PostgreSQL,18,7,2,3,7,34,25,4,1,0,0,57.91,1
EMP-04920,Analytics,Senior Developer,PostgreSQL,17,11,8,1,1,58,21,8,0,0,1,0.0,0
EMP-04921,Engineering,Security Engineer,PostgreSQL,175,16,14,2,0,49,45,8,1,1,0,0.0,0
EMP-04922,Finance,Analyst,Oracle,50,3,3,0,0,16,31,4,1,0,1,0.0,0
EMP-04923,Analytics,Platform Engineer,PostgreSQL,-12,19,17,1,6,24,50,10,1,0,1,0.0,0
EMP-04924,Analytics,Platform Engineer,PostgreSQL,120,13,12,0,6,89,28,3,1,0,1,0.0,0
EMP-04925,DevOps,Senior DBA,PostgreSQL,-34,6,3,1,0,17,14,8,1,1,1,50.81,0
EMP-04926,Infrastructure,Tech Lead,Oracle,50,13,11,2,2,33,23,4,0,1,0,0.0,0
EMP-04927,DevOps,Senior Developer,MySQL,-18,9,7,1,2,62,16,6,1,0,0,47.04,0
EMP-04928,Platform,DBA,MySQL,7,19,11,6,2,31,49,10,0,1,1,23.52,0
EMP-04929,Finance,Security Engineer,PostgreSQL,9,20,19,0,1,27,26,10,1,1,1,0.0,0
EMP-04930,Security,DBA,MySQL,-33,11,4,5,1,19,49,8,1,1,0,94.77,1
EMP-04931,Data Science,Manager,PostgreSQL,104,19,13,6,4,51,12,4,1,0,0,0.0,0
EMP-04932,Finance,Developer,MySQL,169,6,5,1,6,100,44,3,1,0,0,21.08,0
EMP-04933,Security,Security Engineer,MySQL,1,1,0,0,1,51,35,3,1,1,0,27.94,0
EMP-04934,Finance,Developer,Oracle,103,13,7,5,6,81,38,3,1,0,1,64.76,1
EMP-04935,Data Science,Senior DBA,MySQL,25,10,9,1,1,18,24,10,1,1,1,0.0,0
EMP-04936,Platform,Analyst,PostgreSQL,117,5,4,0,1,22,26,6,1,0,0,0.0,0
EMP-04937,Analytics,Senior Developer,MongoDB,175,10,4,4,2,29,30,10,0,0,1,11.91,0
EMP-04938,Data Science,Senior Developer,Oracle,-38,20,17,1,2,104,11,8,0,0,0,4.79,0
EMP-04939,DevOps,Platform Engineer,Oracle,62,10,7,2,8,102,45,10,1,0,0,15.96,0
EMP-04940,Operations,Manager,PostgreSQL,35,11,7,2,6,48,47,8,0,0,1,18.05,0
EMP-04941,Engineering,Senior DBA,MySQL,43,20,17,2,3,21,35,6,0,1,0,0.0,0
EMP-04942,Security,Senior DBA,MariaDB,81,16,8,6,3,25,29,4,0,1,0,41.79,0
EMP-04943,Finance,DBA,MariaDB,18,7,3,3,1,7,4,10,1,1,0,0.0,1
EMP-04944,Analytics,Senior DBA,Oracle,-19,13,11,1,3,26,30,7,1,1,1,42.89,0
EMP-04945,Operations,Senior Developer,PostgreSQL,60,13,8,4,3,28,48,6,1,0,0,0.0,0
EMP-04946,Platform,Manager,MySQL,-13,11,9,0,6,31,16,10,1,0,1,36.52,0
EMP-04947,Analytics,Senior Developer,PostgreSQL,-10,16,11,4,8,39,20,7,1,0,0,79.03,1
EMP-04948,Finance,Tech Lead,Oracle,-13,19,15,3,2,10,35,7,1,1,0,8.0,0
EMP-04949,Analytics,Tech Lead,PostgreSQL,147,10,9,1,7,28,28,9,0,1,0,0.55,0
EMP-04950,Analytics,Platform Engineer,MongoDB,2,2,0,2,1,92,31,10,1,0,1,26.48,0
EMP-04951,Data Science,SRE,PostgreSQL,152,18,11,6,2,16,23,2,1,1,1,8.87,0
EMP-04952,Platform,SRE,PostgreSQL,160,17,12,3,3,34,12,5,0,1,1,0.0,0
EMP-04953,Platform,Analyst,Oracle,2,11,10,1,12,107,40,7,1,0,1,80.62,1
EMP-04954,DevOps,Platform Engineer,SQL Server,-21,6,1,4,1,106,10,7,0,0,0,100.0,0
EMP-04955,Data Science,Senior DBA,MongoDB,4,2,0,0,4,11,4,4,1,1,1,37.44,0
EMP-04956,Engineering,Security Engineer,PostgreSQL,-20,17,12,4,3,85,35,7,1,1,0,63.55,1
EMP-04957,DevOps,Senior Developer,PostgreSQL,114,5,1,2,4,13,39,4,1,0,0,20.8,0
EMP-04958,Data Science,Analyst,Oracle,4,9,4,4,4,96,5,8,0,0,0,73.6,1
EMP-04959,Compliance,Analyst,Oracle,88,8,8,0,10,35,7,2,1,0,1,32.32,0
EMP-04960,Analytics,Platform Engineer,SQL Server,-45,5,2,2,6,109,34,10,0,0,0,100.0,1
EMP-04961,Infrastructure,Security Engineer,Oracle,4,13,5,6,1,63,38,5,0,1,0,76.69,1
EMP-04962,DevOps,Senior Developer,Oracle,29,12,4,6,8,41,47,3,1,0,1,100.0,1
EMP-04963,Operations,DBA,MongoDB,157,7,4,2,4,19,16,6,1,1,0,5.19,0
EMP-04964,Infrastructure,Manager,Oracle,141,8,5,1,6,26,41,4,1,0,1,14.71,0
EMP-04965,Analytics,Senior DBA,PostgreSQL,12,3,2,0,4,7,20,5,1,1,0,3.34,0
EMP-04966,Operations,Tech Lead,MySQL,5,7,6,0,0,3,40,2,1,1,1,0.0,0
EMP-04967,Analytics,Security Engineer,MariaDB,74,16,11,3,1,102,2,2,1,1,1,0.0,0
EMP-04968,Engineering,SRE,Oracle,131,3,2,1,1,4,43,3,1,1,1,0.0,0
EMP-04969,Engineering,Senior DBA,MySQL,2,7,5,0,2,17,27,10,1,1,1,0.0,0
EMP-04970,Finance,SRE,MySQL,6,10,10,0,1,18,39,8,1,1,0,0.0,0
EMP-04971,Infrastructure,SRE,MySQL,10,19,12,6,3,15,43,10,1,1,1,0.0,0
EMP-04972,Security,SRE,PostgreSQL,23,20,15,4,0,3,24,8,0,1,1,0.0,0
EMP-04973,Analytics,Manager,PostgreSQL,173,20,17,2,2,108,34,5,1,0,0,0.0,0
EMP-04974,Infrastructure,Platform Engineer,PostgreSQL,2,17,11,6,4,110,16,4,1,0,0,49.44,0
EMP-04975,Infrastructure,Senior DBA,MySQL,53,17,11,4,3,13,15,3,1,1,0,0.0,0
EMP-04976,Engineering,Tech Lead,PostgreSQL,8,6,3,1,3,22,16,2,0,1,0,32.5,0
EMP-04977,Engineering,Tech Lead,MySQL,22,16,10,6,0,24,42,6,0,1,0,0.5,0
EMP-04978,Analytics,Senior DBA,PostgreSQL,14,12,6,6,3,34,3,5,0,1,0,53.64,0
EMP-04979,Compliance,SRE,MongoDB,-23,14,8,4,3,23,46,7,0,1,0,89.87,0
EMP-04980,Infrastructure,DBA,PostgreSQL,6,6,3,2,1,32,47,5,0,1,1,34.36,0
EMP-04981,Finance,Security Engineer,Oracle,166,11,9,0,4,25,15,6,1,1,0,0.0,0
EMP-04982,Finance,Manager,SQL Server,30,5,5,0,3,63,29,2,0,0,1,9.65,0
EMP-04983,Infrastructure,Tech Lead,Oracle,1,3,1,2,0,7,36,10,1,1,1,11.52,0
EMP-04984,Platform,Security Engineer,SQL Server,139,10,7,3,2,12,44,7,0,1,1,0.26,0
EMP-04985,Operations,Tech Lead,MongoDB,176,8,5,1,0,26,43,5,1,1,1,0.0,0
EMP-04986,Finance,Manager,MySQL,2,7,5,1,5,84,19,8,0,0,0,42.25,0
EMP-04987,Finance,Analyst,PostgreSQL,-16,0,0,0,10,116,21,4,1,0,0,100.0,1
EMP-04988,Engineering,Senior Developer,PostgreSQL,29,13,9,4,3,33,36,5,0,0,0,7.9,0
EMP-04989,Security,Tech Lead,MySQL,128,18,17,0,4,14,50,9,1,1,1,0.0,0
EMP-04990,Platform,Developer,PostgreSQL,7,13,10,3,5,51,25,4,0,0,1,37.47,0
EMP-04991,Engineering,Analyst,SQL Server,-20,0,0,0,3,26,37,7,1,0,1,88.51,1
EMP-04992,DevOps,Senior DBA,PostgreSQL,26,2,1,0,0,4,49,3,0,1,0,0.0,0
EMP-04993,Compliance,Platform Engineer,Oracle,111,8,4,3,2,34,15,7,0,0,1,15.48,0
EMP-04994,Compliance,Security Engineer,MariaDB,172,8,6,0,0,104,8,6,1,1,0,0.0,0
EMP-04995,Analytics,Platform Engineer,Oracle,-17,0,0,0,0,31,21,4,1,0,1,78.8,1
EMP-04996,Finance,Developer,Oracle,163,19,16,3,1,96,19,10,1,0,0,0.0,0
EMP-04997,Analytics,Manager,PostgreSQL,14,13,7,4,4,64,22,6,1,0,1,17.42,0
EMP-04998,DevOps,Developer,Oracle,15,11,8,3,8,107,33,10,1,0,1,34.04,0
EMP-04999,Finance,DBA,MySQL,1,6,4,0,1,15,10,5,1,1,1,0.0,0
EMP-05000,Engineering,Senior DBA,PostgreSQL,-27,8,6,2,4,4,10,7,1,1,1,79.88,1
EMP-05001,Infrastructure,Manager,MySQL,39,17,14,2,2,93,47,9,1,0,1,0.0,0
EMP-05002,Data Science,SRE,MySQL,90,2,2,0,3,11,30,4,1,1,0,0.0,0
EMP-05003,Engineering,Security Engineer,MySQL,90,9,7,0,3,21,37,8,0,1,0,0.0,0
EMP-05004,Compliance,DBA,Oracle,-4,14,11,2,3,13,30,3,0,1,0,39.56,0
EMP-05005,Platform,Manager,MySQL,3,14,13,0,7,70,15,7,1,0,1,0.0,0
EMP-05006,Security,SRE,Oracle,124,3,1,1,1,1,33,4,1,1,1,0.0,0
EMP-05007,Platform,Analyst,Oracle,46,9,6,1,6,72,44,7,0,0,0,17.25,0
EMP-05008,Operations,Platform Engineer,SQL Server,58,10,9,1,7,34,30,2,0,0,0,18.86,0
EMP-05009,Security,Developer,Oracle,-13,2,1,0,4,72,28,9,1,0,1,87.4,1
EMP-05010,Security,Manager,SQL Server,22,5,3,0,2,82,45,5,1,0,1,0.0,0
EMP-05011,Infrastructure,Tech Lead,PostgreSQL,177,14,6,6,1,22,43,3,1,1,0,20.62,0
EMP-05012,Infrastructure,Tech Lead,Oracle,162,15,13,0,3,34,2,9,0,1,1,0.0,0
EMP-05013,Compliance,Manager,MySQL,22,18,13,5,0,104,9,2,1,0,1,0.0,0
EMP-05014,Data Science,Tech Lead,MariaDB,165,19,14,3,2,7,9,3,1,1,1,0.0,0
EMP-05015,DevOps,Senior Developer,PostgreSQL,-26,1,0,0,8,110,21,9,1,0,1,100.0,1
EMP-05016,Data Science,Tech Lead,Oracle,-32,5,4,1,0,28,34,4,1,1,0,65.65,1
EMP-05017,Operations,Manager,PostgreSQL,95,10,9,1,2,17,48,4,1,0,1,0.0,0
EMP-05018,Data Science,Tech Lead,Oracle,29,18,11,6,0,17,12,9,0,1,0,0.0,0
EMP-05019,Engineering,Senior DBA,MySQL,162,6,5,0,0,16,19,3,0,1,0,0.0,0
EMP-05020,Engineering,SRE,MariaDB,2,7,1,4,4,7,26,2,1,1,1,94.1,1
EMP-05021,Operations,Security Engineer,PostgreSQL,144,18,16,1,0,66,30,6,1,1,0,0.0,0
EMP-05022,Security,DBA,PostgreSQL,-16,13,6,5,2,20,8,8,1,1,1,91.12,1
EMP-05023,Operations,Tech Lead,MySQL,2,3,1,2,4,10,27,6,1,1,0,54.46,0
EMP-05024,Engineering,Senior DBA,Oracle,61,16,14,2,4,17,27,2,1,1,0,0.0,0
EMP-05025,Finance,Analyst,Oracle,13,6,2,2,1,118,16,4,0,0,0,31.29,0
EMP-05026,Platform,SRE,PostgreSQL,-25,18,13,5,3,29,15,4,1,1,0,70.52,1
EMP-05027,Infrastructure,Manager,MySQL,25,20,15,3,3,86,15,9,0,0,1,0.0,0
EMP-05028,Operations,DBA,PostgreSQL,35,3,0,2,4,31,2,4,1,1,0,36.59,0
EMP-05029,DevOps,DBA,PostgreSQL,41,20,19,0,0,21,12,2,1,1,1,0.0,0
EMP-05030,Compliance,DBA,MariaDB,10,18,14,4,3,1,25,3,0,1,0,0.0,0
EMP-05031,Compliance,Senior DBA,MySQL,74,5,3,1,2,4,31,9,1,1,0,0.0,0
EMP-05032,Data Science,DBA,MongoDB,-5,20,16,3,4,19,41,9,1,1,0,0.0,0
EMP-05033,Data Science,SRE,PostgreSQL,1,20,13,5,2,10,42,4,0,1,1,27.04,0
EMP-05034,Data Science,Security Engineer,MariaDB,165,10,8,1,0,112,48,5,1,1,1,0.0,0
EMP-05035,Compliance,SRE,MongoDB,3,2,0,0,2,10,11,4,1,1,1,30.11,0
EMP-05036,Compliance,Security Engineer,Oracle,63,8,4,2,1,19,4,2,0,1,1,19.29,0
EMP-05037,Infrastructure,Senior Developer,MySQL,52,15,14,1,8,81,22,5,1,0,1,0.0,0
EMP-05038,Finance,Tech Lead,Oracle,60,2,1,1,8,19,32,6,0,1,1,83.69,1
EMP-05039,Analytics,Platform Engineer,Oracle,12,4,2,1,4,76,26,2,1,0,0,31.15,0
EMP-05040,Infrastructure,DBA,PostgreSQL,2,1,0,1,3,8,17,7,1,1,1,40.53,0
EMP-05041,Analytics,Senior DBA,MySQL,2,18,12,4,1,12,28,3,0,1,0,12.25,0
EMP-05042,Infrastructure,Analyst,MySQL,159,9,3,4,9,91,50,3,1,0,0,91.77,1
EMP-05043,DevOps,Manager,MySQL,-39,2,0,1,2,39,25,8,0,0,1,100.0,1
EMP-05044,Compliance,SRE,MySQL,70,4,3,0,3,14,17,7,1,1,1,0.0,0
EMP-05045,Engineering,Platform Engineer,PostgreSQL,132,5,0,3,0,35,3,2,1,0,1,18.15,0
EMP-05046,Data Science,Tech Lead,MariaDB,5,17,11,4,1,5,31,2,1,1,1,0.0,0
EMP-05047,Analytics,Senior Developer,PostgreSQL,80,14,12,2,2,54,9,9,1,0,1,0.0,0
EMP-05048,Platform,Manager,MySQL,16,7,4,2,5,115,13,3,1,0,1,41.27,0
EMP-05049,Compliance,Tech Lead,MongoDB,83,5,2,2,6,22,20,5,0,1,1,57.34,1
EMP-05050,Infrastructure,SRE,PostgreSQL,97,1,0,1,2,25,12,4,1,1,0,8.21,0
EMP-05051,Platform,Manager,MySQL,6,11,10,0,1,9,32,4,1,0,1,0.0,0
EMP-05052,Platform,Manager,MySQL,140,1,0,0,7,33,17,10,1,0,1,20.81,0
EMP-05053,Operations,Tech Lead,PostgreSQL,149,19,16,2,2,1,30,5,0,1,1,0.0,0
EMP-05054,Finance,Senior Developer,Oracle,26,18,16,0,2,87,25,3,1,0,1,0.0,0
EMP-05055,Security,Platform Engineer,Oracle,48,13,9,4,4,19,26,5,1,0,0,0.0,0
EMP-05056,DevOps,Analyst,Oracle,81,14,8,6,4,46,37,3,1,0,0,37.04,0
EMP-05057,Operations,Senior Developer,Oracle,-12,5,5,0,4,84,23,4,0,0,0,92.29,1
EMP-05058,Security,Tech Lead,MySQL,14,2,0,2,5,19,33,9,1,1,0,32.27,0
EMP-05059,Analytics,Platform Engineer,MariaDB,127,9,8,1,1,37,7,7,1,0,0,0.0,0
EMP-05060,Data Science,Security Engineer,MariaDB,26,5,3,2,1,38,43,4,1,1,0,0.0,0
EMP-05061,DevOps,Developer,MySQL,107,10,4,4,6,27,27,5,1,0,1,48.44,0
EMP-05062,Analytics,Manager,Oracle,36,2,0,1,5,118,30,7,1,0,1,42.21,0
EMP-05063,Operations,Tech Lead,PostgreSQL,24,3,2,0,3,22,35,8,1,1,1,0.0,0
EMP-05064,Infrastructure,Tech Lead,PostgreSQL,-33,14,7,5,5,15,30,2,1,1,1,100.0,1
EMP-05065,DevOps,Tech Lead,Oracle,-33,8,5,3,0,5,39,3,0,1,1,100.0,1
EMP-05066,Platform,Manager,Oracle,6,17,17,0,6,53,3,7,1,0,0,0.0,0
EMP-05067,Security,DBA,Oracle,28,18,10,6,1,12,1,9,1,1,1,0.0,0
EMP-05068,Engineering,Tech Lead,PostgreSQL,40,10,7,1,8,9,32,6,1,1,0,10.75,0
EMP-05069,Analytics,Senior Developer,Oracle,59,18,13,3,2,29,28,6,0,0,0,0.0,0
EMP-05070,Analytics,Analyst,MySQL,51,2,0,2,11,74,33,6,1,0,1,98.79,1
EMP-05071,Compliance,Senior DBA,PostgreSQL,174,9,5,3,3,21,8,10,1,1,0,0.0,0
EMP-05072,Security,Tech Lead,MySQL,58,20,15,3,5,12,24,2,1,1,1,0.0,0
EMP-05073,Analytics,SRE,MongoDB,-36,15,12,1,0,28,17,7,1,1,1,4.13,0
EMP-05074,Security,Analyst,Oracle,143,14,10,4,1,32,23,4,0,0,0,0.0,0
EMP-05075,Platform,SRE,PostgreSQL,62,20,19,0,0,24,10,6,1,1,1,0.0,0
EMP-05076,Analytics,Senior Developer,PostgreSQL,0,14,10,2,1,35,14,3,1,0,1,0.0,0
EMP-05077,Security,Analyst,PostgreSQL,128,18,14,2,10,81,39,2,1,0,1,19.77,0
EMP-05078,DevOps,Platform Engineer,MongoDB,29,18,13,5,2,12,35,10,0,0,1,0.0,1
EMP-05079,Analytics,Senior DBA,MySQL,30,4,1,1,3,26,43,8,0,1,0,19.79,0
EMP-05080,Security,Senior DBA,PostgreSQL,14,7,3,3,2,9,13,4,1,1,1,19.3,0
EMP-05081,Compliance,Platform Engineer,MySQL,4,12,8,2,6,118,49,3,1,0,1,44.71,0
EMP-05082,Infrastructure,Analyst,Oracle,154,7,7,0,8,94,31,9,1,0,1,0.24,0
EMP-05083,Operations,DBA,Oracle,27,2,0,1,1,3,44,8,0,1,0,5.1,0
EMP-05084,Infrastructure,Manager,PostgreSQL,6,18,18,0,0,21,32,6,0,0,1,0.0,0
EMP-05085,Analytics,Tech Lead,PostgreSQL,174,14,9,5,5,17,27,10,0,1,0,20.41,0
EMP-05086,Infrastructure,Analyst,MySQL,11,10,4,4,3,52,44,2,0,0,0,54.58,0
EMP-05087,Engineering,Tech Lead,Oracle,148,18,14,4,8,6,17,2,0,1,1,45.86,0
EMP-05088,Compliance,Senior Developer,MySQL,111,3,1,2,3,87,22,2,1,0,1,36.69,0
EMP-05089,Finance,Tech Lead,MongoDB,4,5,3,0,3,30,20,6,1,1,0,3.94,0
EMP-05090,Finance,Senior DBA,PostgreSQL,29,12,7,4,3,9,9,8,1,1,0,0.0,0
EMP-05091,Data Science,Developer,MySQL,-26,7,6,0,6,116,21,4,1,0,1,98.92,1
EMP-05092,Data Science,Manager,MySQL,154,11,9,0,0,117,36,3,1,0,0,0.0,0
EMP-05093,Platform,Platform Engineer,Oracle,103,18,16,1,7,20,11,6,1,0,0,0.0,0
EMP-05094,Operations,Manager,Oracle,175,19,18,0,8,36,27,2,1,0,0,0.0,0
EMP-05095,Infrastructure,Senior Developer,PostgreSQL,78,15,11,4,2,23,40,7,0,0,1,0.0,0
EMP-05096,DevOps,Platform Engineer,Oracle,22,5,3,1,1,100,6,9,1,0,1,0.0,0
EMP-05097,Data Science,Senior DBA,Oracle,16,1,1,0,4,25,6,3,0,1,1,47.32,0
EMP-05098,Operations,Security Engineer,PostgreSQL,-39,19,16,2,4,28,15,9,1,1,1,19.55,0
EMP-05099,Engineering,Security Engineer,Oracle,-26,4,0,3,3,11,43,4,0,1,0,100.0,1
EMP-05100,Infrastructure,Developer,PostgreSQL,1,4,4,0,7,30,33,10,1,0,1,26.96,0
EMP-05101,DevOps,SRE,Oracle,-18,7,5,0,1,14,7,8,1,1,0,38.0,0
EMP-05102,Platform,Security Engineer,MySQL,29,7,6,0,2,50,49,9,0,1,1,0.0,0
EMP-05103,Engineering,Manager,PostgreSQL,146,1,0,1,5,59,38,3,1,0,0,34.3,0
EMP-05104,Operations,Security Engineer,MySQL,-37,14,11,3,2,56,46,5,1,1,1,61.67,1
EMP-05105,Finance,Tech Lead,Oracle,-17,6,1,3,3,25,30,7,1,1,0,100.0,1
EMP-05106,Data Science,Analyst,PostgreSQL,-23,7,4,1,0,97,40,4,0,0,0,73.29,0
EMP-05107,Operations,SRE,SQL Server,-31,11,7,3,1,3,38,5,1,1,1,72.38,1
EMP-05108,Compliance,Manager,PostgreSQL,24,4,2,2,1,30,30,6,1,0,0,0.0,0
EMP-05109,DevOps,DBA,MongoDB,134,11,5,4,0,13,21,8,1,1,1,0.0,0
EMP-05110,Platform,Tech Lead,Oracle,-41,3,1,2,7,16,33,9,1,1,1,100.0,1
EMP-05111,Analytics,SRE,MySQL,21,0,0,0,3,24,13,5,0,1,1,31.0,0
EMP-05112,Operations,Manager,MongoDB,10,8,2,4,1,107,26,9,1,0,1,18.99,0
EMP-05113,Platform,Senior Developer,Oracle,77,16,9,5,1,47,45,10,1,0,1,0.0,0
EMP-05114,Infrastructure,Security Engineer,MySQL,13,2,1,1,3,71,14,9,0,1,0,23.85,0
EMP-05115,Data Science,Tech Lead,Oracle,120,0,0,0,5,26,14,4,1,1,0,28.51,0
EMP-05116,Engineering,Senior DBA,Oracle,158,0,0,0,2,15,42,7,1,1,0,0.0,0
EMP-05117,DevOps,Senior Developer,PostgreSQL,104,11,10,0,0,116,32,6,1,0,0,0.0,0
EMP-05118,DevOps,Security Engineer,Oracle,167,8,6,2,4,93,21,8,0,1,1,24.8,0
EMP-05119,Engineering,Senior DBA,MySQL,170,4,3,0,4,30,37,7,1,1,0,0.0,0
EMP-05120,Platform,Platform Engineer,Oracle,-4,13,6,6,4,118,27,9,0,0,0,100.0,1
EMP-05121,Security,Senior Developer,Oracle,160,9,5,2,6,64,30,5,1,0,1,29.71,0
EMP-05122,Data Science,Platform Engineer,PostgreSQL,143,20,13,6,4,42,10,10,0,0,1,1.07,0
EMP-05123,Operations,Analyst,MySQL,121,2,1,1,10,112,4,6,1,0,0,72.33,1
EMP-05124,Compliance,Senior Developer,MySQL,49,20,17,3,2,22,23,5,0,0,1,0.0,0
EMP-05125,Finance,Manager,MongoDB,82,19,16,3,8,18,12,10,1,0,1,0.0,0
EMP-05126,DevOps,SRE,Oracle,167,9,5,4,1,31,25,8,1,1,0,0.0,0
EMP-05127,Security,SRE,Oracle,5,20,17,1,4,11,26,10,1,1,1,0.0,0
EMP-05128,Data Science,Manager,MySQL,63,18,12,6,7,59,9,2,1,0,1,46.6,0
EMP-05129,Security,Security Engineer,PostgreSQL,152,15,8,6,2,112,31,6,1,1,0,20.27,0
EMP-05130,Platform,SRE,Oracle,28,9,7,2,3,36,37,5,1,1,1,0.0,0
EMP-05131,Finance,Security Engineer,SQL Server,28,7,6,0,0,80,48,8,1,1,1,0.0,0
EMP-05132,Analytics,Manager,Oracle,75,8,6,2,3,111,1,2,1,0,0,4.82,0
EMP-05133,Infrastructure,Senior Developer,MySQL,156,3,2,1,3,59,34,10,0,0,0,0.0,0
EMP-05134,Finance,Manager,MySQL,8,0,0,0,2,24,47,10,1,0,0,0.0,0
EMP-05135,Engineering,Platform Engineer,PostgreSQL,-25,12,8,2,6,81,36,2,1,0,1,100.0,1
EMP-05136,Engineering,Senior Developer,PostgreSQL,21,3,3,0,1,69,41,2,0,0,0,0.0,0
EMP-05137,Engineering,Analyst,MySQL,7,5,2,1,5,35,7,2,1,0,0,46.1,0
EMP-05138,Security,DBA,Oracle,-42,6,5,0,3,13,28,3,0,1,1,100.0,1
EMP-05139,Security,Platform Engineer,MySQL,24,6,3,3,3,29,26,7,0,0,1,31.73,0
EMP-05140,Infrastructure,Security Engineer,PostgreSQL,7,18,15,3,3,10,18,4,0,1,0,0.0,0
EMP-05141,Data Science,Platform Engineer,PostgreSQL,96,17,13,3,3,89,15,9,0,0,1,0.0,1
EMP-05142,DevOps,Security Engineer,PostgreSQL,85,5,2,3,3,111,15,10,1,1,0,18.23,0
EMP-05143,Finance,DBA,MariaDB,-15,3,0,1,4,33,35,9,0,1,1,100.0,1
EMP-05144,Compliance,Manager,Oracle,39,8,7,0,4,110,9,7,1,0,0,0.0,0
EMP-05145,Platform,Senior DBA,Oracle,118,16,13,1,3,19,19,4,0,1,1,0.0,0
EMP-05146,Finance,Senior DBA,PostgreSQL,1,9,4,4,0,20,30,4,0,1,0,46.47,0
EMP-05147,Infrastructure,Developer,MySQL,5,13,7,5,8,50,40,4,0,0,0,100.0,1
EMP-05148,Data Science,Senior DBA,PostgreSQL,-24,3,3,0,1,19,38,8,1,1,1,49.18,0
EMP-05149,Platform,SRE,MySQL,157,10,4,4,0,22,17,5,1,1,1,1.71,0
EMP-05150,Analytics,Senior DBA,PostgreSQL,19,13,12,1,2,32,8,10,1,1,1,0.0,0
EMP-05151,Data Science,Platform Engineer,PostgreSQL,147,4,1,1,8,114,20,5,1,0,0,55.22,1
EMP-05152,Platform,Tech Lead,MySQL,41,14,11,2,8,32,37,2,1,1,0,15.67,0
EMP-05153,Security,Analyst,PostgreSQL,150,16,14,0,2,38,48,4,0,0,1,0.0,0
EMP-05154,Analytics,Tech Lead,MySQL,14,7,5,2,1,8,15,6,1,1,1,0.0,0
EMP-05155,Infrastructure,Developer,PostgreSQL,-8,10,4,6,4,13,29,9,1,0,0,89.68,1
EMP-05156,Infrastructure,Security Engineer,PostgreSQL,10,18,17,1,2,86,49,4,1,1,1,0.0,0
EMP-05157,Platform,SRE,Oracle,99,12,10,2,4,34,22,9,1,1,1,0.0,0
EMP-05158,Compliance,DBA,PostgreSQL,-35,5,4,0,2,4,21,2,1,1,1,69.9,1
EMP-05159,Data Science,Manager,PostgreSQL,56,12,12,0,1,45,3,5,0,0,0,0.0,0
EMP-05160,Analytics,Senior DBA,PostgreSQL,52,1,0,1,4,16,50,5,0,1,0,37.84,0
EMP-05161,Data Science,Analyst,MySQL,-24,18,13,3,2,110,12,8,0,0,1,57.04,1
EMP-05162,DevOps,Manager,Oracle,102,8,2,4,8,10,12,10,0,0,0,81.03,1
EMP-05163,Analytics,Analyst,Oracle,125,13,10,1,6,68,42,10,0,0,1,0.0,0
EMP-05164,Operations,Senior DBA,MySQL,164,13,9,2,4,28,8,3,1,1,0,0.0,0
EMP-05165,Operations,Tech Lead,PostgreSQL,88,5,2,3,2,12,30,6,0,1,1,32.06,0
EMP-05166,Analytics,SRE,MySQL,121,15,13,0,3,8,12,3,1,1,1,0.0,0
EMP-05167,DevOps,SRE,PostgreSQL,5,19,17,1,4,35,41,5,1,1,1,0.0,0
EMP-05168,Platform,Tech Lead,MariaDB,-29,13,8,4,3,28,38,10,1,1,0,70.64,1
EMP-05169,Platform,DBA,PostgreSQL,41,9,5,2,0,25,20,3,1,1,1,0.0,0
EMP-05170,Compliance,Security Engineer,Oracle,-7,12,10,1,3,79,11,10,1,1,1,13.25,0
EMP-05171,Analytics,Security Engineer,PostgreSQL,80,13,11,2,4,23,31,2,1,1,0,0.0,0
EMP-05172,Compliance,Senior Developer,MySQL,60,7,3,2,5,82,18,4,0,0,0,46.96,0
EMP-05173,Operations,Developer,Oracle,29,6,3,3,7,117,1,9,1,0,0,57.0,1
EMP-05174,Security,Tech Lead,MySQL,40,20,13,5,6,3,41,10,1,1,1,0.0,0
EMP-05175,Data Science,Senior Developer,Oracle,174,6,2,3,3,10,29,6,1,0,1,18.93,0
EMP-05176,Finance,Tech Lead,PostgreSQL,22,10,4,5,5,17,38,3,0,1,0,75.98,0
EMP-05177,Finance,Tech Lead,Oracle,179,10,3,6,6,11,42,7,1,1,0,79.47,1
EMP-05178,Finance,SRE,MySQL,101,9,6,2,3,22,3,10,1,1,1,0.0,0
EMP-05179,Analytics,Tech Lead,Oracle,79,12,7,3,0,13,34,8,0,1,1,0.0,0
EMP-05180,Platform,Senior DBA,MySQL,-14,0,0,0,3,26,35,7,1,1,1,84.29,1
EMP-05181,DevOps,Senior DBA,PostgreSQL,141,14,12,1,0,23,37,4,0,1,1,0.0,0
EMP-05182,DevOps,Developer,MySQL,-35,0,0,0,2,100,36,8,1,0,0,76.58,1
EMP-05183,Compliance,Platform Engineer,Oracle,113,13,9,4,8,67,28,9,1,0,1,32.51,0
EMP-05184,Finance,Senior Developer,PostgreSQL,-23,2,0,2,7,108,50,9,1,0,1,100.0,1
EMP-05185,Analytics,Analyst,SQL Server,21,11,6,4,8,75,38,8,0,0,1,76.58,1
EMP-05186,Data Science,SRE,PostgreSQL,6,17,17,0,2,13,5,5,1,1,1,0.0,0
EMP-05187,Analytics,SRE,SQL Server,5,14,11,2,3,22,17,9,1,1,1,0.0,0
EMP-05188,Operations,SRE,MySQL,53,7,5,0,4,9,1,9,1,1,0,0.0,0
EMP-05189,Operations,Platform Engineer,PostgreSQL,63,4,2,1,7,40,45,4,0,0,0,51.14,0
EMP-05190,Operations,Platform Engineer,Oracle,12,6,2,2,1,44,10,8,1,0,1,0.0,0
EMP-05191,Engineering,Developer,MySQL,85,17,15,2,4,102,25,2,1,0,0,0.0,0
EMP-05192,Finance,Security Engineer,MySQL,88,4,3,0,2,35,16,2,0,1,1,12.1,0
EMP-05193,Security,Security Engineer,PostgreSQL,11,8,5,3,2,106,5,5,1,1,0,15.16,0
EMP-05194,DevOps,Senior DBA,Oracle,1,7,3,3,4,27,11,8,1,1,0,56.28,1
EMP-05195,Security,Senior DBA,PostgreSQL,13,7,5,2,3,6,6,4,1,1,1,6.53,0
EMP-05196,DevOps,Manager,MongoDB,80,16,12,4,8,17,26,6,1,0,0,6.73,0
EMP-05197,Finance,Senior DBA,PostgreSQL,-18,0,0,0,0,29,42,5,1,1,0,63.39,1
EMP-05198,Analytics,Senior DBA,Oracle,0,15,13,1,0,21,9,5,1,1,1,0.0,0
EMP-05199,Platform,Developer,SQL Server,60,13,11,0,3,67,13,4,0,0,1,0.0,0
EMP-05200,Operations,SRE,Oracle,7,2,2,0,0,31,23,4,1,1,1,0.0,0
EMP-05201,DevOps,Security Engineer,Oracle,54,3,2,1,0,20,36,6,1,1,0,0.0,1
EMP-05202,Engineering,SRE,PostgreSQL,75,12,12,0,0,13,33,8,1,1,0,0.0,0
EMP-05203,Security,Developer,MongoDB,37,13,10,3,1,10,14,8,1,0,0,0.0,0
EMP-05204,Security,Developer,PostgreSQL,-29,9,5,3,2,28,27,5,0,0,0,92.7,1
EMP-05205,Operations,Security Engineer,PostgreSQL,20,7,4,1,3,25,9,10,0,1,1,0.61,0
EMP-05206,Infrastructure,Manager,Oracle,-27,20,20,0,8,54,27,6,0,0,0,33.21,0
EMP-05207,Analytics,Platform Engineer,PostgreSQL,-3,6,6,0,0,91,24,2,0,0,0,18.31,0
EMP-05208,Compliance,DBA,PostgreSQL,3,16,10,4,3,25,6,5,0,1,0,35.29,0
EMP-05209,Engineering,Manager,Oracle,-28,8,6,0,6,37,44,2,0,0,1,100.0,1
EMP-05210,Analytics,Developer,MongoDB,165,5,5,0,3,61,18,3,1,0,0,0.0,0
EMP-05211,Engineering,SRE,MySQL,70,17,14,2,2,32,35,9,1,1,1,0.0,0
EMP-05212,Data Science,Analyst,PostgreSQL,112,12,7,4,7,110,46,5,1,0,0,43.26,0
EMP-05213,Analytics,Senior Developer,Oracle,176,17,10,5,4,26,40,6,0,0,1,22.76,0
EMP-05214,Finance,Manager,PostgreSQL,108,15,10,5,6,26,15,6,1,0,0,13.1,0
EMP-05215,Infrastructure,DBA,MySQL,77,13,11,2,1,25,4,10,0,1,1,0.0,0
EMP-05216,Data Science,Security Engineer,Oracle,13,12,9,3,2,25,23,3,1,1,1,0.0,0
EMP-05217,Engineering,DBA,Oracle,43,15,10,4,0,14,23,5,1,1,0,0.0,0
EMP-05218,Infrastructure,Tech Lead,PostgreSQL,-8,13,6,5,0,21,17,6,1,1,0,52.31,0
EMP-05219,Engineering,Security Engineer,Oracle,16,6,4,0,4,108,36,6,1,1,1,7.76,0
EMP-05220,Data Science,Developer,MySQL,12,11,11,0,1,40,20,9,0,0,1,0.0,0
EMP-05221,Engineering,Analyst,Oracle,91,2,0,2,5,102,35,6,1,0,0,49.31,0
EMP-05222,Infrastructure,SRE,PostgreSQL,145,8,2,5,4,19,15,10,0,1,1,57.73,1
EMP-05223,Analytics,Senior Developer,MySQL,7,8,3,3,3,119,2,9,1,0,0,31.85,0
EMP-05224,Compliance,Developer,Oracle,83,11,7,3,4,95,18,5,1,0,0,6.16,0
EMP-05225,Operations,Developer,Oracle,-33,7,3,4,4,75,19,7,1,0,1,100.0,1
EMP-05226,Finance,DBA,PostgreSQL,25,4,0,3,2,24,17,4,1,1,1,38.48,0
EMP-05227,Finance,SRE,PostgreSQL,75,13,8,4,0,9,7,3,0,1,1,0.77,0
EMP-05228,DevOps,Developer,SQL Server,123,18,13,5,4,104,47,6,0,0,1,13.82,0
EMP-05229,Platform,Security Engineer,PostgreSQL,95,19,15,4,1,13,47,5,1,1,0,0.0,0
EMP-05230,Compliance,Security Engineer,Oracle,121,9,5,2,4,13,14,3,0,1,1,38.41,0
EMP-05231,Data Science,Senior DBA,PostgreSQL,91,3,3,0,1,2,3,3,1,1,0,0.0,0
EMP-05232,Platform,Senior DBA,PostgreSQL,105,19,14,5,0,28,36,8,1,1,1,0.0,0
EMP-05233,Infrastructure,Analyst,SQL Server,127,15,15,0,10,26,31,5,1,0,0,0.0,0
EMP-05234,Compliance,Manager,PostgreSQL,2,13,5,6,6,39,36,8,0,0,1,100.0,1
EMP-05235,Platform,Tech Lead,SQL Server,16,1,0,0,6,25,46,10,0,1,0,36.38,0
EMP-05236,Security,SRE,MySQL,8,11,6,4,3,25,35,3,0,1,1,52.15,0
EMP-05237,Analytics,Senior DBA,PostgreSQL,10,5,2,3,2,15,10,6,1,1,1,22.98,0
EMP-05238,Platform,Security Engineer,MySQL,19,2,1,0,2,71,45,5,1,1,1,4.85,0
EMP-05239,Finance,Manager,Oracle,67,10,5,4,0,79,8,3,1,0,0,0.0,0
EMP-05240,Engineering,Senior Developer,PostgreSQL,178,5,0,3,7,111,40,2,1,0,1,88.53,1
EMP-05241,Operations,Manager,PostgreSQL,11,5,4,0,2,116,44,5,1,0,0,0.0,0
EMP-05242,DevOps,Analyst,MySQL,93,14,9,3,5,81,36,3,0,0,1,31.31,0
EMP-05243,Analytics,Platform Engineer,MySQL,129,7,4,3,3,98,32,6,1,0,1,17.29,0
EMP-05244,Infrastructure,Senior DBA,MySQL,26,18,13,3,3,35,7,8,1,1,1,0.0,0
EMP-05245,Analytics,Analyst,MariaDB,15,8,6,0,8,11,27,8,1,0,1,1.57,0
EMP-05246,Security,Platform Engineer,PostgreSQL,84,5,1,3,2,29,23,3,0,0,0,36.79,0
EMP-05247,Engineering,Developer,MySQL,47,14,9,5,4,67,4,5,0,0,0,29.27,0
EMP-05248,Compliance,Manager,PostgreSQL,150,2,0,1,0,41,41,10,0,0,1,0.0,0
EMP-05249,Finance,SRE,PostgreSQL,133,19,14,5,0,17,23,2,1,1,0,0.0,0
EMP-05250,Security,Analyst,MySQL,6,12,8,3,6,14,4,6,0,0,1,48.04,0
EMP-05251,Engineering,Analyst,MariaDB,125,17,13,3,8,30,27,7,0,0,1,12.62,0
EMP-05252,Security,Platform Engineer,PostgreSQL,115,12,8,3,7,100,40,9,0,0,0,29.53,0
EMP-05253,DevOps,DBA,MySQL,158,7,5,0,2,28,10,6,0,1,0,0.0,0
EMP-05254,Infrastructure,Security Engineer,MariaDB,178,18,14,2,1,55,34,6,1,1,0,0.0,0
EMP-05255,Compliance,Manager,MariaDB,35,2,0,1,5,73,46,6,1,0,1,32.97,0
EMP-05256,Infrastructure,SRE,Oracle,76,8,4,4,4,29,49,7,1,1,1,36.49,0
EMP-05257,Platform,Manager,Oracle,163,11,4,6,3,57,34,2,1,0,1,67.06,1
EMP-05258,DevOps,Platform Engineer,MySQL,58,6,6,0,0,16,13,7,0,0,0,0.0,0
EMP-05259,Platform,Tech Lead,Oracle,-5,20,19,1,7,9,29,9,0,1,1,0.0,0
EMP-05260,Platform,SRE,MySQL,-24,3,0,2,2,32,31,10,1,1,0,89.67,1
EMP-05261,DevOps,DBA,Oracle,12,19,18,0,1,6,27,5,1,1,0,0.0,0
EMP-05262,Operations,Platform Engineer,Oracle,-22,18,12,6,4,80,3,8,1,0,1,100.0,1
EMP-05263,Security,Senior DBA,Oracle,101,4,1,3,4,33,49,3,1,1,0,54.41,0
EMP-05264,Finance,Platform Engineer,PostgreSQL,-43,20,14,5,1,42,45,4,1,0,1,47.62,0
EMP-05265,Operations,SRE,Oracle,125,5,4,1,2,11,17,6,1,1,1,0.0,0
EMP-05266,Data Science,Analyst,Oracle,79,4,1,2,10,17,11,10,0,0,1,91.4,1
EMP-05267,Finance,Senior Developer,SQL Server,110,7,5,2,4,64,8,10,1,0,0,0.0,0
EMP-05268,Finance,SRE,MySQL,25,10,6,4,0,34,37,8,1,1,1,0.0,0
EMP-05269,Analytics,Senior DBA,MySQL,51,6,1,3,1,34,8,10,1,1,0,0.0,0
EMP-05270,Data Science,Senior DBA,PostgreSQL,-33,8,5,1,2,9,21,8,1,1,0,49.7,0
EMP-05271,Data Science,Analyst,Oracle,2,7,2,4,11,58,23,5,0,0,0,100.0,1
EMP-05272,Platform,Platform Engineer,Oracle,155,0,0,0,7,84,5,4,1,0,0,49.74,0
EMP-05273,Finance,Analyst,MongoDB,177,18,13,4,8,40,6,9,0,0,0,11.1,0
EMP-05274,Infrastructure,Senior Developer,MariaDB,-27,11,11,0,8,41,36,5,0,0,0,82.79,1
EMP-05275,Platform,Senior Developer,Oracle,0,15,15,0,1,52,47,6,1,0,1,0.0,1
EMP-05276,Infrastructure,Senior DBA,PostgreSQL,-14,3,1,2,1,28,22,4,1,1,0,82.73,1
EMP-05277,Analytics,SRE,PostgreSQL,-28,6,5,1,2,5,14,7,1,1,0,52.47,0
EMP-05278,Data Science,Security Engineer,PostgreSQL,12,15,7,6,0,120,47,8,0,1,1,31.82,0
EMP-05279,Finance,Senior Developer,Oracle,168,1,0,1,4,116,5,9,1,0,0,16.58,0
EMP-05280,Engineering,SRE,PostgreSQL,151,11,4,5,1,15,47,8,0,1,1,26.78,0
EMP-05281,Operations,Tech Lead,PostgreSQL,-19,0,0,0,5,36,46,4,0,1,1,100.0,1
EMP-05282,Engineering,Platform Engineer,MySQL,-5,15,11,4,8,16,28,4,0,0,1,99.33,1
EMP-05283,Security,Senior DBA,Oracle,151,17,12,3,4,9,15,3,1,1,0,0.0,0
EMP-05284,Operations,Security Engineer,MySQL,5,11,3,6,2,41,43,10,1,1,0,48.98,0
EMP-05285,DevOps,Security Engineer,PostgreSQL,82,19,17,0,0,32,34,5,0,1,1,0.0,0
EMP-05286,Compliance,Security Engineer,PostgreSQL,176,18,17,0,2,104,27,4,1,1,1,0.0,0
EMP-05287,Finance,Senior DBA,PostgreSQL,-37,13,8,3,0,18,27,3,0,1,1,77.07,1
EMP-05288,Compliance,Tech Lead,MySQL,114,18,13,5,8,1,1,4,0,1,0,43.15,0
EMP-05289,Operations,Analyst,Oracle,5,12,5,6,10,44,35,4,0,0,0,100.0,1
EMP-05290,Data Science,SRE,SQL Server,3,15,12,1,2,34,1,8,1,1,1,0.0,0
EMP-05291,Operations,SRE,MySQL,177,17,13,2,4,26,3,10,0,1,0,0.0,0
EMP-05292,Compliance,Senior DBA,Oracle,2,15,10,3,1,29,29,3,1,1,1,4.29,0
EMP-05293,Engineering,Manager,MySQL,22,13,11,1,7,17,18,9,1,0,1,0.0,0
EMP-05294,Analytics,DBA,Oracle,7,13,8,4,3,30,22,6,1,1,1,28.03,0
EMP-05295,Security,Security Engineer,SQL Server,25,4,2,2,3,72,10,2,0,1,1,61.43,1
EMP-05296,Data Science,SRE,MySQL,118,18,12,5,0,31,10,5,1,1,0,0.0,0
EMP-05297,DevOps,Developer,MongoDB,-13,12,4,6,3,42,46,7,1,0,1,100.0,1
EMP-05298,Infrastructure,Senior DBA,MySQL,176,18,13,5,4,17,42,10,1,1,1,0.0,0
EMP-05299,Infrastructure,SRE,MySQL,-3,11,8,1,3,31,31,2,1,1,0,26.52,0
EMP-05300,Engineering,Tech Lead,Oracle,112,7,2,4,2,23,16,6,1,1,1,32.61,0
EMP-05301,Engineering,Senior DBA,MySQL,-3,6,5,0,2,28,17,3,1,1,0,20.58,0
EMP-05302,Engineering,Security Engineer,PostgreSQL,-28,10,4,4,1,30,29,10,1,1,0,74.46,1
EMP-05303,Data Science,Developer,Oracle,-15,14,12,0,0,23,22,10,1,0,0,0.0,0
EMP-05304,Security,Manager,MySQL,135,5,4,0,3,92,19,8,1,0,0,0.0,0
EMP-05305,Analytics,Platform Engineer,MongoDB,4,16,13,3,5,41,33,4,0,0,0,12.58,0
EMP-05306,DevOps,DBA,PostgreSQL,30,18,14,4,0,2,22,10,0,1,0,0.0,0
EMP-05307,Operations,Tech Lead,Oracle,47,8,2,4,2,31,30,9,0,1,0,35.67,0
EMP-05308,Security,Security Engineer,MySQL,123,20,13,6,1,33,38,10,1,1,0,0.0,0
EMP-05309,Infrastructure,Manager,SQL Server,25,16,14,1,8,63,38,3,0,0,0,1.77,0
EMP-05310,Compliance,Senior DBA,PostgreSQL,18,7,4,3,0,31,49,6,0,1,1,9.99,0
EMP-05311,DevOps,Tech Lead,PostgreSQL,-20,11,4,6,5,36,19,3,0,1,1,100.0,1
EMP-05312,Engineering,Tech Lead,MySQL,0,1,1,0,1,34,18,7,0,1,1,29.46,0
EMP-05313,Finance,Tech Lead,PostgreSQL,125,4,1,3,8,20,22,2,1,1,1,86.37,1
EMP-05314,DevOps,Senior DBA,SQL Server,10,17,10,5,4,27,35,9,1,1,0,1.51,0
EMP-05315,Analytics,DBA,MySQL,93,11,6,4,3,33,45,6,1,1,0,8.81,0
EMP-05316,Compliance,Analyst,Oracle,94,0,0,0,10,108,22,8,1,0,0,68.71,1
EMP-05317,Analytics,SRE,PostgreSQL,10,6,2,4,0,33,4,4,1,1,0,19.77,0
EMP-05318,Data Science,Platform Engineer,PostgreSQL,5,4,2,2,3,61,39,3,1,0,0,37.43,0
EMP-05319,Engineering,SRE,MySQL,1,5,1,3,4,21,34,7,1,1,0,63.56,1
EMP-05320,Engineering,Senior DBA,Oracle,128,18,12,4,4,15,25,10,1,1,0,0.0,0
EMP-05321,Engineering,Analyst,MySQL,4,16,11,4,5,67,1,7,1,0,0,12.27,0
EMP-05322,Operations,Analyst,PostgreSQL,-9,9,2,5,3,55,44,8,1,0,0,94.07,1
EMP-05323,Finance,Platform Engineer,Oracle,151,9,4,5,4,93,15,9,1,0,0,35.72,0
EMP-05324,Platform,Tech Lead,PostgreSQL,59,0,0,0,6,21,11,10,1,1,1,17.16,0
EMP-05325,Analytics,SRE,SQL Server,129,15,14,1,3,5,38,2,1,1,0,0.0,0
EMP-05326,Platform,Tech Lead,Oracle,137,19,16,1,6,6,24,8,1,1,1,0.0,0
EMP-05327,Finance,DBA,PostgreSQL,21,16,15,1,3,10,17,8,1,1,1,0.0,0
EMP-05328,Finance,Manager,MySQL,176,0,0,0,7,84,33,5,0,0,1,63.75,1
EMP-05329,Infrastructure,Analyst,PostgreSQL,42,12,10,0,11,91,47,5,1,0,0,15.93,0
EMP-05330,Operations,Tech Lead,Oracle,37,0,0,0,7,22,35,4,1,1,1,55.44,1
EMP-05331,Finance,Platform Engineer,Oracle,27,8,1,5,1,94,12,10,1,0,1,33.01,0
EMP-05332,Data Science,SRE,Oracle,-20,5,3,2,4,26,18,3,1,1,1,100.0,1
EMP-05333,Engineering,Analyst,SQL Server,4,0,0,0,7,73,36,4,1,0,0,66.83,1
EMP-05334,Engineering,Senior DBA,Oracle,11,8,4,4,0,29,41,5,1,1,0,4.29,0
EMP-05335,Security,Platform Engineer,Oracle,85,15,8,5,0,74,4,7,1,0,1,0.0,0
EMP-05336,Engineering,Manager,SQL Server,82,19,14,5,1,49,31,3,1,0,1,0.0,0
EMP-05337,Finance,Senior Developer,MySQL,152,5,2,3,7,22,48,8,1,0,1,47.21,0
EMP-05338,Engineering,Analyst,MongoDB,136,15,12,3,9,70,13,6,0,0,0,28.09,0
EMP-05339,Compliance,Security Engineer,PostgreSQL,118,14,11,1,3,70,44,10,0,1,1,0.0,0
EMP-05340,Compliance,Manager,MySQL,52,7,4,1,7,84,11,2,0,0,1,61.25,1
EMP-05341,Analytics,Tech Lead,PostgreSQL,81,14,10,2,2,25,43,2,0,1,0,0.0,0
EMP-05342,Analytics,Tech Lead,Oracle,55,19,13,4,6,8,25,4,1,1,0,0.0,0
EMP-05343,Compliance,Developer,MySQL,28,4,2,1,6,24,4,3,1,0,1,38.0,0
EMP-05344,Data Science,Senior DBA,MariaDB,61,20,17,3,1,36,19,9,0,1,0,0.0,0
EMP-05345,Compliance,DBA,PostgreSQL,157,10,3,5,1,11,35,2,1,1,0,29.07,0
EMP-05346,Infrastructure,Developer,PostgreSQL,170,2,0,2,8,118,8,9,1,0,0,58.62,1
EMP-05347,Engineering,Security Engineer,PostgreSQL,3,2,0,1,3,117,10,3,1,1,0,63.23,1
EMP-05348,Finance,Manager,MySQL,8,3,1,0,5,78,13,10,1,0,0,7.38,0
EMP-05349,Infrastructure,Tech Lead,Oracle,-23,3,1,2,1,31,6,6,1,1,0,100.0,0
EMP-05350,Engineering,Security Engineer,MongoDB,72,4,1,2,4,83,24,9,0,1,1,41.94,0
EMP-05351,Finance,Senior Developer,MySQL,141,7,5,2,4,59,31,5,1,0,0,1.1,0
EMP-05352,Platform,DBA,MariaDB,123,16,15,0,2,6,10,7,1,1,1,0.0,0
EMP-05353,Platform,Tech Lead,PostgreSQL,86,18,12,6,8,20,17,4,1,1,1,48.37,0
EMP-05354,Compliance,Developer,PostgreSQL,96,10,8,2,5,12,48,3,1,0,1,0.0,0
EMP-05355,Infrastructure,Manager,MariaDB,151,5,2,2,4,104,44,9,0,0,1,34.95,0
EMP-05356,DevOps,Developer,PostgreSQL,42,10,2,6,8,109,29,3,1,0,0,100.0,1
EMP-05357,Operations,Security Engineer,Oracle,94,5,3,2,2,41,14,10,1,1,1,0.0,0
EMP-05358,Engineering,Senior DBA,MongoDB,9,12,7,3,4,13,4,2,1,1,0,18.81,0
EMP-05359,DevOps,Tech Lead,MySQL,2,0,0,0,6,27,47,9,0,1,1,72.44,1
EMP-05360,Operations,DBA,PostgreSQL,69,20,13,6,4,19,2,7,0,1,0,9.76,0
EMP-05361,Platform,DBA,PostgreSQL,10,3,1,2,2,12,43,3,0,1,1,44.89,0
EMP-05362,Engineering,Security Engineer,MySQL,42,11,8,1,0,19,18,8,1,1,0,0.0,0
EMP-05363,Analytics,DBA,PostgreSQL,128,3,1,1,3,1,49,4,1,1,1,13.44,0
EMP-05364,Data Science,Analyst,PostgreSQL,158,11,7,2,1,118,10,8,1,0,0,0.0,0
EMP-05365,DevOps,DBA,Oracle,106,11,8,2,0,28,2,4,1,1,1,0.0,1
EMP-05366,Platform,Security Engineer,MySQL,130,6,4,2,1,16,45,4,0,1,1,9.33,0
EMP-05367,Analytics,Senior DBA,PostgreSQL,9,2,0,2,0,11,14,2,1,1,1,20.52,0
EMP-05368,Data Science,Senior DBA,MySQL,110,7,7,0,3,5,43,10,0,1,1,0.0,0
EMP-05369,Security,Developer,PostgreSQL,28,8,5,3,3,67,20,6,1,0,0,4.53,0
EMP-05370,Infrastructure,Senior Developer,Oracle,120,13,7,4,8,31,12,5,1,0,1,56.37,1
EMP-05371,Platform,Platform Engineer,MongoDB,5,8,3,3,5,9,10,7,1,0,0,36.73,0
EMP-05372,Infrastructure,SRE,Oracle,14,2,0,1,3,6,27,4,1,1,1,28.61,0
EMP-05373,DevOps,Platform Engineer,PostgreSQL,4,5,5,0,1,53,28,10,1,0,0,0.0,0
EMP-05374,Infrastructure,Tech Lead,Oracle,5,0,0,0,1,20,47,5,0,1,1,34.98,0
EMP-05375,Data Science,Security Engineer,PostgreSQL,5,16,9,6,0,73,41,7,0,1,1,32.44,0
EMP-05376,Finance,Manager,Oracle,1,11,9,1,1,92,19,4,1,0,1,0.0,0
EMP-05377,DevOps,Tech Lead,MySQL,0,15,10,4,3,32,27,8,0,1,0,27.67,0
EMP-05378,Infrastructure,Senior Developer,PostgreSQL,-36,3,0,2,0,40,30,8,1,0,1,73.94,1
EMP-05379,Finance,DBA,MySQL,-2,1,0,1,3,4,39,2,1,1,0,67.58,1
EMP-05380,Data Science,Tech Lead,Oracle,148,6,2,3,8,13,3,10,1,1,0,57.38,1
EMP-05381,Platform,Manager,PostgreSQL,-11,2,0,2,7,18,25,5,0,0,0,100.0,1
EMP-05382,Security,Security Engineer,Oracle,11,14,12,0,2,31,48,8,1,1,0,0.0,0
EMP-05383,DevOps,Platform Engineer,Oracle,72,15,12,2,6,84,41,3,1,0,1,0.0,0
EMP-05384,Platform,Analyst,MySQL,119,1,1,0,0,95,9,2,1,0,1,0.0,0
EMP-05385,Platform,DBA,Oracle,-8,12,10,0,4,12,6,2,0,1,1,56.06,1
EMP-05386,DevOps,Developer,Oracle,52,11,7,3,3,111,22,3,1,0,0,6.54,0
EMP-05387,Engineering,Tech Lead,Oracle,14,20,19,0,0,9,9,10,1,1,1,0.0,0
EMP-05388,Engineering,Senior Developer,PostgreSQL,4,2,1,0,8,118,19,2,0,0,0,93.3,1
EMP-05389,DevOps,Tech Lead,MySQL,-35,13,6,5,8,20,11,10,1,1,0,100.0,1
EMP-05390,Compliance,Senior DBA,Oracle,-17,15,9,6,0,28,22,3,1,1,1,100.0,1
EMP-05391,Infrastructure,Senior Developer,Oracle,-44,13,13,0,3,57,25,8,0,0,0,22.21,0
EMP-05392,DevOps,Senior DBA,MySQL,63,6,1,3,3,35,10,8,1,1,1,27.1,0
EMP-05393,Compliance,Senior Developer,PostgreSQL,180,9,2,5,0,101,16,7,1,0,1,20.17,0
EMP-05394,Analytics,Analyst,PostgreSQL,-18,4,0,3,7,65,10,4,1,0,1,100.0,1
EMP-05395,DevOps,Manager,Oracle,-38,4,2,0,5,88,20,7,0,0,1,100.0,1
EMP-05396,Analytics,Manager,SQL Server,2,7,6,1,4,55,33,9,1,0,0,1.6,0
EMP-05397,Infrastructure,DBA,Oracle,5,11,10,1,1,8,5,5,0,1,1,0.0,0
EMP-05398,Security,Platform Engineer,PostgreSQL,-33,8,4,4,7,81,34,10,1,0,1,100.0,1
EMP-05399,Finance,SRE,Oracle,-25,1,1,0,0,15,28,9,1,1,0,51.39,0
EMP-05400,DevOps,Security Engineer,PostgreSQL,167,14,9,4,3,83,42,2,1,1,1,17.2,0
EMP-05401,Analytics,Senior Developer,MySQL,65,5,2,2,8,99,50,5,1,0,0,60.94,1
EMP-05402,Analytics,Developer,MySQL,-6,6,1,3,2,62,41,2,0,0,0,100.0,0
EMP-05403,Infrastructure,Developer,MySQL,24,17,12,5,1,105,14,6,1,0,1,0.0,0
EMP-05404,Finance,Tech Lead,MySQL,145,0,0,0,1,7,49,4,0,1,1,10.02,0
EMP-05405,Operations,SRE,Oracle,21,19,14,4,4,22,17,8,1,1,1,0.0,0
EMP-05406,Platform,Senior DBA,MySQL,7,14,8,5,4,6,36,10,1,1,1,26.88,0
EMP-05407,Compliance,Senior Developer,Oracle,82,7,4,1,1,71,30,5,1,0,1,0.0,0
EMP-05408,Infrastructure,Platform Engineer,MySQL,175,19,15,4,5,91,30,8,1,0,1,0.0,0
EMP-05409,Security,SRE,PostgreSQL,155,8,6,1,3,3,40,2,1,1,1,0.0,0
EMP-05410,Analytics,Tech Lead,PostgreSQL,163,13,11,0,6,9,6,8,1,1,1,0.0,0
EMP-05411,Infrastructure,Developer,Oracle,98,14,8,5,0,33,38,4,0,0,1,4.38,0
EMP-05412,Engineering,DBA,PostgreSQL,136,8,3,5,0,6,49,2,1,1,1,25.53,0
EMP-05413,Compliance,DBA,Oracle,43,19,12,6,4,2,25,6,1,1,1,6.09,0
EMP-05414,Analytics,Senior Developer,MongoDB,55,8,1,5,5,80,17,10,0,0,0,63.6,0
EMP-05415,Finance,Senior Developer,PostgreSQL,-18,2,0,2,6,109,23,6,0,0,1,100.0,1
EMP-05416,Security,Senior DBA,Oracle,3,9,8,1,2,14,12,2,1,1,1,4.65,0
EMP-05417,DevOps,DBA,PostgreSQL,4,1,1,0,3,33,2,8,1,1,1,15.02,0
EMP-05418,DevOps,Manager,PostgreSQL,38,1,0,0,0,73,11,10,0,0,1,0.0,0
EMP-05419,Finance,Security Engineer,MySQL,32,12,11,0,2,10,22,5,1,1,1,0.0,0
EMP-05420,Engineering,SRE,SQL Server,102,2,1,1,0,27,27,2,0,1,1,16.73,0
EMP-05421,Engineering,Tech Lead,SQL Server,58,4,4,0,4,35,35,6,1,1,1,0.0,0
EMP-05422,DevOps,Developer,Oracle,117,12,4,6,5,119,31,2,1,0,1,98.16,1
EMP-05423,Analytics,SRE,SQL Server,96,7,3,4,4,23,5,8,1,1,1,35.02,0
EMP-05424,Infrastructure,Senior DBA,Oracle,41,0,0,0,1,14,5,4,1,1,1,0.0,0
EMP-05425,Security,Platform Engineer,MongoDB,51,0,0,0,5,64,11,9,0,0,0,20.55,0
EMP-05426,Analytics,Security Engineer,Oracle,66,4,2,2,2,77,18,8,0,1,1,29.01,0
EMP-05427,DevOps,Analyst,SQL Server,-44,11,7,4,9,29,42,3,1,0,0,100.0,1
EMP-05428,Finance,Security Engineer,SQL Server,122,19,17,0,0,18,20,2,1,1,1,0.0,0
EMP-05429,Security,Senior DBA,PostgreSQL,5,14,13,0,0,30,40,3,1,1,1,0.0,0
EMP-05430,Security,Tech Lead,Oracle,-12,1,0,1,3,29,12,10,0,1,0,100.0,1
EMP-05431,Data Science,Tech Lead,PostgreSQL,174,2,0,2,1,11,47,9,0,1,0,8.65,0
EMP-05432,Engineering,Developer,MySQL,-2,17,12,4,8,119,21,10,1,0,1,60.35,1
EMP-05433,DevOps,Senior Developer,MongoDB,44,4,2,1,3,78,44,3,1,0,1,13.39,0
EMP-05434,Security,DBA,Oracle,148,14,10,2,2,34,4,3,1,1,1,0.0,0
EMP-05435,Engineering,DBA,MySQL,-14,16,12,2,3,18,34,6,1,1,1,36.62,0
EMP-05436,Finance,SRE,Oracle,170,14,7,5,0,2,38,8,1,1,0,0.0,0
EMP-05437,Platform,DBA,Oracle,116,20,18,1,4,29,45,7,1,1,1,0.0,0
EMP-05438,Finance,Developer,MySQL,152,13,11,2,3,78,27,9,1,0,1,0.0,0
EMP-05439,Engineering,Senior DBA,PostgreSQL,-13,8,5,2,1,36,29,8,1,1,0,44.89,0
EMP-05440,Platform,Senior DBA,PostgreSQL,163,8,7,0,0,25,44,6,1,1,0,0.0,0
EMP-05441,Security,Analyst,MongoDB,6,2,0,0,12,100,27,3,1,0,0,100.0,1
EMP-05442,Engineering,Senior DBA,MySQL,153,8,6,1,4,36,50,9,1,1,0,0.0,0
EMP-05443,Platform,Analyst,PostgreSQL,114,7,3,2,10,84,13,3,1,0,1,79.56,1
EMP-05444,DevOps,Senior DBA,MySQL,-28,3,0,2,0,22,10,10,0,1,1,94.21,1
EMP-05445,Platform,Manager,SQL Server,13,1,0,1,0,41,35,8,1,0,1,0.0,0
EMP-05446,Finance,Senior DBA,Oracle,73,17,14,1,0,27,8,2,0,1,1,0.0,0
EMP-05447,Operations,Senior DBA,MySQL,13,2,0,1,1,14,17,2,1,1,1,16.04,0
EMP-05448,Platform,Developer,PostgreSQL,23,11,8,2,5,83,15,10,0,0,1,5.8,0
EMP-05449,Engineering,Security Engineer,MySQL,117,16,8,6,1,28,22,10,0,1,1,10.08,0
EMP-05450,Data Science,Tech Lead,MongoDB,4,5,4,0,8,10,40,2,1,1,0,49.01,0
EMP-05451,Operations,Analyst,Oracle,111,3,0,2,3,40,2,7,1,0,0,14.18,0
EMP-05452,DevOps,Tech Lead,Oracle,19,7,7,0,6,29,49,7,1,1,1,0.0,0
EMP-05453,Security,DBA,Oracle,22,16,9,5,4,32,6,7,0,1,1,40.44,0
EMP-05454,Finance,Platform Engineer,Oracle,147,5,2,2,7,103,36,10,0,0,1,67.87,1
EMP-05455,Operations,SRE,MongoDB,17,17,14,2,2,19,42,6,1,1,1,0.0,0
EMP-05456,Compliance,DBA,MySQL,-30,16,9,6,1,6,9,8,0,1,1,97.88,1
EMP-05457,Infrastructure,DBA,MongoDB,128,5,4,0,0,9,47,3,0,1,1,0.0,0
EMP-05458,Infrastructure,Analyst,MongoDB,90,8,5,2,7,20,38,4,0,0,0,39.52,0
EMP-05459,Operations,Platform Engineer,MySQL,163,18,12,5,8,24,32,6,1,0,0,19.5,0
EMP-05460,Platform,Senior DBA,PostgreSQL,-25,6,1,4,2,32,26,10,0,1,0,100.0,0
EMP-05461,Infrastructure,Analyst,Oracle,105,5,3,2,9,103,27,10,1,0,1,60.97,1
EMP-05462,DevOps,Senior Developer,Oracle,35,2,0,2,8,50,49,8,1,0,0,63.59,1
EMP-05463,DevOps,Senior Developer,PostgreSQL,-38,6,2,3,4,109,6,10,1,0,0,100.0,1
EMP-05464,Operations,DBA,MySQL,77,11,11,0,0,13,47,10,1,1,0,0.0,0
EMP-05465,Security,SRE,MySQL,-14,20,16,2,3,35,1,3,1,1,1,25.6,0
EMP-05466,Infrastructure,SRE,PostgreSQL,29,1,0,1,4,5,9,10,1,1,1,12.09,0
EMP-05467,Engineering,Security Engineer,MySQL,150,16,10,6,0,85,45,4,0,1,1,18.4,0
EMP-05468,Engineering,Platform Engineer,PostgreSQL,136,7,5,1,3,109,33,7,1,0,1,0.0,0
EMP-05469,Security,Security Engineer,MariaDB,115,11,9,1,0,116,20,4,1,1,0,0.0,0
EMP-05470,Finance,Senior Developer,MySQL,13,3,1,0,6,48,33,2,1,0,1,41.0,0
EMP-05471,Compliance,Senior DBA,MySQL,12,17,14,1,1,12,42,5,1,1,1,0.0,0
EMP-05472,Infrastructure,Manager,Oracle,-42,19,14,5,6,80,40,5,1,0,1,100.0,1
EMP-05473,Platform,DBA,MySQL,111,17,12,5,2,8,36,5,1,1,1,0.0,0
EMP-05474,Analytics,Senior Developer,MariaDB,34,5,3,2,8,54,20,5,1,0,0,47.41,0
EMP-05475,Security,SRE,PostgreSQL,20,15,12,2,0,6,4,8,1,1,0,0.0,0
EMP-05476,Security,Platform Engineer,MariaDB,-43,2,0,2,8,119,2,9,0,0,1,100.0,1
EMP-05477,Security,Senior Developer,PostgreSQL,72,3,0,2,4,49,22,8,1,0,0,18.19,0
EMP-05478,Platform,Platform Engineer,MySQL,175,0,0,0,2,46,37,2,0,0,0,17.71,0
EMP-05479,Infrastructure,SRE,PostgreSQL,24,0,0,0,0,7,38,7,0,1,1,0.0,0
EMP-05480,DevOps,Analyst,PostgreSQL,1,4,0,2,0,48,11,2,0,0,1,57.0,1
EMP-05481,Engineering,SRE,PostgreSQL,5,10,9,0,1,10,7,2,1,1,0,0.0,0
EMP-05482,Data Science,Manager,PostgreSQL,167,6,4,2,2,86,24,2,1,0,1,9.06,0
EMP-05483,Operations,Tech Lead,MySQL,-5,18,13,3,6,24,7,9,1,1,0,26.0,0
EMP-05484,DevOps,SRE,Oracle,69,18,13,4,1,12,17,6,1,1,0,0.0,0
EMP-05485,Compliance,DBA,PostgreSQL,41,8,2,4,2,9,46,4,1,1,0,25.95,0
EMP-05486,Engineering,Developer,MySQL,-38,14,14,0,2,51,6,6,1,0,1,0.0,0
EMP-05487,Finance,Security Engineer,SQL Server,0,13,10,1,2,58,11,8,1,1,0,0.0,0
EMP-05488,Security,Senior DBA,MySQL,6,20,12,6,2,3,47,10,0,1,0,7.44,0
EMP-05489,Engineering,Developer,MySQL,148,15,13,0,6,82,37,10,1,0,0,0.0,0
EMP-05490,DevOps,Security Engineer,PostgreSQL,-10,6,4,0,0,52,43,3,1,1,0,31.43,0
EMP-05491,Security,SRE,Oracle,4,1,0,1,1,36,17,8,1,1,0,10.64,0
EMP-05492,Engineering,Security Engineer,MySQL,88,16,15,0,2,20,2,7,1,1,1,0.0,0
EMP-05493,Security,Tech Lead,Oracle,52,8,5,1,8,18,23,2,0,1,0,65.12,1
EMP-05494,Finance,Senior Developer,MariaDB,58,14,14,0,8,109,46,6,1,0,1,0.0,0
EMP-05495,Operations,Security Engineer,Oracle,111,5,2,1,3,30,30,2,1,1,1,22.28,0
EMP-05496,Data Science,Platform Engineer,PostgreSQL,170,19,13,5,4,75,44,4,1,0,1,0.0,0
EMP-05497,Operations,Tech Lead,MariaDB,45,0,0,0,6,6,13,10,1,1,1,15.56,0
EMP-05498,DevOps,Analyst,MySQL,-17,16,10,4,9,12,38,8,1,0,1,100.0,1
EMP-05499,Analytics,DBA,PostgreSQL,-28,17,12,4,2,6,2,7,0,1,1,66.86,1
EMP-05500,Finance,Security Engineer,Oracle,172,5,1,2,4,107,47,3,1,1,0,54.17,0
