employee_id,department,database_criticality,days_since_last_rotation,reminders_ignored,magic_link_clicked,caused_breach
EMP-0001,HR,Medium,265,9,1,0
EMP-0002,Sales,Medium,382,10,1,0
EMP-0003,Finance,Critical,52,1,0,0
EMP-0004,HR,Critical,111,2,1,0
EMP-0005,Finance,Medium,67,0,1,0
EMP-0006,Marketing,Medium,261,10,1,1
EMP-0007,HR,Low,140,3,1,0
EMP-0008,Marketing,Medium,81,0,0,0
EMP-0009,Marketing,High,77,1,1,0
EMP-0010,IT,Low,241,12,1,0
EMP-0011,Engineering,Critical,301,5,1,1
EMP-0012,Sales,Medium,162,4,0,0
EMP-0013,HR,Medium,359,12,1,0
EMP-0014,Finance,Low,195,9,0,0
EMP-0015,HR,High,171,3,0,0
EMP-0016,Marketing,Medium,218,8,0,0
EMP-0017,HR,Medium,135,2,0,0
EMP-0018,Engineering,Critical,163,3,1,1
EMP-0019,Engineering,Medium,186,10,0,1
EMP-0020,Sales,Low,233,4,1,0
EMP-0021,Sales,High,254,5,1,0
EMP-0022,HR,Low,126,3,1,0
EMP-0023,Engineering,High,370,3,1,0
EMP-0024,Marketing,Medium,260,10,1,1
EMP-0025,HR,Critical,389,6,1,1
EMP-0026,Finance,Low,195,9,1,0
EMP-0027,IT,High,175,4,1,0
EMP-0028,Sales,Medium,359,5,1,0
EMP-0029,Engineering,Medium,293,3,1,1
EMP-0030,HR,Critical,154,2,1,0
EMP-0031,Sales,Medium,154,2,1,0
EMP-0032,Finance,High,104,4,0,0
EMP-0033,Sales,Low,189,6,0,0
EMP-0034,Finance,Low,86,1,1,0
EMP-0035,HR,Low,105,4,1,0
EMP-0036,Marketing,High,311,7,1,1
EMP-0037,Engineering,Low,397,3,1,0
EMP-0038,Marketing,Medium,151,1,1,0
EMP-0039,IT,Low,192,4,1,0
EMP-0040,HR,Medium,309,10,0,1
EMP-0041,Marketing,Critical,115,3,1,0
EMP-0042,Marketing,Medium,231,3,1,1
EMP-0043,IT,Critical,380,10,1,1
EMP-0044,Sales,Critical,219,12,1,0
EMP-0045,Sales,Low,135,1,0,0
EMP-0046,Finance,Medium,30,1,1,0
EMP-0047,Finance,Medium,208,7,1,0
EMP-0048,HR,Critical,211,3,1,1
EMP-0049,Finance,High,256,8,1,1
EMP-0050,Engineering,High,92,3,1,0
EMP-0051,Engineering,Medium,279,6,0,1
EMP-0052,Finance,Critical,339,8,0,1
EMP-0053,Finance,Low,215,12,0,0
EMP-0054,Marketing,Critical,246,8,0,1
EMP-0055,Finance,Medium,328,9,0,1
EMP-0056,Sales,High,174,2,1,1
EMP-0057,Marketing,Low,354,9,1,1
EMP-0058,Marketing,Low,397,12,0,1
EMP-0059,Sales,Critical,64,1,0,1
EMP-0060,Finance,Critical,367,3,0,0
EMP-0061,Marketing,Low,43,0,0,0
EMP-0062,Finance,Low,69,0,0,1
EMP-0063,Engineering,Low,212,6,0,0
EMP-0064,Sales,High,64,1,1,1
EMP-0065,Finance,Low,233,11,1,1
EMP-0066,IT,Low,381,10,1,1
EMP-0067,Sales,Medium,233,5,1,1
EMP-0068,HR,High,129,4,1,1
EMP-0069,IT,High,349,9,1,0
EMP-0070,Marketing,Low,85,0,0,0
EMP-0071,IT,High,180,5,1,0
EMP-0072,HR,Critical,316,8,1,1
EMP-0073,Engineering,Critical,188,3,0,0
EMP-0074,Sales,Medium,93,4,1,0
EMP-0075,Finance,Critical,162,2,0,0
EMP-0076,Finance,Critical,248,11,1,1
EMP-0077,Marketing,High,96,3,1,0
EMP-0078,Marketing,Critical,126,4,1,0
EMP-0079,Engineering,Low,119,3,1,0
EMP-0080,Finance,Medium,33,1,1,0
EMP-0081,Engineering,Medium,356,11,1,1
EMP-0082,IT,High,346,5,1,0
EMP-0083,Marketing,Critical,207,4,1,1
EMP-0084,Sales,Medium,110,3,0,0
EMP-0085,Finance,High,123,3,1,0
EMP-0086,Engineering,Low,34,0,1,0
EMP-0087,Finance,Critical,102,1,0,1
EMP-0088,Finance,High,141,1,1,0
EMP-0089,Engineering,High,290,10,1,1
EMP-0090,HR,Medium,272,7,1,1
EMP-0091,Finance,High,252,4,0,1
EMP-0092,Engineering,Critical,291,4,1,1
EMP-0093,Marketing,Critical,347,12,0,1
EMP-0094,Marketing,Critical,208,4,1,1
EMP-0095,IT,Low,52,1,0,0
EMP-0096,Engineering,Medium,171,3,1,0
EMP-0097,Finance,High,39,1,1,1
EMP-0098,Finance,Medium,53,0,1,0
EMP-0099,Sales,Medium,89,0,1,0
EMP-0100,Marketing,Medium,149,1,0,0
EMP-0101,Finance,Critical,153,4,1,0
EMP-0102,HR,Low,145,1,1,0
EMP-0103,Sales,Medium,64,0,0,0
EMP-0104,HR,Low,71,0,0,0
EMP-0105,HR,Critical,331,10,1,1
EMP-0106,Sales,Low,36,0,0,0
EMP-0107,Marketing,High,59,0,1,0
EMP-0108,HR,Critical,127,1,0,0
EMP-0109,Marketing,Critical,98,3,1,0
EMP-0110,Finance,Low,66,0,1,0
EMP-0111,HR,Low,86,0,1,0
EMP-0112,Engineering,Critical,293,8,1,0
EMP-0113,Marketing,Critical,309,4,1,1
EMP-0114,Finance,Medium,266,12,1,0
EMP-0115,HR,Critical,152,1,1,1
EMP-0116,Engineering,Medium,293,9,0,0
EMP-0117,Finance,Critical,135,2,1,0
EMP-0118,IT,Medium,150,4,1,0
EMP-0119,Engineering,Medium,170,3,1,0
EMP-0120,Sales,Critical,171,1,1,1
EMP-0121,HR,High,108,3,1,0
EMP-0122,Sales,Medium,231,8,0,0
EMP-0123,Sales,Medium,260,7,1,0
EMP-0124,Finance,High,395,8,1,1
EMP-0125,Finance,Medium,123,1,1,0
EMP-0126,Finance,Critical,69,1,0,0
EMP-0127,Marketing,Low,147,3,1,0
EMP-0128,Finance,High,161,3,1,0
EMP-0129,Engineering,Critical,224,8,1,1
EMP-0130,Sales,High,260,11,0,1
EMP-0131,Marketing,Medium,50,0,1,0
EMP-0132,Finance,High,72,0,1,0
EMP-0133,HR,High,80,1,1,1
EMP-0134,Finance,Critical,70,1,0,0
EMP-0135,Finance,Low,174,4,1,0
EMP-0136,Finance,Medium,194,10,1,0
EMP-0137,Finance,Low,264,12,1,1
EMP-0138,Marketing,Low,248,11,0,1
EMP-0139,HR,Low,317,9,1,0
EMP-0140,HR,High,111,4,1,0
EMP-0141,Finance,Low,95,1,0,0
EMP-0142,Engineering,Critical,104,3,0,0
EMP-0143,Engineering,Medium,105,3,0,0
EMP-0144,IT,High,397,12,0,1
EMP-0145,Sales,Critical,234,8,1,1
EMP-0146,Sales,Medium,54,1,0,1
EMP-0147,Sales,High,388,3,0,1
EMP-0148,Marketing,Medium,297,8,1,1
EMP-0149,Marketing,Low,333,4,0,1
EMP-0150,Engineering,High,239,12,1,1
EMP-0151,HR,Medium,358,10,0,1
EMP-0152,Sales,Medium,203,6,1,1
EMP-0153,HR,Medium,51,0,0,0
EMP-0154,Marketing,Low,293,11,1,0
EMP-0155,IT,High,156,2,1,0
EMP-0156,Marketing,Low,142,2,1,0
EMP-0157,Sales,Medium,341,5,1,1
EMP-0158,HR,Medium,345,4,0,1
EMP-0159,HR,High,31,0,1,0
EMP-0160,Finance,Critical,201,10,0,1
EMP-0161,IT,Medium,141,1,1,0
EMP-0162,Engineering,Low,388,4,1,0
EMP-0163,Engineering,Medium,45,1,0,1
EMP-0164,Marketing,High,30,0,0,0
EMP-0165,Sales,Medium,294,11,0,1
EMP-0166,Sales,High,336,11,0,1
EMP-0167,IT,Medium,285,11,1,1
EMP-0168,Marketing,Low,104,1,1,0
EMP-0169,Engineering,Low,276,11,0,1
EMP-0170,Sales,Low,290,11,0,1
EMP-0171,Sales,Medium,398,9,1,1
EMP-0172,Marketing,High,320,5,1,1
EMP-0173,Finance,Critical,392,8,1,1
EMP-0174,Engineering,Medium,278,11,0,1
EMP-0175,Finance,Critical,268,11,0,1
EMP-0176,Finance,High,41,1,1,0
EMP-0177,Engineering,Low,53,1,0,0
EMP-0178,IT,Medium,344,10,1,0
EMP-0179,HR,Low,367,3,0,1
EMP-0180,IT,Medium,210,4,1,0
EMP-0181,Finance,Medium,371,8,1,1
EMP-0182,IT,Low,348,8,1,1
EMP-0183,HR,High,289,8,1,1
EMP-0184,Engineering,Low,270,6,1,0
EMP-0185,Sales,High,193,9,1,1
EMP-0186,IT,High,48,1,1,0
EMP-0187,Finance,Low,298,3,1,0
EMP-0188,IT,Medium,324,12,1,1
EMP-0189,Engineering,Low,253,10,0,1
EMP-0190,Marketing,High,118,1,0,0
EMP-0191,IT,High,395,5,0,1
EMP-0192,Engineering,Critical,306,10,0,1
EMP-0193,IT,Critical,77,0,0,1
EMP-0194,Finance,Low,166,3,0,1
EMP-0195,IT,High,369,7,0,1
EMP-0196,Marketing,Medium,106,2,1,0
EMP-0197,Finance,Low,336,9,1,1
EMP-0198,IT,Low,316,10,1,1
EMP-0199,Sales,High,219,6,0,1
EMP-0200,Engineering,Critical,152,1,1,0
EMP-0201,Engineering,High,292,7,1,1
EMP-0202,HR,High,79,0,1,0
EMP-0203,Finance,Low,357,4,1,1
EMP-0204,IT,High,292,12,1,1
EMP-0205,Engineering,Medium,350,11,1,1
EMP-0206,Finance,High,297,10,0,1
EMP-0207,IT,Medium,138,3,1,0
EMP-0208,Finance,Critical,369,11,0,1
EMP-0209,HR,Critical,229,8,0,1
EMP-0210,HR,Low,61,1,1,0
EMP-0211,Sales,Low,240,9,0,1
EMP-0212,Finance,Critical,72,0,1,0
EMP-0213,IT,High,198,12,1,0
EMP-0214,Engineering,Critical,134,4,1,1
EMP-0215,Sales,Medium,123,1,1,0
EMP-0216,Engineering,Critical,182,6,1,1
EMP-0217,IT,Medium,215,9,1,0
EMP-0218,Marketing,Medium,157,1,1,0
EMP-0219,Engineering,Low,241,11,1,0
EMP-0220,Finance,Critical,222,11,0,1
EMP-0221,Sales,Medium,254,8,1,0
EMP-0222,Sales,Medium,316,7,1,0
EMP-0223,Sales,High,302,8,1,0
EMP-0224,IT,Critical,58,1,1,0
EMP-0225,Finance,Low,100,2,0,0
EMP-0226,Marketing,Low,153,2,1,0
EMP-0227,HR,Low,130,1,0,0
EMP-0228,Finance,Low,289,11,0,1
EMP-0229,IT,Medium,189,9,0,1
EMP-0230,Marketing,Critical,181,9,1,0
EMP-0231,Engineering,Medium,375,5,1,1
EMP-0232,IT,Medium,360,12,1,0
EMP-0233,Finance,Low,56,0,0,1
EMP-0234,IT,Low,259,4,1,0
EMP-0235,IT,Critical,205,11,1,1
EMP-0236,Finance,Low,337,11,1,1
EMP-0237,Sales,Medium,212,3,1,0
EMP-0238,Finance,Low,173,2,1,0
EMP-0239,HR,High,37,0,1,0
EMP-0240,IT,Critical,40,1,0,1
EMP-0241,Marketing,High,262,8,0,1
EMP-0242,Sales,High,277,6,0,1
EMP-0243,Marketing,Low,140,4,1,0
EMP-0244,Engineering,Medium,257,8,0,1
EMP-0245,Sales,Critical,166,2,1,0
EMP-0246,Finance,Low,260,4,1,1
EMP-0247,Finance,Critical,256,3,1,1
EMP-0248,Marketing,Critical,256,7,1,1
EMP-0249,HR,Critical,254,4,0,1
EMP-0250,HR,Low,63,1,0,0
EMP-0251,Finance,Critical,91,3,0,0
EMP-0252,IT,Medium,147,3,1,0
EMP-0253,HR,Low,237,4,1,0
EMP-0254,IT,Low,160,2,1,0
EMP-0255,IT,Medium,366,7,1,1
EMP-0256,Finance,Medium,274,5,1,0
EMP-0257,Marketing,Low,316,7,1,0
EMP-0258,Marketing,Low,63,1,1,0
EMP-0259,Finance,High,364,6,1,0
EMP-0260,Finance,High,32,0,1,0
EMP-0261,HR,Low,339,10,1,1
EMP-0262,Engineering,Critical,113,3,1,0
EMP-0263,Marketing,High,166,2,1,0
EMP-0264,Sales,Low,342,6,1,1
EMP-0265,Engineering,Critical,246,4,0,1
EMP-0266,Sales,Low,386,5,1,0
EMP-0267,Marketing,Low,287,4,1,1
EMP-0268,Marketing,Critical,369,3,1,1
EMP-0269,IT,High,206,9,1,1
EMP-0270,Marketing,Medium,355,12,1,1
EMP-0271,Finance,Medium,234,3,0,1
EMP-0272,Sales,Medium,138,1,1,0
EMP-0273,Engineering,Medium,223,11,1,1
EMP-0274,HR,Medium,105,4,0,0
EMP-0275,Finance,Low,98,4,0,0
EMP-0276,Finance,Medium,282,10,1,1
EMP-0277,Sales,Critical,268,10,0,1
EMP-0278,Engineering,Medium,367,9,1,0
EMP-0279,Marketing,High,64,0,1,1
EMP-0280,Sales,Critical,315,9,1,1
EMP-0281,HR,High,340,6,1,1
EMP-0282,IT,Medium,31,1,1,0
EMP-0283,IT,Critical,367,3,0,1
EMP-0284,Finance,Medium,376,3,0,0
EMP-0285,HR,Critical,236,9,1,1
EMP-0286,Marketing,Critical,65,0,1,0
EMP-0287,Sales,Medium,55,1,0,0
EMP-0288,IT,Medium,247,7,1,1
EMP-0289,HR,Critical,236,6,0,1
EMP-0290,HR,High,196,8,1,1
EMP-0291,Engineering,High,57,1,0,0
EMP-0292,Marketing,High,169,2,0,0
EMP-0293,Finance,High,370,7,0,1
EMP-0294,HR,Medium,171,1,0,0
EMP-0295,HR,Critical,231,11,1,1
EMP-0296,Sales,Critical,74,1,1,0
EMP-0297,Engineering,High,123,1,1,0
EMP-0298,IT,High,62,0,0,1
EMP-0299,IT,Critical,260,3,1,1
EMP-0300,Marketing,Medium,31,0,0,0
EMP-0301,IT,High,373,6,1,1
EMP-0302,Marketing,Medium,152,3,1,0
EMP-0303,Marketing,Medium,174,2,1,0
EMP-0304,Finance,High,209,6,0,1
EMP-0305,Sales,Medium,278,12,1,1
EMP-0306,Finance,Critical,30,0,1,1
EMP-0307,HR,Medium,391,3,1,1
EMP-0308,Marketing,Critical,269,12,0,1
EMP-0309,HR,Low,293,6,0,1
EMP-0310,Engineering,High,188,5,1,0
EMP-0311,Marketing,Medium,348,12,1,0
EMP-0312,Sales,High,141,4,1,0
EMP-0313,Finance,Critical,147,4,1,0
EMP-0314,Engineering,Medium,64,1,0,1
EMP-0315,Finance,Critical,169,1,1,0
EMP-0316,Finance,Low,389,6,1,0
EMP-0317,Sales,Critical,352,10,1,1
EMP-0318,Engineering,Medium,102,1,0,0
EMP-0319,Sales,High,37,0,1,0
EMP-0320,HR,Critical,359,8,1,1
EMP-0321,IT,Critical,134,1,0,1
EMP-0322,IT,High,59,1,1,0
EMP-0323,Marketing,Medium,188,6,0,0
EMP-0324,Engineering,Low,220,11,0,1
EMP-0325,HR,Low,252,4,1,1
EMP-0326,Finance,Medium,385,10,1,1
EMP-0327,Finance,Critical,73,0,1,0
EMP-0328,Sales,Medium,325,5,0,0
EMP-0329,Marketing,Medium,381,5,1,1
EMP-0330,Finance,Low,280,7,1,1
EMP-0331,Sales,High,85,0,1,0
EMP-0332,IT,Low,225,5,1,1
EMP-0333,HR,High,185,6,1,0
EMP-0334,Engineering,High,282,7,1,1
EMP-0335,Sales,Critical,106,3,0,0
EMP-0336,HR,High,242,7,1,1
EMP-0337,HR,High,269,10,1,1
EMP-0338,IT,Medium,54,1,1,0
EMP-0339,HR,Medium,147,3,1,0
EMP-0340,IT,High,150,2,0,0
EMP-0341,Marketing,High,337,3,0,1
EMP-0342,Finance,High,213,3,1,0
EMP-0343,Sales,High,108,2,0,0
EMP-0344,Engineering,Critical,393,11,1,1
EMP-0345,Engineering,High,208,5,0,0
EMP-0346,Marketing,Medium,121,2,0,0
EMP-0347,Sales,High,143,3,0,0
EMP-0348,Sales,High,181,12,1,0
EMP-0349,Finance,Low,216,3,1,1
EMP-0350,Finance,Medium,99,4,0,1
EMP-0351,Marketing,Medium,64,1,1,0
EMP-0352,Sales,Low,336,10,1,0
EMP-0353,Sales,Medium,156,4,1,0
EMP-0354,IT,Critical,209,6,1,1
EMP-0355,HR,Critical,333,10,1,0
EMP-0356,Engineering,Critical,375,9,0,1
EMP-0357,Engineering,Low,291,12,1,1
EMP-0358,Sales,High,114,1,1,0
EMP-0359,HR,Low,110,4,1,0
EMP-0360,Finance,Critical,320,7,1,1
EMP-0361,IT,Medium,159,3,1,0
EMP-0362,Sales,Medium,43,0,1,0
EMP-0363,Sales,High,373,7,0,1
EMP-0364,IT,Medium,181,8,0,1
EMP-0365,Engineering,Critical,393,7,1,1
EMP-0366,Marketing,High,379,3,1,0
EMP-0367,HR,High,374,8,1,1
EMP-0368,HR,High,387,6,0,1
EMP-0369,HR,Medium,364,8,1,1
EMP-0370,Engineering,Medium,283,3,0,1
EMP-0371,Finance,Medium,347,11,0,0
EMP-0372,HR,Low,108,1,1,0
EMP-0373,Sales,Medium,387,11,1,1
EMP-0374,IT,Medium,56,0,0,0
EMP-0375,Finance,Critical,310,6,0,1
EMP-0376,IT,Critical,261,10,1,1
EMP-0377,HR,Low,231,5,1,1
EMP-0378,Finance,Critical,158,2,1,0
EMP-0379,IT,Medium,253,4,1,0
EMP-0380,Sales,High,66,1,1,0
EMP-0381,HR,Medium,156,3,0,0
EMP-0382,IT,Medium,96,1,1,0
EMP-0383,IT,Medium,358,8,1,1
EMP-0384,HR,Low,359,4,1,1
EMP-0385,HR,High,102,3,1,0
EMP-0386,IT,Medium,367,5,1,1
EMP-0387,Sales,Critical,363,8,1,1
EMP-0388,IT,High,233,9,1,1
EMP-0389,HR,High,57,1,0,1
EMP-0390,Sales,Medium,92,3,1,0
EMP-0391,Sales,Medium,94,4,0,0
EMP-0392,Engineering,Critical,302,8,1,1
EMP-0393,Sales,Low,58,0,1,0
EMP-0394,IT,Medium,62,0,0,0
EMP-0395,Sales,High,245,3,1,0
EMP-0396,Finance,Medium,143,2,1,0
EMP-0397,Sales,High,62,1,1,0
EMP-0398,Sales,High,261,5,1,1
EMP-0399,Marketing,Critical,159,4,1,0
EMP-0400,IT,Medium,31,0,1,0
EMP-0401,Marketing,High,236,5,1,1
EMP-0402,HR,Low,227,4,0,0
EMP-0403,Finance,Critical,201,6,0,1
EMP-0404,IT,High,249,10,0,1
EMP-0405,Finance,Critical,146,3,0,0
EMP-0406,Engineering,Medium,229,6,1,1
EMP-0407,Engineering,High,238,4,0,0
EMP-0408,Marketing,Medium,286,5,1,1
EMP-0409,Engineering,Low,173,3,1,0
EMP-0410,Marketing,Critical,379,10,1,1
EMP-0411,HR,Low,209,11,0,1
EMP-0412,IT,Low,223,4,1,1
EMP-0413,HR,Medium,198,4,1,0
EMP-0414,Finance,Medium,114,1,1,0
EMP-0415,IT,Low,224,4,1,0
EMP-0416,Marketing,High,209,12,0,1
EMP-0417,Engineering,Critical,30,1,1,0
EMP-0418,Sales,Low,89,0,1,0
EMP-0419,IT,High,336,12,0,1
EMP-0420,Finance,High,238,5,0,1
EMP-0421,Finance,Low,254,11,1,0
EMP-0422,HR,High,41,1,1,1
EMP-0423,HR,Low,58,1,0,1
EMP-0424,Engineering,Critical,60,1,1,0
EMP-0425,Finance,High,128,3,1,0
EMP-0426,Finance,Low,57,1,1,0
EMP-0427,IT,Medium,66,1,1,0
EMP-0428,Marketing,Low,284,12,0,1
EMP-0429,Marketing,Medium,162,4,1,0
EMP-0430,IT,Critical,213,9,0,1
EMP-0431,IT,Low,102,3,1,0
EMP-0432,Marketing,Medium,289,4,1,0
EMP-0433,IT,High,346,5,1,1
EMP-0434,IT,Medium,171,1,1,0
EMP-0435,HR,Low,55,0,1,0
EMP-0436,Marketing,Medium,300,7,1,1
EMP-0437,Engineering,Critical,147,4,0,1
EMP-0438,Finance,Low,81,0,0,0
EMP-0439,Finance,Critical,168,1,1,0
EMP-0440,Engineering,Medium,319,5,0,0
EMP-0441,Finance,Low,224,12,1,1
EMP-0442,HR,Critical,385,5,1,0
EMP-0443,HR,High,62,0,0,0
EMP-0444,Engineering,High,84,0,0,1
EMP-0445,Sales,High,171,1,1,0
EMP-0446,Finance,Low,126,3,1,0
EMP-0447,HR,Critical,250,9,1,1
EMP-0448,Sales,Medium,177,1,1,0
EMP-0449,Finance,Medium,318,3,1,1
EMP-0450,Engineering,Medium,224,12,1,1
EMP-0451,Marketing,Low,162,1,1,0
EMP-0452,Sales,Critical,351,4,1,0
EMP-0453,Marketing,Low,229,7,1,0
EMP-0454,IT,Critical,183,5,1,0
EMP-0455,HR,Critical,113,1,1,0
EMP-0456,Finance,Medium,54,1,1,0
EMP-0457,IT,Low,329,3,1,1
EMP-0458,Finance,High,363,3,1,1
EMP-0459,HR,High,49,0,1,0
EMP-0460,Sales,Medium,92,2,1,0
EMP-0461,HR,Medium,348,11,1,1
EMP-0462,HR,High,136,2,0,0
EMP-0463,Finance,Critical,394,7,1,1
EMP-0464,HR,Critical,188,10,0,0
EMP-0465,HR,Critical,314,10,1,1
EMP-0466,Engineering,High,334,12,1,1
EMP-0467,Marketing,High,112,4,1,0
EMP-0468,IT,Low,323,10,1,1
EMP-0469,Engineering,High,36,1,1,0
EMP-0470,Finance,Medium,147,1,1,0
EMP-0471,Marketing,Critical,214,12,1,0
EMP-0472,Engineering,Low,38,1,1,0
EMP-0473,Finance,Low,46,1,1,0
EMP-0474,IT,Critical,169,2,1,0
EMP-0475,Sales,Medium,349,10,0,1
EMP-0476,Sales,Critical,150,4,0,0
EMP-0477,HR,Critical,135,1,1,1
EMP-0478,HR,Critical,259,9,1,0
EMP-0479,Finance,Medium,220,3,1,0
EMP-0480,Sales,Critical,282,10,1,1
EMP-0481,Finance,Medium,155,4,1,0
EMP-0482,Finance,Low,128,4,1,0
EMP-0483,Marketing,Critical,58,1,1,0
EMP-0484,HR,Critical,358,6,1,1
EMP-0485,Finance,Low,369,6,1,1
EMP-0486,Finance,High,91,3,1,0
EMP-0487,Sales,Critical,152,2,1,0
EMP-0488,Engineering,Medium,75,1,1,0
EMP-0489,Sales,Critical,238,11,1,1
EMP-0490,Sales,Critical,87,0,0,0
EMP-0491,HR,Low,262,3,1,1
EMP-0492,HR,Low,222,7,1,1
EMP-0493,Engineering,High,258,3,1,0
EMP-0494,Sales,Low,216,12,1,1
EMP-0495,Marketing,Critical,372,7,1,1
EMP-0496,Finance,Low,250,9,1,1
EMP-0497,Engineering,Critical,180,12,1,0
EMP-0498,Engineering,High,214,3,1,0
EMP-0499,Marketing,Medium,377,12,0,0
EMP-0500,IT,High,291,11,0,1
EMP-0501,HR,Low,141,1,1,0
EMP-0502,Sales,Critical,316,8,1,1
EMP-0503,Sales,Low,34,0,0,0
EMP-0504,IT,High,144,4,1,0
EMP-0505,Marketing,Low,196,5,1,0
EMP-0506,Marketing,Low,69,0,1,0
EMP-0507,Finance,Medium,67,0,1,0
EMP-0508,Marketing,Medium,250,10,1,1
EMP-0509,Sales,Critical,330,7,1,1
EMP-0510,Finance,Low,135,1,1,0
EMP-0511,IT,Low,392,5,0,0
EMP-0512,HR,Medium,302,6,1,0
EMP-0513,IT,High,300,5,0,1
EMP-0514,Sales,Critical,185,11,1,1
EMP-0515,Sales,High,292,9,1,1
EMP-0516,Marketing,Low,272,4,1,1
EMP-0517,Finance,Low,58,0,1,0
EMP-0518,Finance,Critical,264,11,1,0
EMP-0519,Finance,Low,341,9,1,1
EMP-0520,IT,Low,113,3,1,0
EMP-0521,Marketing,Medium,175,3,0,0
EMP-0522,Sales,Low,198,6,0,0
EMP-0523,IT,Low,375,7,1,1
EMP-0524,Finance,Low,359,4,1,0
EMP-0525,HR,Critical,138,2,0,0
EMP-0526,Finance,High,294,4,0,1
EMP-0527,Finance,Medium,89,0,1,0
EMP-0528,Finance,High,293,9,1,1
EMP-0529,Sales,High,57,1,1,1
EMP-0530,IT,Medium,394,6,0,1
EMP-0531,Engineering,Low,233,10,1,0
EMP-0532,Sales,Critical,272,7,1,1
EMP-0533,Sales,High,283,11,1,0
EMP-0534,Marketing,High,218,8,1,1
EMP-0535,Engineering,High,356,8,1,1
EMP-0536,Finance,High,173,2,0,0
EMP-0537,HR,Low,37,1,1,0
EMP-0538,Marketing,Medium,170,3,1,0
EMP-0539,IT,Critical,37,0,1,0
EMP-0540,Finance,Critical,313,11,0,1
EMP-0541,Marketing,Medium,264,11,1,1
EMP-0542,Sales,Medium,239,9,1,1
EMP-0543,Marketing,High,209,11,1,1
EMP-0544,IT,Low,55,1,1,0
EMP-0545,IT,High,35,1,1,0
EMP-0546,Finance,Critical,250,7,1,1
EMP-0547,IT,Low,377,10,0,0
EMP-0548,Engineering,Critical,168,3,1,0
EMP-0549,Sales,High,87,0,0,0
EMP-0550,Finance,Medium,123,3,1,0
EMP-0551,Finance,Critical,363,12,1,1
EMP-0552,Sales,Low,67,1,0,0
EMP-0553,Marketing,High,397,7,1,1
EMP-0554,HR,Low,393,9,1,0
EMP-0555,Marketing,Medium,120,2,0,0
EMP-0556,HR,Low,62,1,1,0
EMP-0557,IT,Medium,82,0,1,0
EMP-0558,HR,Medium,236,5,1,1
EMP-0559,Finance,Low,326,8,1,0
EMP-0560,Engineering,Low,324,10,1,1
EMP-0561,Sales,High,354,9,1,1
EMP-0562,Finance,Critical,34,1,0,0
EMP-0563,Finance,High,231,11,0,1
EMP-0564,Finance,Low,310,4,1,1
EMP-0565,Sales,Critical,117,4,0,1
EMP-0566,HR,Medium,102,1,1,0
EMP-0567,IT,Medium,399,10,1,0
EMP-0568,Marketing,Medium,205,11,0,1
EMP-0569,Sales,Medium,351,12,1,1
EMP-0570,Sales,High,93,1,1,0
EMP-0571,Marketing,Critical,118,4,1,0
EMP-0572,Engineering,High,40,0,1,1
EMP-0573,Sales,High,306,6,0,1
EMP-0574,IT,Medium,283,8,1,1
EMP-0575,Engineering,Medium,214,8,1,1
EMP-0576,Marketing,Medium,88,1,1,0
EMP-0577,Finance,Medium,216,3,0,0
EMP-0578,IT,Critical,138,4,1,0
EMP-0579,HR,Critical,323,7,0,1
EMP-0580,Finance,High,241,7,0,1
EMP-0581,Sales,Critical,358,7,1,1
EMP-0582,Engineering,Low,165,4,1,0
EMP-0583,Finance,Medium,309,12,0,1
EMP-0584,Finance,Critical,166,3,0,1
EMP-0585,Marketing,High,293,8,1,1
EMP-0586,Finance,Medium,274,8,0,1
EMP-0587,Sales,Low,142,1,1,0
EMP-0588,Marketing,High,184,7,1,0
EMP-0589,HR,High,321,11,1,1
EMP-0590,Marketing,Critical,241,5,1,1
EMP-0591,Marketing,Critical,322,8,1,1
EMP-0592,HR,High,258,9,1,0
EMP-0593,IT,Critical,356,5,1,0
EMP-0594,IT,High,318,6,0,1
EMP-0595,Finance,Critical,148,1,0,1
EMP-0596,Marketing,Critical,300,10,1,1
EMP-0597,Engineering,Medium,59,1,1,0
EMP-0598,Sales,Medium,250,8,1,0
EMP-0599,Marketing,Low,358,7,0,1
EMP-0600,Sales,Medium,196,11,1,0
EMP-0601,HR,Medium,151,3,1,0
EMP-0602,Finance,Low,271,8,1,1
EMP-0603,IT,High,119,3,1,0
EMP-0604,IT,High,80,0,1,0
EMP-0605,Sales,Medium,265,12,1,1
EMP-0606,IT,Low,395,11,0,1
EMP-0607,Sales,Low,348,4,1,0
EMP-0608,Engineering,High,53,0,1,0
EMP-0609,HR,Medium,135,2,1,0
EMP-0610,IT,High,65,0,1,0
EMP-0611,Engineering,Medium,157,2,1,0
EMP-0612,HR,High,197,9,1,0
EMP-0613,HR,High,338,3,1,0
EMP-0614,Finance,High,88,0,0,0
EMP-0615,Sales,Critical,313,3,1,1
EMP-0616,Engineering,Low,89,0,1,0
EMP-0617,Marketing,High,199,4,0,0
EMP-0618,Engineering,High,282,11,1,1
EMP-0619,Sales,Critical,55,1,1,0
EMP-0620,Finance,High,70,1,1,0
EMP-0621,Engineering,Medium,144,2,1,0
EMP-0622,Finance,High,250,8,1,1
EMP-0623,Sales,Low,395,12,0,1
EMP-0624,Engineering,Critical,139,2,1,0
EMP-0625,Marketing,Critical,238,10,0,1
EMP-0626,HR,Medium,208,11,0,1
EMP-0627,HR,Critical,370,5,1,1
EMP-0628,Finance,Medium,204,6,0,1
EMP-0629,Sales,Low,129,3,1,0
EMP-0630,Engineering,Low,212,11,1,1
EMP-0631,IT,Critical,136,4,1,1
EMP-0632,IT,Medium,140,2,1,0
EMP-0633,HR,Medium,217,12,0,1
EMP-0634,HR,High,385,3,1,1
EMP-0635,Sales,High,258,6,1,1
EMP-0636,Sales,High,290,9,1,0
EMP-0637,Engineering,Low,381,6,0,1
EMP-0638,IT,Critical,213,7,1,1
EMP-0639,Engineering,Critical,252,6,0,1
EMP-0640,Sales,Medium,399,7,0,1
EMP-0641,Marketing,High,151,1,1,0
EMP-0642,Finance,High,91,3,1,1
EMP-0643,Sales,Critical,62,1,1,0
EMP-0644,Sales,Medium,155,3,0,0
EMP-0645,Finance,Critical,319,6,0,1
EMP-0646,IT,Critical,214,4,1,0
EMP-0647,HR,Low,380,4,1,1
EMP-0648,Finance,High,153,2,1,0
EMP-0649,Sales,High,47,1,1,1
EMP-0650,Sales,Medium,179,2,1,0
EMP-0651,Marketing,Low,214,6,1,1
EMP-0652,Engineering,Medium,43,0,0,0
EMP-0653,IT,Critical,42,1,0,0
EMP-0654,Marketing,Low,240,7,1,1
EMP-0655,Marketing,High,272,4,1,0
EMP-0656,Marketing,Critical,183,10,1,1
EMP-0657,HR,Medium,320,9,0,0
EMP-0658,IT,Critical,263,11,1,1
EMP-0659,Sales,High,223,9,1,0
EMP-0660,Sales,Low,162,2,1,0
EMP-0661,Finance,High,373,12,1,1
EMP-0662,Engineering,Critical,244,6,1,1
EMP-0663,Marketing,High,123,2,0,0
EMP-0664,IT,High,163,3,1,0
EMP-0665,Marketing,Low,283,5,0,1
EMP-0666,Engineering,Critical,71,1,1,0
EMP-0667,IT,Critical,203,9,1,1
EMP-0668,Sales,Medium,273,3,1,0
EMP-0669,Finance,Medium,89,0,1,0
EMP-0670,Finance,Critical,87,0,0,0
EMP-0671,Engineering,Medium,141,2,1,0
EMP-0672,HR,High,202,3,1,1
EMP-0673,Marketing,Low,356,4,1,0
EMP-0674,IT,Medium,301,10,1,0
EMP-0675,HR,Medium,337,7,0,1
EMP-0676,HR,Low,159,3,1,0
EMP-0677,IT,Medium,274,8,1,1
EMP-0678,Marketing,Low,183,5,1,0
EMP-0679,IT,High,103,2,1,0
EMP-0680,IT,Low,313,7,1,1
EMP-0681,Engineering,Medium,295,5,0,0
EMP-0682,IT,Low,260,7,1,1
EMP-0683,HR,Medium,308,9,1,0
EMP-0684,HR,High,80,0,1,0
EMP-0685,HR,High,49,0,0,0
EMP-0686,HR,Critical,257,9,0,1
EMP-0687,Finance,Low,259,5,1,0
EMP-0688,IT,Low,146,3,1,0
EMP-0689,IT,Critical,182,10,0,1
EMP-0690,Finance,Low,317,6,0,1
EMP-0691,HR,Critical,239,10,1,1
EMP-0692,Engineering,Medium,336,7,1,1
EMP-0693,IT,Low,69,0,1,1
EMP-0694,Marketing,Low,286,10,1,0
EMP-0695,Marketing,Medium,48,1,1,0
EMP-0696,IT,Low,337,6,1,0
EMP-0697,Engineering,Critical,373,4,0,0
EMP-0698,Engineering,Critical,55,1,0,1
EMP-0699,HR,Low,143,4,0,1
EMP-0700,Sales,High,139,2,0,0
EMP-0701,Sales,High,81,1,1,0
EMP-0702,Sales,Low,65,0,1,0
EMP-0703,Sales,Critical,342,11,0,1
EMP-0704,HR,Critical,179,4,1,0
EMP-0705,Marketing,High,144,4,1,0
EMP-0706,Finance,Medium,108,1,1,0
EMP-0707,Marketing,High,307,10,0,1
EMP-0708,Finance,Medium,216,7,1,0
EMP-0709,IT,Medium,115,2,1,0
EMP-0710,Finance,Low,350,5,1,0
EMP-0711,IT,Critical,314,6,1,1
EMP-0712,Engineering,High,170,4,1,0
EMP-0713,Finance,High,227,3,0,0
EMP-0714,HR,High,237,9,0,1
EMP-0715,IT,Medium,51,1,1,0
EMP-0716,Engineering,Low,217,3,0,0
EMP-0717,Marketing,High,347,4,1,1
EMP-0718,Finance,Medium,279,9,1,1
EMP-0719,Finance,High,288,11,0,1
EMP-0720,Marketing,Low,325,9,0,1
EMP-0721,Finance,Critical,347,11,0,1
EMP-0722,HR,Low,107,3,1,0
EMP-0723,IT,Critical,38,0,1,0
EMP-0724,Engineering,Medium,315,9,0,1
EMP-0725,HR,Low,141,4,1,0
EMP-0726,Engineering,Medium,50,0,1,0
EMP-0727,HR,Critical,230,11,0,1
EMP-0728,IT,Low,359,12,1,1
EMP-0729,Engineering,Critical,36,0,1,0
EMP-0730,Finance,Critical,146,3,1,0
EMP-0731,Sales,Medium,278,6,0,1
EMP-0732,Engineering,High,386,10,1,1
EMP-0733,Finance,Critical,347,10,0,1
EMP-0734,Finance,Low,162,4,1,0
EMP-0735,Marketing,Critical,392,4,1,0
EMP-0736,Sales,Medium,104,1,0,0
EMP-0737,Marketing,Low,46,0,1,0
EMP-0738,Engineering,High,271,10,0,1
EMP-0739,Marketing,Medium,347,4,1,0
EMP-0740,Engineering,Low,207,7,0,1
EMP-0741,IT,Medium,170,4,0,0
EMP-0742,HR,Critical,211,3,0,0
EMP-0743,HR,Critical,38,1,0,0
EMP-0744,HR,High,339,3,1,1
EMP-0745,Sales,Medium,177,4,1,0
EMP-0746,Sales,High,260,10,1,0
EMP-0747,Marketing,Low,397,4,1,0
EMP-0748,Finance,High,99,2,1,0
EMP-0749,Sales,Medium,291,3,1,0
EMP-0750,Engineering,High,78,0,1,0
EMP-0751,Finance,Medium,131,2,1,0
EMP-0752,Sales,Medium,242,7,1,1
EMP-0753,IT,Critical,171,1,1,0
EMP-0754,Sales,Critical,338,11,1,1
EMP-0755,HR,Critical,378,4,0,1
EMP-0756,IT,High,135,2,0,0
EMP-0757,Engineering,Low,335,3,1,1
EMP-0758,Finance,Medium,132,4,0,0
EMP-0759,IT,High,341,10,1,0
EMP-0760,IT,Critical,367,4,0,0
EMP-0761,Marketing,Critical,35,0,0,0
EMP-0762,Sales,Critical,318,10,1,0
EMP-0763,IT,Medium,386,7,0,0
EMP-0764,Engineering,Critical,224,5,0,1
EMP-0765,Marketing,High,39,0,1,0
EMP-0766,Marketing,High,165,3,0,1
EMP-0767,Finance,Medium,141,4,1,0
EMP-0768,Marketing,High,385,6,1,1
EMP-0769,Sales,High,68,1,0,0
EMP-0770,Sales,Critical,212,11,0,1
EMP-0771,Marketing,Low,338,6,0,1
EMP-0772,HR,Low,163,3,0,0
EMP-0773,Engineering,Low,88,1,0,1
EMP-0774,Sales,Critical,155,1,0,1
EMP-0775,IT,Low,342,8,1,1
EMP-0776,IT,Medium,372,8,0,1
EMP-0777,Engineering,Low,340,11,1,1
EMP-0778,IT,Critical,65,1,0,0
EMP-0779,Engineering,Low,273,8,1,1
EMP-0780,Sales,Medium,179,3,1,0
EMP-0781,HR,Medium,74,0,0,0
EMP-0782,Finance,Low,129,3,1,0
EMP-0783,Marketing,Low,154,2,0,0
EMP-0784,Marketing,Critical,311,4,1,1
EMP-0785,Marketing,High,273,5,1,0
EMP-0786,Finance,Medium,386,7,1,0
EMP-0787,IT,High,239,7,1,1
EMP-0788,Marketing,Medium,208,9,1,1
EMP-0789,Finance,Medium,140,4,0,0
EMP-0790,Engineering,High,366,4,1,1
EMP-0791,Engineering,Medium,378,12,1,1
EMP-0792,Marketing,Medium,144,3,0,0
EMP-0793,HR,Critical,143,3,1,0
EMP-0794,HR,Critical,188,8,1,1
EMP-0795,HR,Low,282,5,0,0
EMP-0796,IT,Low,77,1,0,0
EMP-0797,Engineering,Critical,345,4,0,0
EMP-0798,HR,High,125,4,1,0
EMP-0799,Finance,Medium,368,12,0,1
EMP-0800,IT,Critical,264,3,1,1
EMP-0801,IT,Medium,40,1,0,0
EMP-0802,HR,Low,194,6,1,1
EMP-0803,Finance,High,41,1,0,0
EMP-0804,Finance,Critical,198,9,1,1
EMP-0805,Marketing,Critical,360,8,1,1
EMP-0806,Finance,Critical,112,2,0,0
EMP-0807,Sales,High,88,1,1,0
EMP-0808,Marketing,Low,36,1,1,0
EMP-0809,Sales,Low,335,3,1,0
EMP-0810,HR,Medium,59,1,1,0
EMP-0811,Finance,Low,329,3,1,0
EMP-0812,Finance,Medium,298,9,1,1
EMP-0813,Finance,High,43,1,1,0
EMP-0814,Finance,High,149,2,1,0
EMP-0815,Marketing,Low,42,0,1,0
EMP-0816,Engineering,Critical,83,1,1,0
EMP-0817,Finance,Low,213,8,1,0
EMP-0818,Engineering,Critical,116,3,0,0
EMP-0819,Marketing,High,375,9,1,1
EMP-0820,IT,Critical,71,1,0,0
EMP-0821,Engineering,Low,295,9,1,0
EMP-0822,Finance,High,314,8,0,1
EMP-0823,Finance,Critical,263,3,1,0
EMP-0824,Sales,High,124,2,1,0
EMP-0825,IT,High,301,4,0,0
EMP-0826,Engineering,Medium,286,6,0,1
EMP-0827,Marketing,Critical,109,3,1,0
EMP-0828,Engineering,Low,247,12,1,1
EMP-0829,IT,Low,116,3,0,0
EMP-0830,HR,Critical,172,1,0,0
EMP-0831,IT,Low,376,12,1,1
EMP-0832,HR,Critical,357,6,1,1
EMP-0833,Engineering,Medium,295,5,1,1
EMP-0834,Marketing,Low,198,10,1,0
EMP-0835,IT,High,59,0,1,0
EMP-0836,Finance,High,349,4,0,1
EMP-0837,Finance,Medium,124,2,1,0
EMP-0838,Engineering,High,111,3,0,0
EMP-0839,Engineering,High,245,11,1,1
EMP-0840,Finance,Critical,107,3,1,1
EMP-0841,HR,Medium,349,3,1,0
EMP-0842,HR,Critical,343,4,1,1
EMP-0843,HR,High,313,8,0,1
EMP-0844,IT,Critical,192,10,0,0
EMP-0845,Marketing,Critical,335,6,1,1
EMP-0846,IT,Low,197,8,1,0
EMP-0847,HR,Low,385,12,1,1
EMP-0848,HR,Low,42,0,1,0
EMP-0849,Marketing,Low,349,12,0,1
EMP-0850,HR,Critical,35,1,1,1
EMP-0851,HR,Medium,310,4,1,0
EMP-0852,HR,Low,400,11,1,1
EMP-0853,Engineering,Critical,103,4,1,0
EMP-0854,HR,Low,379,4,1,0
EMP-0855,Finance,Low,106,4,1,0
EMP-0856,Engineering,Critical,152,1,0,1
EMP-0857,Finance,Medium,40,1,1,0
EMP-0858,Finance,Medium,136,3,0,0
EMP-0859,Engineering,Medium,239,7,1,1
EMP-0860,Sales,High,116,1,0,0
EMP-0861,HR,Critical,316,6,0,1
EMP-0862,HR,High,254,9,1,1
EMP-0863,IT,High,377,12,1,0
EMP-0864,HR,Critical,70,0,1,0
EMP-0865,Engineering,High,89,0,1,0
EMP-0866,Sales,High,368,5,1,0
EMP-0867,Marketing,High,308,5,1,1
EMP-0868,HR,High,117,4,1,0
EMP-0869,Marketing,High,31,0,1,0
EMP-0870,Engineering,High,30,1,0,1
EMP-0871,Finance,Critical,202,7,0,1
EMP-0872,Sales,Critical,233,7,1,1
EMP-0873,Sales,High,367,8,1,1
EMP-0874,IT,High,310,6,1,1
EMP-0875,Sales,Critical,356,12,0,1
EMP-0876,Sales,Medium,373,11,1,1
EMP-0877,IT,Low,67,0,0,0
EMP-0878,IT,High,340,11,1,0
EMP-0879,Engineering,Medium,98,4,0,0
EMP-0880,Engineering,Low,139,3,0,0
EMP-0881,IT,High,148,3,1,0
EMP-0882,Engineering,Critical,138,4,0,0
EMP-0883,Marketing,High,305,8,1,0
EMP-0884,Marketing,Critical,317,10,1,1
EMP-0885,Sales,Medium,130,3,1,0
EMP-0886,Finance,Critical,387,5,0,0
EMP-0887,Finance,Critical,108,2,0,1
EMP-0888,HR,High,133,4,1,0
EMP-0889,IT,Low,394,11,1,1
EMP-0890,HR,Low,150,4,0,0
EMP-0891,Marketing,High,175,3,1,0
EMP-0892,Marketing,High,141,3,1,1
EMP-0893,IT,Low,93,2,1,0
EMP-0894,Finance,High,235,4,1,0
EMP-0895,Sales,Low,320,9,1,1
EMP-0896,Finance,Low,267,4,0,1
EMP-0897,Sales,Critical,272,8,0,1
EMP-0898,Engineering,Low,369,6,1,1
EMP-0899,Engineering,Critical,218,8,0,1
EMP-0900,Sales,High,117,4,0,0
EMP-0901,Marketing,Medium,246,3,0,0
EMP-0902,HR,Critical,97,2,1,0
EMP-0903,Finance,Critical,216,3,1,1
EMP-0904,IT,High,78,1,1,0
EMP-0905,Marketing,Low,296,12,1,1
EMP-0906,HR,Low,227,7,0,0
EMP-0907,Finance,Critical,232,10,0,1
EMP-0908,IT,Medium,30,0,1,0
EMP-0909,Finance,Critical,46,1,0,1
EMP-0910,IT,Low,147,1,1,0
EMP-0911,Marketing,Medium,384,12,0,0
EMP-0912,IT,Low,237,11,1,1
EMP-0913,Finance,High,111,3,1,1
EMP-0914,Marketing,Low,163,4,0,0
EMP-0915,Engineering,Critical,155,2,1,0
EMP-0916,Engineering,Critical,287,11,1,1
EMP-0917,Finance,Low,193,8,1,1
EMP-0918,Engineering,Medium,323,5,1,0
EMP-0919,IT,Medium,42,0,1,0
EMP-0920,HR,Critical,389,6,0,1
EMP-0921,HR,Low,61,0,1,0
EMP-0922,Engineering,Low,325,7,1,0
EMP-0923,Engineering,Medium,231,6,0,1
EMP-0924,HR,Low,62,1,0,0
EMP-0925,Finance,Low,390,7,1,1
EMP-0926,Engineering,Critical,288,5,1,0
EMP-0927,Finance,High,349,4,1,0
EMP-0928,Engineering,Critical,116,1,0,0
EMP-0929,Marketing,Low,332,12,0,1
EMP-0930,Marketing,High,96,4,1,0
EMP-0931,Finance,Medium,197,10,0,1
EMP-0932,IT,Medium,130,3,0,0
EMP-0933,HR,Critical,366,10,1,1
EMP-0934,Engineering,High,175,4,1,0
EMP-0935,HR,Medium,104,1,0,0
EMP-0936,Sales,Critical,264,11,1,1
EMP-0937,Sales,Medium,319,10,1,1
EMP-0938,HR,High,167,2,1,0
EMP-0939,Engineering,Medium,102,1,1,0
EMP-0940,Sales,Critical,128,2,1,0
EMP-0941,Sales,Medium,341,7,1,0
EMP-0942,Engineering,Low,143,4,1,0
EMP-0943,Finance,Critical,70,0,1,0
EMP-0944,Finance,Critical,177,4,1,0
EMP-0945,Finance,High,167,4,0,0
EMP-0946,Sales,High,78,0,0,0
EMP-0947,HR,High,34,0,1,0
EMP-0948,Engineering,Low,199,8,1,0
EMP-0949,HR,Critical,225,6,1,1
EMP-0950,Marketing,Medium,199,10,1,0
EMP-0951,Finance,Medium,191,9,1,0
EMP-0952,IT,Critical,216,7,1,0
EMP-0953,Sales,Medium,305,6,0,1
EMP-0954,IT,Low,361,8,1,0
EMP-0955,Engineering,Critical,123,4,1,0
EMP-0956,Marketing,High,244,12,1,1
EMP-0957,Finance,Medium,58,1,1,0
EMP-0958,Engineering,Medium,62,1,1,0
EMP-0959,IT,High,323,8,1,1
EMP-0960,IT,High,346,7,0,0
EMP-0961,Marketing,Low,356,7,1,1
EMP-0962,Finance,Low,298,4,0,0
EMP-0963,Finance,Critical,155,3,1,1
EMP-0964,IT,High,275,9,1,0
EMP-0965,IT,Medium,244,5,1,1
EMP-0966,Engineering,High,193,5,0,0
EMP-0967,Sales,Medium,271,12,0,1
EMP-0968,IT,Critical,203,4,1,1
EMP-0969,HR,Medium,40,1,1,0
EMP-0970,Engineering,Critical,75,1,0,0
EMP-0971,Engineering,Critical,168,3,1,0
EMP-0972,Finance,High,241,3,0,1
EMP-0973,HR,Low,96,2,1,0
EMP-0974,Sales,Low,158,4,1,0
EMP-0975,Sales,High,151,2,1,0
EMP-0976,Marketing,Low,199,5,1,0
EMP-0977,Marketing,Low,359,3,0,0
EMP-0978,Finance,Critical,335,10,1,0
EMP-0979,HR,High,194,3,1,0
EMP-0980,Sales,Low,211,10,1,1
EMP-0981,IT,Low,196,4,1,0
EMP-0982,IT,High,50,1,1,0
EMP-0983,HR,Critical,254,5,1,1
EMP-0984,IT,High,239,5,0,1
EMP-0985,Marketing,Medium,74,1,0,0
EMP-0986,HR,Medium,284,9,1,0
EMP-0987,Finance,Low,178,2,0,1
EMP-0988,IT,Critical,203,9,1,1
EMP-0989,Sales,Low,130,2,1,0
EMP-0990,Sales,High,275,12,1,1
EMP-0991,IT,High,362,11,0,1
EMP-0992,HR,Low,298,12,1,0
EMP-0993,Finance,Medium,368,12,1,1
EMP-0994,Sales,Critical,166,4,1,0
EMP-0995,Engineering,Low,269,6,1,1
EMP-0996,Finance,High,261,8,1,1
EMP-0997,Sales,Medium,259,6,1,1
EMP-0998,Sales,Critical,351,9,1,1
EMP-0999,Marketing,Low,186,7,1,0
EMP-1000,Finance,Low,85,1,1,0
EMP-1001,Marketing,Critical,194,11,1,1
EMP-1002,Sales,High,315,3,1,0
EMP-1003,Marketing,High,280,5,1,1
EMP-1004,HR,Low,141,4,1,0
EMP-1005,IT,Medium,275,4,1,0
EMP-1006,Finance,High,81,1,1,0
EMP-1007,Marketing,High,316,6,1,1
EMP-1008,Marketing,Medium,356,3,0,0
EMP-1009,Marketing,Low,288,8,1,1
EMP-1010,IT,Critical,50,0,0,0
EMP-1011,HR,High,125,2,1,0
EMP-1012,Marketing,High,154,3,0,0
EMP-1013,Sales,Critical,300,6,0,1
EMP-1014,Finance,High,123,1,1,0
EMP-1015,HR,Critical,313,6,1,1
EMP-1016,IT,High,150,4,0,0
EMP-1017,IT,Critical,246,8,1,1
EMP-1018,HR,High,391,7,1,1
EMP-1019,IT,Medium,87,1,1,0
EMP-1020,IT,Low,62,0,1,0
EMP-1021,Engineering,Low,253,6,1,0
EMP-1022,Engineering,Low,372,8,1,1
EMP-1023,Marketing,Medium,80,1,1,0
EMP-1024,Finance,Medium,246,11,0,1
EMP-1025,Finance,High,347,3,0,1
EMP-1026,Finance,High,73,0,0,0
EMP-1027,Sales,Medium,382,10,1,1
EMP-1028,IT,Low,251,6,1,0
EMP-1029,Engineering,Medium,314,4,1,0
EMP-1030,Engineering,Low,122,4,1,0
EMP-1031,IT,Medium,176,4,1,0
EMP-1032,IT,Critical,170,3,0,0
EMP-1033,IT,Medium,295,5,0,0
EMP-1034,IT,Low,318,10,1,1
EMP-1035,HR,Low,99,1,1,0
EMP-1036,IT,Low,357,10,1,0
EMP-1037,Marketing,Low,194,9,1,1
EMP-1038,Marketing,High,224,10,0,1
EMP-1039,IT,Low,372,7,1,1
EMP-1040,IT,High,352,6,1,0
EMP-1041,Marketing,Medium,228,11,0,0
EMP-1042,Engineering,Critical,358,7,0,1
EMP-1043,HR,High,193,5,1,1
EMP-1044,Finance,Medium,365,9,0,0
EMP-1045,Sales,Medium,155,4,1,0
EMP-1046,HR,Medium,87,1,1,0
EMP-1047,Engineering,Critical,91,4,1,0
EMP-1048,Sales,Low,41,0,1,0
EMP-1049,Marketing,Critical,111,4,0,0
EMP-1050,Engineering,Critical,320,3,1,0
EMP-1051,HR,Low,202,9,1,0
EMP-1052,Engineering,Critical,33,1,1,1
EMP-1053,Sales,Critical,257,11,1,1
EMP-1054,Engineering,Medium,270,5,1,0
EMP-1055,IT,Low,363,8,0,1
EMP-1056,Marketing,High,369,12,1,1
EMP-1057,Engineering,Low,254,8,1,0
EMP-1058,Finance,Critical,268,7,1,0
EMP-1059,Sales,High,396,12,1,1
EMP-1060,Engineering,Low,357,5,1,0
EMP-1061,Finance,High,298,4,1,1
EMP-1062,Engineering,Low,75,1,1,0
EMP-1063,HR,High,234,6,1,1
EMP-1064,HR,Low,385,12,1,0
EMP-1065,HR,Low,264,11,1,1
EMP-1066,IT,Critical,277,12,0,1
EMP-1067,HR,Critical,93,4,0,0
EMP-1068,Engineering,Critical,72,1,1,0
EMP-1069,Sales,Low,256,10,1,1
EMP-1070,IT,Medium,289,8,1,1
EMP-1071,IT,High,35,0,0,0
EMP-1072,Engineering,Low,374,4,1,1
EMP-1073,HR,Critical,87,0,1,0
EMP-1074,IT,High,294,10,1,1
EMP-1075,Finance,High,207,3,0,1
EMP-1076,IT,High,49,1,0,0
EMP-1077,Sales,Low,165,1,0,0
EMP-1078,Marketing,Critical,378,10,1,0
EMP-1079,Marketing,Medium,321,6,1,1
EMP-1080,HR,Low,263,12,1,0
EMP-1081,Sales,Medium,264,8,1,1
EMP-1082,Marketing,Low,237,7,1,0
EMP-1083,Marketing,High,103,3,1,0
EMP-1084,Sales,Medium,125,3,1,0
EMP-1085,IT,Low,74,1,1,0
EMP-1086,Engineering,Low,205,10,1,1
EMP-1087,Marketing,High,258,4,1,0
EMP-1088,Finance,Medium,255,5,0,0
EMP-1089,IT,Critical,261,9,1,0
EMP-1090,IT,Critical,129,2,1,0
EMP-1091,Finance,Medium,37,0,1,0
EMP-1092,HR,Low,300,6,1,0
EMP-1093,Finance,Medium,364,12,1,1
EMP-1094,Sales,Critical,334,11,0,1
EMP-1095,Sales,High,382,10,1,1
EMP-1096,HR,Low,238,8,0,1
EMP-1097,HR,Critical,217,7,1,1
EMP-1098,IT,Critical,395,8,1,1
EMP-1099,Finance,Low,141,2,1,0
EMP-1100,IT,Medium,43,1,1,1
EMP-1101,IT,Low,346,5,1,0
EMP-1102,Marketing,Medium,398,8,1,1
EMP-1103,IT,Medium,295,3,1,0
EMP-1104,Marketing,Low,33,0,0,1
EMP-1105,IT,High,237,4,0,1
EMP-1106,Sales,High,344,12,0,1
EMP-1107,Marketing,Critical,165,1,1,0
EMP-1108,Engineering,Low,250,9,0,1
EMP-1109,Marketing,High,262,6,1,0
EMP-1110,Marketing,Medium,233,6,0,1
EMP-1111,Engineering,Medium,107,3,1,0
EMP-1112,Marketing,Critical,339,12,1,1
EMP-1113,HR,Low,216,10,1,1
EMP-1114,Sales,Critical,296,10,1,1
EMP-1115,HR,High,137,1,1,0
EMP-1116,HR,High,273,12,0,1
EMP-1117,Finance,Critical,131,4,1,0
EMP-1118,Finance,High,203,3,1,0
EMP-1119,IT,Low,312,12,1,0
EMP-1120,Sales,High,112,2,1,0
EMP-1121,IT,Critical,126,3,1,0
EMP-1122,HR,Critical,272,7,1,1
EMP-1123,Marketing,High,229,7,1,1
EMP-1124,HR,Critical,235,7,1,1
EMP-1125,Finance,Critical,147,1,0,0
EMP-1126,Finance,Medium,141,4,0,0
EMP-1127,HR,High,88,0,1,0
EMP-1128,IT,Low,158,2,1,0
EMP-1129,Finance,High,351,4,0,0
EMP-1130,IT,Critical,317,4,1,1
EMP-1131,Marketing,High,317,11,0,1
EMP-1132,IT,Medium,93,3,1,1
EMP-1133,IT,High,37,1,1,0
EMP-1134,HR,High,71,1,1,0
EMP-1135,HR,Critical,347,12,1,1
EMP-1136,Sales,Medium,34,0,1,0
EMP-1137,HR,Critical,225,10,0,1
EMP-1138,Finance,Medium,202,4,1,0
EMP-1139,IT,High,266,7,1,1
EMP-1140,IT,Low,256,10,1,1
EMP-1141,Finance,High,259,10,1,1
EMP-1142,HR,Low,112,1,1,0
EMP-1143,Finance,Critical,316,8,1,1
EMP-1144,HR,High,268,9,1,1
EMP-1145,Marketing,Medium,75,0,1,0
EMP-1146,Engineering,Low,194,3,0,0
EMP-1147,Marketing,Medium,366,3,0,0
EMP-1148,Marketing,Critical,209,11,0,1
EMP-1149,Sales,High,229,7,1,1
EMP-1150,Engineering,Low,57,1,1,0
EMP-1151,IT,High,358,7,1,1
EMP-1152,HR,Critical,123,4,1,0
EMP-1153,IT,High,395,7,1,0
EMP-1154,IT,Medium,359,4,1,1
EMP-1155,Finance,Low,46,1,1,0
EMP-1156,Sales,High,183,6,1,1
EMP-1157,Finance,Critical,369,4,1,0
EMP-1158,IT,Low,351,7,0,1
EMP-1159,Engineering,Low,365,10,1,1
EMP-1160,Finance,High,366,6,1,1
EMP-1161,Engineering,Low,121,2,0,0
EMP-1162,Sales,Critical,288,4,0,0
EMP-1163,Sales,Low,56,0,1,0
EMP-1164,IT,Medium,128,3,1,0
EMP-1165,Finance,High,273,12,1,1
EMP-1166,Sales,Critical,393,4,1,1
EMP-1167,Engineering,Medium,170,2,1,0
EMP-1168,IT,Critical,233,4,1,1
EMP-1169,IT,Low,308,3,1,1
EMP-1170,IT,Medium,49,0,0,0
EMP-1171,Sales,High,61,1,1,1
EMP-1172,HR,Low,228,3,1,1
EMP-1173,Engineering,Critical,138,3,0,0
EMP-1174,HR,Critical,314,6,1,0
EMP-1175,HR,Low,397,8,1,1
EMP-1176,Sales,Medium,181,5,0,0
EMP-1177,Finance,High,192,10,0,0
EMP-1178,IT,Critical,86,0,0,0
EMP-1179,Sales,Critical,360,10,1,1
EMP-1180,Sales,Low,344,11,1,1
EMP-1181,IT,Low,351,8,1,1
EMP-1182,Engineering,Critical,165,4,0,1
EMP-1183,HR,Medium,267,4,1,0
EMP-1184,IT,Low,273,6,1,0
EMP-1185,HR,High,98,1,0,0
EMP-1186,Sales,Medium,147,1,1,0
EMP-1187,HR,Critical,216,4,1,0
EMP-1188,Marketing,Critical,73,0,1,0
EMP-1189,Sales,Low,71,0,1,0
EMP-1190,IT,Low,145,2,1,0
EMP-1191,Marketing,Medium,354,4,1,0
EMP-1192,Engineering,High,266,12,1,1
EMP-1193,Finance,Medium,59,1,0,0
EMP-1194,Sales,Medium,77,0,1,0
EMP-1195,HR,Critical,131,3,0,0
EMP-1196,Sales,High,89,1,0,0
EMP-1197,Sales,Critical,165,4,0,1
EMP-1198,Sales,Medium,239,9,1,0
EMP-1199,HR,High,233,9,0,1
EMP-1200,HR,Critical,197,5,0,0
EMP-1201,Finance,Critical,334,8,1,1
EMP-1202,Engineering,High,323,9,1,0
EMP-1203,Sales,Critical,40,1,1,0
EMP-1204,HR,Medium,273,7,1,1
EMP-1205,HR,Medium,137,3,1,0
EMP-1206,IT,Medium,184,10,1,0
EMP-1207,Finance,Critical,146,1,1,0
EMP-1208,IT,Medium,186,12,1,0
EMP-1209,Finance,High,187,7,1,0
EMP-1210,IT,Critical,97,3,1,0
EMP-1211,Sales,Low,249,10,0,1
EMP-1212,Sales,Medium,371,7,0,1
EMP-1213,Finance,Low,147,4,1,0
EMP-1214,Marketing,Critical,387,3,1,1
EMP-1215,IT,Medium,271,10,1,1
EMP-1216,IT,Critical,172,1,0,0
EMP-1217,HR,High,377,3,1,0
EMP-1218,Engineering,High,263,10,1,1
EMP-1219,Engineering,Low,132,4,1,0
EMP-1220,Sales,Low,313,12,0,1
EMP-1221,Engineering,High,327,4,0,1
EMP-1222,Engineering,Low,112,1,1,0
EMP-1223,Finance,Medium,350,6,1,1
EMP-1224,Finance,Medium,66,1,1,1
EMP-1225,IT,Medium,144,1,1,0
EMP-1226,HR,High,261,9,1,1
EMP-1227,Finance,Low,141,4,1,0
EMP-1228,Engineering,Low,74,0,1,0
EMP-1229,HR,Low,305,12,1,1
EMP-1230,Finance,Low,334,4,0,1
EMP-1231,HR,Medium,340,8,1,1
EMP-1232,IT,High,342,8,1,0
EMP-1233,Marketing,High,400,4,1,0
EMP-1234,HR,Medium,396,8,1,1
EMP-1235,Sales,High,379,4,1,0
EMP-1236,IT,Medium,135,3,1,0
EMP-1237,Sales,Medium,235,9,1,1
EMP-1238,Sales,Medium,160,3,1,1
EMP-1239,Sales,Medium,65,0,1,0
EMP-1240,Finance,Low,37,1,1,0
EMP-1241,HR,Low,343,6,0,1
EMP-1242,Marketing,High,276,5,1,1
EMP-1243,Finance,High,197,4,0,1
EMP-1244,Engineering,High,256,10,1,1
EMP-1245,Sales,Low,238,9,1,0
EMP-1246,IT,Medium,104,3,1,0
EMP-1247,Sales,High,133,3,1,0
EMP-1248,Engineering,Critical,72,1,1,1
EMP-1249,Finance,High,319,11,0,1
EMP-1250,Marketing,Medium,43,0,1,0
EMP-1251,HR,Critical,160,3,0,0
EMP-1252,Engineering,Low,284,6,1,1
EMP-1253,Finance,Critical,116,4,1,0
EMP-1254,Marketing,High,42,1,0,0
EMP-1255,Sales,High,43,0,0,0
EMP-1256,Finance,Medium,73,1,1,0
EMP-1257,Finance,Medium,388,5,1,1
EMP-1258,IT,Critical,268,7,0,1
EMP-1259,Engineering,Critical,227,9,0,1
EMP-1260,Finance,High,295,5,1,0
EMP-1261,Finance,Medium,307,7,0,1
EMP-1262,IT,Critical,291,11,1,1
EMP-1263,Finance,Critical,206,3,1,0
EMP-1264,Finance,Critical,54,1,1,0
EMP-1265,Engineering,High,324,3,0,1
EMP-1266,HR,Low,397,3,0,1
EMP-1267,Sales,Critical,339,5,0,0
EMP-1268,IT,High,309,5,1,0
EMP-1269,Finance,Low,154,4,1,0
EMP-1270,Marketing,High,89,1,1,0
EMP-1271,Finance,Critical,75,1,1,0
EMP-1272,HR,Medium,238,7,0,0
EMP-1273,Sales,Medium,222,5,1,0
EMP-1274,Sales,Critical,202,7,1,1
EMP-1275,HR,Critical,144,2,0,0
EMP-1276,Sales,Medium,91,2,1,0
EMP-1277,Marketing,Low,323,9,1,1
EMP-1278,IT,Medium,221,8,1,1
EMP-1279,Finance,Critical,348,8,1,1
EMP-1280,Finance,Critical,241,3,1,1
EMP-1281,Marketing,Low,283,6,1,0
EMP-1282,IT,Critical,194,4,1,0
EMP-1283,Sales,Critical,397,8,1,1
EMP-1284,HR,Low,266,5,1,0
EMP-1285,Sales,Medium,255,6,1,0
EMP-1286,Finance,Low,315,8,0,1
EMP-1287,Marketing,Medium,183,11,1,0
EMP-1288,IT,Critical,302,6,1,1
EMP-1289,Sales,Critical,361,10,1,1
EMP-1290,Finance,Critical,80,0,1,0
EMP-1291,HR,Low,277,6,0,1
EMP-1292,Sales,Low,242,5,0,0
EMP-1293,Marketing,Medium,396,11,1,1
EMP-1294,Marketing,Low,87,1,1,0
EMP-1295,IT,High,221,5,0,0
EMP-1296,Finance,High,195,9,1,0
EMP-1297,IT,Low,336,8,1,0
EMP-1298,Finance,Low,247,7,1,1
EMP-1299,Engineering,Medium,54,1,0,0
EMP-1300,Sales,Low,333,12,1,1
EMP-1301,Sales,Medium,365,4,1,1
EMP-1302,Engineering,High,119,2,0,0
EMP-1303,IT,Medium,352,3,1,0
EMP-1304,HR,Medium,304,4,0,1
EMP-1305,Engineering,Medium,235,3,1,0
EMP-1306,Engineering,Low,150,4,1,0
EMP-1307,HR,Medium,250,12,0,1
EMP-1308,Marketing,High,315,11,1,1
EMP-1309,Finance,Medium,155,1,1,0
EMP-1310,Engineering,Critical,306,8,1,1
EMP-1311,Engineering,Low,340,5,0,0
EMP-1312,Marketing,High,394,4,1,0
EMP-1313,Marketing,Low,391,6,1,0
EMP-1314,IT,Medium,229,10,1,1
EMP-1315,Sales,Low,254,7,1,1
EMP-1316,IT,Low,343,10,0,0
EMP-1317,Engineering,Critical,303,4,1,1
EMP-1318,Sales,Low,299,6,1,1
EMP-1319,Marketing,Critical,117,3,1,1
EMP-1320,Sales,Medium,332,11,0,1
EMP-1321,Finance,Low,126,3,0,0
EMP-1322,IT,High,233,12,1,1
EMP-1323,Sales,Critical,217,12,1,1
EMP-1324,Engineering,Critical,389,3,1,1
EMP-1325,IT,Medium,207,6,1,1
EMP-1326,Sales,High,393,10,0,1
EMP-1327,Finance,Critical,90,1,1,0
EMP-1328,HR,Low,56,1,0,0
EMP-1329,Engineering,High,214,4,1,1
EMP-1330,Sales,Low,54,1,1,0
EMP-1331,Marketing,Critical,150,4,1,0
EMP-1332,Engineering,Critical,319,3,1,0
EMP-1333,HR,Low,199,8,1,1
EMP-1334,Sales,High,92,4,0,0
EMP-1335,HR,Medium,288,11,0,1
EMP-1336,Sales,High,143,1,1,0
EMP-1337,Marketing,High,391,8,1,1
EMP-1338,Finance,Critical,290,12,1,1
EMP-1339,Marketing,Critical,246,4,0,1
EMP-1340,IT,High,223,12,1,0
EMP-1341,Sales,Critical,147,4,0,0
EMP-1342,Finance,High,198,6,1,0
EMP-1343,Finance,Medium,397,7,1,1
EMP-1344,Engineering,Medium,300,10,1,1
EMP-1345,IT,Low,311,3,1,0
EMP-1346,IT,Critical,249,3,0,1
EMP-1347,Sales,Medium,317,6,1,1
EMP-1348,Sales,High,353,9,0,1
EMP-1349,Engineering,Low,256,11,0,1
EMP-1350,Engineering,Critical,306,10,0,1
EMP-1351,IT,Medium,309,6,1,1
EMP-1352,HR,Medium,338,6,0,1
EMP-1353,Marketing,Medium,221,3,0,1
EMP-1354,HR,Medium,76,1,1,0
EMP-1355,IT,Medium,194,9,1,0
EMP-1356,Marketing,Low,33,1,1,0
EMP-1357,Engineering,Low,326,7,1,1
EMP-1358,IT,High,124,1,1,1
EMP-1359,Sales,Low,261,6,1,1
EMP-1360,IT,Medium,136,2,1,0
EMP-1361,IT,Low,238,4,1,0
EMP-1362,Engineering,High,314,7,1,1
EMP-1363,Finance,Low,263,12,1,1
EMP-1364,Engineering,High,114,2,1,0
EMP-1365,Sales,High,222,9,0,1
EMP-1366,Marketing,High,188,3,1,0
EMP-1367,IT,Critical,69,0,1,0
EMP-1368,IT,Medium,236,9,0,1
EMP-1369,Sales,Medium,313,5,0,1
EMP-1370,HR,High,300,3,1,0
EMP-1371,Marketing,High,260,8,1,1
EMP-1372,HR,High,227,6,1,1
EMP-1373,Engineering,Critical,106,1,1,0
EMP-1374,IT,Low,301,6,0,1
EMP-1375,HR,High,58,0,1,0
EMP-1376,Finance,Medium,90,1,1,0
EMP-1377,HR,Medium,134,1,0,0
EMP-1378,Marketing,Medium,195,11,1,0
EMP-1379,Engineering,Medium,320,3,1,0
EMP-1380,Marketing,Low,33,1,1,0
EMP-1381,Marketing,Critical,72,0,1,0
EMP-1382,Finance,Medium,267,3,1,0
EMP-1383,IT,High,363,5,1,1
EMP-1384,Sales,Critical,250,8,1,1
EMP-1385,IT,Low,317,3,1,0
EMP-1386,Engineering,Critical,245,11,0,1
EMP-1387,Engineering,Low,394,6,1,0
EMP-1388,IT,Low,243,4,0,0
EMP-1389,HR,Medium,377,4,1,1
EMP-1390,Sales,Medium,156,4,0,0
EMP-1391,Sales,High,36,0,1,0
EMP-1392,Sales,Critical,361,7,0,1
EMP-1393,Marketing,High,353,12,1,1
EMP-1394,HR,Medium,48,1,1,0
EMP-1395,HR,Medium,169,2,0,0
EMP-1396,HR,Medium,213,4,1,0
EMP-1397,IT,High,64,1,1,1
EMP-1398,Sales,Low,186,8,1,0
EMP-1399,HR,High,377,12,1,1
EMP-1400,Engineering,Critical,153,1,1,1
EMP-1401,IT,Medium,301,7,1,1
EMP-1402,IT,Critical,202,11,1,1
EMP-1403,Engineering,Low,196,11,1,0
EMP-1404,Marketing,High,258,9,1,1
EMP-1405,IT,Critical,62,0,1,0
EMP-1406,Sales,Medium,76,1,1,0
EMP-1407,HR,Critical,106,1,0,0
EMP-1408,Engineering,Medium,96,2,1,0
EMP-1409,Sales,Critical,163,2,0,1
EMP-1410,IT,High,207,12,0,1
EMP-1411,Engineering,Critical,148,3,1,0
EMP-1412,Marketing,High,133,3,0,0
EMP-1413,Marketing,Low,141,4,1,0
EMP-1414,Engineering,Medium,394,8,1,1
EMP-1415,Engineering,High,149,3,1,0
EMP-1416,Marketing,High,175,1,0,0
EMP-1417,IT,Critical,143,4,0,1
EMP-1418,Sales,High,173,1,1,1
EMP-1419,IT,Critical,86,0,1,0
EMP-1420,HR,Critical,67,1,1,0
EMP-1421,Finance,Low,156,3,1,0
EMP-1422,Sales,Low,189,11,1,1
EMP-1423,Engineering,Low,334,4,1,1
EMP-1424,HR,Medium,112,1,1,0
EMP-1425,Marketing,Medium,192,7,0,0
EMP-1426,Sales,Critical,376,6,1,1
EMP-1427,HR,High,132,2,0,1
EMP-1428,HR,Low,276,8,1,0
EMP-1429,Marketing,Critical,120,3,1,0
EMP-1430,Marketing,High,241,3,1,0
EMP-1431,Engineering,High,283,4,1,0
EMP-1432,Sales,High,214,8,1,1
EMP-1433,Engineering,Medium,343,12,1,1
EMP-1434,Sales,High,283,3,1,0
EMP-1435,Marketing,Critical,63,0,1,0
EMP-1436,HR,Low,243,6,1,1
EMP-1437,Sales,Medium,57,1,1,0
EMP-1438,Finance,High,152,1,1,0
EMP-1439,Finance,Medium,337,4,0,1
EMP-1440,Engineering,Medium,233,3,1,0
EMP-1441,IT,Low,179,1,0,0
EMP-1442,Engineering,High,67,1,1,0
EMP-1443,Finance,Critical,133,2,1,0
EMP-1444,IT,Low,60,0,1,0
EMP-1445,Finance,Low,186,5,0,0
EMP-1446,HR,Medium,210,8,1,1
EMP-1447,HR,Medium,386,12,0,1
EMP-1448,Engineering,Critical,146,3,0,0
EMP-1449,Engineering,Critical,108,4,0,0
EMP-1450,Finance,Medium,177,2,0,0
EMP-1451,IT,Medium,349,5,1,0
EMP-1452,Engineering,Critical,345,9,1,1
EMP-1453,Sales,High,249,4,1,0
EMP-1454,Finance,Medium,171,2,0,0
EMP-1455,IT,Medium,265,10,0,0
EMP-1456,Engineering,Low,174,3,1,0
EMP-1457,Marketing,Critical,265,5,1,1
EMP-1458,IT,Medium,275,7,1,1
EMP-1459,IT,Critical,377,12,1,1
EMP-1460,Engineering,Critical,52,0,1,0
EMP-1461,Finance,Critical,195,3,0,0
EMP-1462,Sales,High,366,11,1,0
EMP-1463,HR,Critical,127,3,1,1
EMP-1464,Sales,Low,128,3,0,0
EMP-1465,Sales,Low,373,11,1,1
EMP-1466,Sales,High,209,9,1,1
EMP-1467,IT,High,100,2,1,0
EMP-1468,Finance,Critical,245,4,0,0
EMP-1469,Marketing,Low,84,0,1,0
EMP-1470,Engineering,High,223,6,1,1
EMP-1471,Engineering,Medium,181,7,1,1
EMP-1472,Sales,Critical,246,5,0,0
EMP-1473,HR,Low,43,0,1,0
EMP-1474,IT,Low,77,1,1,0
EMP-1475,IT,Low,183,11,0,0
EMP-1476,IT,Critical,337,9,0,1
EMP-1477,IT,High,112,2,1,0
EMP-1478,Sales,High,132,2,0,0
EMP-1479,Engineering,Low,59,1,1,0
EMP-1480,HR,Critical,139,2,0,0
EMP-1481,Marketing,Low,228,5,1,0
EMP-1482,Sales,Critical,41,1,1,0
EMP-1483,HR,Critical,172,3,1,0
EMP-1484,Sales,High,265,10,1,1
EMP-1485,IT,High,150,1,1,0
EMP-1486,Engineering,High,47,0,1,1
EMP-1487,Engineering,Critical,345,10,1,0
EMP-1488,HR,Medium,231,9,0,1
EMP-1489,Sales,High,272,3,1,0
EMP-1490,IT,Critical,272,11,1,1
EMP-1491,Marketing,Low,332,5,1,0
EMP-1492,Engineering,Low,112,4,1,0
EMP-1493,Engineering,Critical,257,9,0,1
EMP-1494,Sales,High,175,2,1,0
EMP-1495,IT,Critical,178,3,1,0
EMP-1496,Sales,Low,33,0,1,0
EMP-1497,Marketing,Critical,395,6,0,1
EMP-1498,HR,Low,231,8,1,1
EMP-1499,Sales,Critical,357,5,1,0
EMP-1500,Engineering,High,91,1,1,0
EMP-1501,Engineering,Medium,318,7,1,1
EMP-1502,IT,High,244,9,1,1
EMP-1503,HR,Critical,311,11,1,1
EMP-1504,HR,Medium,283,10,1,1
EMP-1505,Sales,Low,253,5,0,0
EMP-1506,Finance,Low,393,11,1,1
EMP-1507,IT,Medium,33,0,0,0
EMP-1508,HR,Critical,321,12,1,1
EMP-1509,Engineering,Low,47,1,0,0
EMP-1510,Sales,Medium,281,10,1,1
EMP-1511,IT,Medium,52,0,0,0
EMP-1512,Sales,Low,277,8,0,1
EMP-1513,Finance,High,38,1,1,0
EMP-1514,Marketing,Low,133,4,0,0
EMP-1515,HR,Medium,380,4,0,0
EMP-1516,IT,Low,278,8,1,1
EMP-1517,HR,Critical,150,3,1,0
EMP-1518,IT,Low,234,4,1,0
EMP-1519,HR,Medium,100,3,1,0
EMP-1520,Finance,High,238,7,1,1
EMP-1521,IT,Critical,162,2,1,1
EMP-1522,Finance,High,362,12,1,0
EMP-1523,HR,Critical,331,12,0,1
EMP-1524,Marketing,Medium,351,8,1,1
EMP-1525,IT,Medium,112,2,1,0
EMP-1526,IT,Critical,395,6,1,1
EMP-1527,Engineering,Medium,356,3,0,1
EMP-1528,Finance,Low,151,3,1,0
EMP-1529,HR,Critical,205,3,0,1
EMP-1530,Engineering,Medium,315,7,1,1
EMP-1531,Sales,Low,283,11,1,1
EMP-1532,IT,Critical,267,9,0,1
EMP-1533,Finance,Critical,382,11,1,1
EMP-1534,Engineering,High,191,12,1,1
EMP-1535,Engineering,Low,36,1,1,0
EMP-1536,Finance,Critical,381,6,0,1
EMP-1537,Finance,High,42,0,1,0
EMP-1538,HR,Low,392,11,1,1
EMP-1539,Sales,High,369,6,0,1
EMP-1540,Sales,High,64,0,0,1
EMP-1541,HR,High,316,7,1,1
EMP-1542,Sales,Low,147,3,1,0
EMP-1543,IT,Critical,367,7,1,1
EMP-1544,IT,Medium,262,9,0,0
EMP-1545,Engineering,Low,321,5,1,1
EMP-1546,Marketing,High,209,7,1,1
EMP-1547,HR,Medium,196,10,1,0
EMP-1548,Engineering,Low,268,12,0,1
EMP-1549,Engineering,High,348,12,0,1
EMP-1550,HR,Medium,139,3,0,0
EMP-1551,HR,Medium,269,6,1,1
EMP-1552,Sales,Low,169,1,0,0
EMP-1553,Sales,Medium,212,3,0,0
EMP-1554,Marketing,High,171,4,1,0
EMP-1555,Sales,High,379,3,1,0
EMP-1556,Marketing,Critical,331,10,1,1
EMP-1557,Sales,Critical,190,7,1,1
EMP-1558,Finance,Critical,280,7,1,1
EMP-1559,IT,Medium,356,5,1,1
EMP-1560,Engineering,High,39,0,1,0
EMP-1561,Marketing,High,266,12,0,1
EMP-1562,Finance,High,236,8,1,1
EMP-1563,Engineering,Critical,390,11,1,1
EMP-1564,Engineering,Critical,125,2,0,0
EMP-1565,Marketing,Critical,318,11,0,1
EMP-1566,Marketing,High,304,11,1,1
EMP-1567,IT,Medium,208,10,1,1
EMP-1568,Engineering,Critical,149,3,1,0
EMP-1569,HR,Critical,312,12,1,1
EMP-1570,Marketing,High,148,3,1,0
EMP-1571,IT,High,203,3,0,0
EMP-1572,IT,High,304,9,1,1
EMP-1573,IT,Low,209,3,1,0
EMP-1574,Sales,Medium,329,8,1,1
EMP-1575,Finance,Medium,296,8,0,1
EMP-1576,Marketing,Low,130,4,1,0
EMP-1577,Marketing,Low,80,1,1,0
EMP-1578,HR,Medium,275,11,1,1
EMP-1579,Sales,Medium,237,4,1,1
EMP-1580,IT,Critical,378,5,0,0
EMP-1581,Engineering,Critical,84,0,1,0
EMP-1582,Marketing,Low,372,9,0,1
EMP-1583,HR,Low,384,6,1,1
EMP-1584,Marketing,Medium,360,10,0,1
EMP-1585,HR,High,380,12,1,1
EMP-1586,Engineering,Low,63,0,1,0
EMP-1587,IT,High,311,10,1,0
EMP-1588,Engineering,Critical,138,3,0,0
EMP-1589,Sales,Critical,42,0,1,0
EMP-1590,IT,Medium,151,1,0,0
EMP-1591,Engineering,Medium,364,11,0,1
EMP-1592,Marketing,Medium,245,12,0,1
EMP-1593,HR,Critical,344,5,1,1
EMP-1594,IT,High,261,9,0,1
EMP-1595,Marketing,High,250,9,1,0
EMP-1596,HR,Critical,385,8,1,1
EMP-1597,Engineering,Critical,186,4,0,0
EMP-1598,Engineering,Medium,176,1,1,0
EMP-1599,Marketing,Critical,44,1,1,0
EMP-1600,Marketing,Critical,194,6,1,1
EMP-1601,Sales,Critical,319,3,1,1
EMP-1602,Finance,High,104,1,0,0
EMP-1603,Engineering,Medium,246,7,0,0
EMP-1604,IT,Critical,244,9,1,1
EMP-1605,Finance,High,183,7,1,0
EMP-1606,Engineering,Critical,176,3,1,0
EMP-1607,IT,Critical,75,1,1,0
EMP-1608,Sales,Low,313,10,1,1
EMP-1609,Finance,Medium,393,11,1,0
EMP-1610,Marketing,Low,85,1,1,0
EMP-1611,Marketing,High,97,3,1,0
EMP-1612,Marketing,Low,386,10,0,1
EMP-1613,HR,Low,128,4,0,0
EMP-1614,Marketing,Critical,180,11,1,0
EMP-1615,HR,High,121,1,1,0
EMP-1616,Finance,Medium,338,12,1,1
EMP-1617,HR,High,108,3,1,0
EMP-1618,Finance,Low,250,11,1,0
EMP-1619,Finance,Medium,261,6,1,0
EMP-1620,Sales,High,350,10,1,1
EMP-1621,IT,Medium,195,7,1,0
EMP-1622,Finance,Medium,167,2,1,0
EMP-1623,Finance,Low,361,7,1,0
EMP-1624,HR,Critical,325,9,1,1
EMP-1625,Engineering,High,103,1,1,0
EMP-1626,IT,Low,255,9,1,1
EMP-1627,Finance,Critical,319,5,0,1
EMP-1628,Sales,Critical,214,12,1,1
EMP-1629,Marketing,Low,248,6,0,1
EMP-1630,IT,High,239,12,1,1
EMP-1631,Marketing,Critical,273,8,1,0
EMP-1632,Engineering,Critical,45,1,0,1
EMP-1633,IT,High,130,2,0,0
EMP-1634,Finance,Low,272,3,0,1
EMP-1635,Engineering,Medium,132,4,1,0
EMP-1636,HR,Critical,246,3,1,0
EMP-1637,Engineering,Critical,345,4,1,1
EMP-1638,HR,Critical,246,9,0,1
EMP-1639,Finance,High,154,1,0,0
EMP-1640,Engineering,Low,341,9,1,1
EMP-1641,IT,Low,86,1,1,0
EMP-1642,HR,Critical,50,1,0,0
EMP-1643,Sales,Critical,206,8,0,1
EMP-1644,Sales,Medium,358,10,1,0
EMP-1645,HR,Medium,377,8,1,1
EMP-1646,HR,Medium,260,10,1,0
EMP-1647,Sales,Critical,204,11,0,1
EMP-1648,Sales,Medium,102,1,0,1
EMP-1649,Engineering,Low,126,3,1,0
EMP-1650,Sales,High,50,0,1,0
EMP-1651,IT,High,83,1,1,0
EMP-1652,HR,Low,152,2,1,0
EMP-1653,Finance,High,174,4,1,0
EMP-1654,IT,Low,366,11,1,0
EMP-1655,Sales,Critical,252,12,1,1
EMP-1656,Finance,Low,75,1,0,0
EMP-1657,HR,Medium,57,0,0,0
EMP-1658,Marketing,Critical,211,4,0,1
EMP-1659,Engineering,High,250,12,1,1
EMP-1660,Marketing,Critical,180,3,1,0
EMP-1661,IT,High,274,3,1,0
EMP-1662,IT,Low,249,7,1,1
EMP-1663,Engineering,Critical,91,1,1,0
EMP-1664,Sales,Low,363,12,1,0
EMP-1665,Marketing,Critical,254,10,1,1
EMP-1666,Marketing,Medium,78,0,1,0
EMP-1667,Finance,Low,99,4,0,0
EMP-1668,Marketing,Low,44,1,1,0
EMP-1669,IT,Medium,51,0,1,0
EMP-1670,HR,Low,167,2,0,0
EMP-1671,Marketing,High,176,2,1,0
EMP-1672,Finance,Critical,179,1,1,0
EMP-1673,Finance,Low,356,7,0,0
EMP-1674,Marketing,Low,105,4,1,0
EMP-1675,IT,Medium,143,1,1,0
EMP-1676,IT,Medium,259,3,0,1
EMP-1677,HR,High,170,2,1,0
EMP-1678,HR,Critical,325,12,1,1
EMP-1679,Marketing,Critical,180,4,1,0
EMP-1680,HR,Low,265,7,0,1
EMP-1681,Finance,High,128,3,1,0
EMP-1682,IT,Low,45,1,1,0
EMP-1683,Engineering,High,235,7,1,1
EMP-1684,Finance,High,184,4,1,1
EMP-1685,Sales,Critical,260,6,1,1
EMP-1686,Sales,Medium,212,5,0,0
EMP-1687,Sales,Medium,165,4,1,0
EMP-1688,Sales,Medium,129,1,1,0
EMP-1689,Finance,Medium,236,11,1,0
EMP-1690,HR,Critical,99,2,1,0
EMP-1691,HR,Critical,149,1,0,0
EMP-1692,Finance,High,281,3,1,0
EMP-1693,Marketing,Low,128,1,1,0
EMP-1694,IT,Medium,242,10,1,1
EMP-1695,Marketing,High,109,1,0,0
EMP-1696,HR,Medium,290,6,0,1
EMP-1697,Marketing,Medium,360,3,1,0
EMP-1698,Sales,Medium,59,1,1,0
EMP-1699,IT,High,399,10,0,1
EMP-1700,IT,Critical,347,7,0,1
EMP-1701,Engineering,Critical,396,4,0,0
EMP-1702,Sales,Critical,49,1,0,0
EMP-1703,Sales,Critical,240,11,1,1
EMP-1704,Sales,Medium,277,9,1,0
EMP-1705,IT,Low,203,9,1,1
EMP-1706,Sales,Critical,221,7,1,1
EMP-1707,HR,Low,211,3,0,1
EMP-1708,HR,Critical,299,4,0,1
EMP-1709,IT,Critical,238,7,1,1
EMP-1710,Finance,Low,358,9,1,1
EMP-1711,Finance,High,386,10,1,1
EMP-1712,Marketing,Medium,59,1,1,0
EMP-1713,Finance,Low,358,7,1,0
EMP-1714,Sales,Low,179,4,0,0
EMP-1715,Sales,Low,333,12,0,1
EMP-1716,Sales,Medium,197,12,0,0
EMP-1717,Engineering,Low,78,1,1,0
EMP-1718,HR,High,132,2,1,0
EMP-1719,Finance,Critical,379,9,1,1
EMP-1720,Finance,Medium,144,4,1,0
EMP-1721,Finance,High,41,1,0,0
EMP-1722,HR,Medium,238,7,1,1
EMP-1723,IT,Low,183,10,1,0
EMP-1724,Sales,Medium,121,1,1,0
EMP-1725,Sales,Low,47,0,1,0
EMP-1726,Sales,Low,68,1,1,0
EMP-1727,Marketing,Low,46,0,0,0
EMP-1728,Marketing,Medium,250,12,0,0
EMP-1729,IT,Medium,121,4,1,0
EMP-1730,Marketing,Medium,234,9,0,1
EMP-1731,HR,Critical,203,6,0,1
EMP-1732,Finance,High,127,3,0,0
EMP-1733,Marketing,Critical,38,1,0,0
EMP-1734,HR,Low,133,4,1,0
EMP-1735,Engineering,High,357,5,1,0
EMP-1736,Sales,Low,310,9,1,0
EMP-1737,IT,Critical,386,8,1,1
EMP-1738,HR,Medium,296,6,1,1
EMP-1739,Sales,Critical,363,7,1,1
EMP-1740,Engineering,High,73,0,0,0
EMP-1741,Sales,Critical,307,7,0,1
EMP-1742,HR,Medium,322,5,1,0
EMP-1743,Finance,Medium,278,10,1,1
EMP-1744,HR,Medium,303,12,1,1
EMP-1745,Marketing,Critical,118,4,1,1
EMP-1746,Finance,High,91,4,1,0
EMP-1747,Marketing,Low,318,5,1,0
EMP-1748,HR,Critical,62,1,0,0
EMP-1749,Engineering,High,363,11,1,1
EMP-1750,Sales,Low,120,3,1,0
EMP-1751,HR,Low,234,10,1,0
EMP-1752,IT,Critical,241,5,1,0
EMP-1753,Engineering,Critical,235,9,1,0
EMP-1754,Engineering,Medium,298,8,1,1
EMP-1755,Finance,Critical,112,2,1,1
EMP-1756,Sales,Low,221,12,1,1
EMP-1757,Engineering,Critical,262,12,1,1
EMP-1758,Finance,Medium,314,11,0,1
EMP-1759,Finance,High,100,2,0,1
EMP-1760,Marketing,Critical,276,9,1,1
EMP-1761,Finance,Critical,174,2,0,0
EMP-1762,Marketing,Medium,88,0,0,0
EMP-1763,HR,Low,236,5,0,0
EMP-1764,Sales,Medium,143,1,1,0
EMP-1765,Marketing,Medium,190,6,1,0
EMP-1766,Finance,Low,165,1,0,0
EMP-1767,Marketing,Critical,308,6,1,1
EMP-1768,Sales,High,31,0,1,0
EMP-1769,IT,High,348,12,0,1
EMP-1770,Finance,Low,363,11,1,1
EMP-1771,HR,Medium,322,12,1,1
EMP-1772,HR,Medium,190,5,0,0
EMP-1773,Finance,Medium,226,8,1,1
EMP-1774,HR,Medium,256,3,0,1
EMP-1775,IT,Medium,56,1,1,0
EMP-1776,Finance,Medium,398,12,1,1
EMP-1777,Sales,High,101,1,0,0
EMP-1778,IT,Medium,68,0,0,0
EMP-1779,HR,High,289,4,1,0
EMP-1780,IT,Critical,396,10,0,1
EMP-1781,Sales,Critical,86,0,0,0
EMP-1782,Sales,Medium,41,0,1,0
EMP-1783,HR,High,211,8,1,0
EMP-1784,Marketing,Critical,290,12,0,1
EMP-1785,Sales,Medium,258,11,1,1
EMP-1786,Engineering,Medium,162,2,1,0
EMP-1787,HR,Critical,153,4,0,0
EMP-1788,Sales,Low,356,9,1,1
EMP-1789,Marketing,Medium,99,2,0,0
EMP-1790,HR,High,133,2,1,0
EMP-1791,IT,High,91,3,0,0
EMP-1792,Engineering,Low,187,11,1,0
EMP-1793,HR,Low,110,1,0,0
EMP-1794,IT,Medium,47,0,1,0
EMP-1795,Finance,Medium,273,7,1,1
EMP-1796,Engineering,Medium,33,0,1,0
EMP-1797,Marketing,Critical,389,5,1,1
EMP-1798,IT,High,52,1,1,0
EMP-1799,HR,High,37,0,0,0
EMP-1800,IT,Medium,189,3,1,0
EMP-1801,HR,Low,33,1,1,0
EMP-1802,HR,High,83,0,1,0
EMP-1803,Finance,Critical,334,10,1,1
EMP-1804,IT,High,329,3,0,1
EMP-1805,Engineering,Critical,49,1,1,0
EMP-1806,Finance,Low,112,3,1,0
EMP-1807,Engineering,Low,182,11,0,1
EMP-1808,Engineering,Low,332,9,1,1
EMP-1809,Finance,Critical,259,9,1,1
EMP-1810,Engineering,Critical,270,6,1,0
EMP-1811,HR,Low,376,12,1,1
EMP-1812,Finance,High,286,3,1,1
EMP-1813,Engineering,Low,43,0,1,0
EMP-1814,HR,High,294,5,0,1
EMP-1815,Marketing,Medium,131,3,1,0
EMP-1816,Sales,Medium,91,3,1,0
EMP-1817,Engineering,Medium,150,4,1,0
EMP-1818,IT,Critical,99,3,1,0
EMP-1819,Sales,Critical,179,4,1,0
EMP-1820,IT,High,196,9,1,0
EMP-1821,HR,Low,399,7,0,1
EMP-1822,IT,Critical,136,4,0,0
EMP-1823,IT,Critical,227,12,1,1
EMP-1824,Finance,Low,85,0,0,1
EMP-1825,IT,Medium,296,12,1,1
EMP-1826,Engineering,Critical,222,9,1,1
EMP-1827,Sales,Critical,179,4,1,0
EMP-1828,HR,Low,32,1,1,0
EMP-1829,Finance,Low,219,6,1,1
EMP-1830,Marketing,High,341,9,1,1
EMP-1831,IT,High,152,4,1,0
EMP-1832,Finance,Medium,248,8,1,1
EMP-1833,Engineering,Low,264,5,0,1
EMP-1834,IT,High,209,5,0,1
EMP-1835,Marketing,Low,283,7,1,1
EMP-1836,Sales,Low,157,1,1,0
EMP-1837,Marketing,Low,234,7,0,0
EMP-1838,Sales,High,239,11,1,1
EMP-1839,Finance,Low,311,6,0,1
EMP-1840,Finance,Critical,316,11,1,0
EMP-1841,HR,Critical,285,6,1,1
EMP-1842,Engineering,Critical,69,1,0,0
EMP-1843,IT,Critical,217,3,1,1
EMP-1844,Engineering,Medium,103,2,1,0
EMP-1845,HR,Low,267,5,1,0
EMP-1846,IT,High,314,3,0,0
EMP-1847,Finance,Critical,253,3,0,1
EMP-1848,HR,Critical,222,12,1,0
EMP-1849,Marketing,Critical,156,4,1,0
EMP-1850,Finance,Medium,309,11,0,1
EMP-1851,Engineering,Medium,163,1,1,0
EMP-1852,IT,Critical,318,8,1,1
EMP-1853,Marketing,Low,248,4,1,1
EMP-1854,Sales,High,145,4,1,0
EMP-1855,Marketing,Medium,303,7,1,0
EMP-1856,Engineering,Low,75,0,0,0
EMP-1857,Finance,High,188,6,1,1
EMP-1858,Finance,Medium,176,2,1,0
EMP-1859,Finance,Critical,245,10,1,1
EMP-1860,IT,Low,158,2,1,0
EMP-1861,Marketing,Critical,253,7,1,0
EMP-1862,Marketing,Critical,56,1,0,0
EMP-1863,Marketing,Medium,327,4,1,0
EMP-1864,Finance,Critical,325,9,0,1
EMP-1865,Marketing,Low,196,3,1,0
EMP-1866,Finance,High,387,3,1,0
EMP-1867,Engineering,Medium,301,8,0,1
EMP-1868,Marketing,Medium,319,5,0,0
EMP-1869,Finance,Medium,148,1,1,0
EMP-1870,Finance,Medium,334,5,1,0
EMP-1871,Sales,High,158,1,1,0
EMP-1872,Engineering,Medium,111,3,1,0
EMP-1873,IT,High,160,3,1,0
EMP-1874,IT,Low,369,3,0,0
EMP-1875,Marketing,Medium,312,11,1,1
EMP-1876,Sales,Low,283,4,1,0
EMP-1877,Marketing,Medium,93,4,0,1
EMP-1878,HR,High,120,2,1,0
EMP-1879,Marketing,Low,41,0,1,0
EMP-1880,IT,Low,331,10,1,1
EMP-1881,HR,Critical,348,9,0,1
EMP-1882,Sales,Low,113,3,1,0
EMP-1883,HR,Low,188,11,0,0
EMP-1884,Sales,High,190,10,1,0
EMP-1885,Finance,Low,107,2,1,0
EMP-1886,Sales,Critical,139,1,1,0
EMP-1887,Finance,Critical,195,3,1,0
EMP-1888,Finance,Critical,45,1,0,0
EMP-1889,Engineering,Critical,239,3,0,1
EMP-1890,Engineering,Critical,160,2,1,0
EMP-1891,Finance,Low,85,1,0,0
EMP-1892,HR,Medium,323,7,1,1
EMP-1893,Engineering,Medium,110,4,1,0
EMP-1894,Marketing,High,171,3,1,0
EMP-1895,HR,Low,110,2,0,0
EMP-1896,IT,High,49,1,0,0
EMP-1897,Sales,High,385,11,1,1
EMP-1898,Finance,Low,120,3,1,0
EMP-1899,Sales,Critical,379,4,0,0
EMP-1900,IT,High,312,11,0,1
EMP-1901,IT,Low,206,11,0,1
EMP-1902,Sales,Low,69,0,0,0
EMP-1903,Marketing,Critical,201,10,0,1
EMP-1904,Finance,High,157,1,1,0
EMP-1905,Engineering,Medium,125,2,1,0
EMP-1906,HR,High,264,10,0,1
EMP-1907,Finance,Low,298,12,1,0
EMP-1908,Sales,Critical,221,11,1,1
EMP-1909,IT,Critical,400,12,0,1
EMP-1910,Sales,Low,114,4,0,0
EMP-1911,Finance,Low,119,4,1,0
EMP-1912,IT,Critical,182,4,0,0
EMP-1913,Marketing,Critical,102,4,1,0
EMP-1914,Marketing,Critical,127,1,1,1
EMP-1915,Finance,High,358,12,1,1
EMP-1916,Marketing,High,119,1,1,0
EMP-1917,IT,Low,377,3,1,0
EMP-1918,Engineering,Critical,335,12,1,1
EMP-1919,IT,High,30,1,0,1
EMP-1920,IT,Critical,40,1,1,0
EMP-1921,Engineering,Critical,127,3,1,0
EMP-1922,IT,High,327,8,1,1
EMP-1923,Engineering,High,51,0,0,0
EMP-1924,Finance,Medium,184,6,1,1
EMP-1925,HR,High,166,1,1,0
EMP-1926,Sales,Low,279,12,1,1
EMP-1927,Sales,Low,250,5,1,1
EMP-1928,IT,Low,359,7,0,1
EMP-1929,Finance,Medium,129,4,1,0
EMP-1930,Finance,Critical,245,8,1,1
EMP-1931,Engineering,Medium,46,1,1,0
EMP-1932,Marketing,Medium,270,10,1,0
EMP-1933,IT,Critical,117,2,1,1
EMP-1934,Sales,High,280,9,1,0
EMP-1935,Marketing,Critical,391,3,1,1
EMP-1936,Engineering,High,283,7,1,1
EMP-1937,HR,Critical,232,3,1,0
EMP-1938,HR,High,265,11,1,1
EMP-1939,Sales,Medium,281,8,1,0
EMP-1940,Finance,High,61,1,0,0
EMP-1941,IT,Medium,185,12,0,0
EMP-1942,HR,High,113,4,0,0
EMP-1943,HR,Medium,349,6,1,0
EMP-1944,Finance,Critical,113,1,0,0
EMP-1945,HR,Medium,242,10,1,1
EMP-1946,Engineering,High,284,12,1,0
EMP-1947,Engineering,High,214,8,1,0
EMP-1948,Sales,Low,281,7,0,0
EMP-1949,HR,Critical,302,5,1,1
EMP-1950,Sales,Low,213,8,1,1
EMP-1951,Sales,Low,156,4,1,0
EMP-1952,Marketing,Low,126,4,0,0
EMP-1953,Engineering,Low,159,2,1,0
EMP-1954,IT,High,104,4,0,1
EMP-1955,Finance,Medium,259,8,0,1
EMP-1956,HR,Medium,355,5,0,0
EMP-1957,Finance,High,346,6,1,1
EMP-1958,HR,High,144,3,1,0
EMP-1959,Engineering,Critical,186,10,1,0
EMP-1960,Engineering,Medium,51,1,1,0
EMP-1961,Sales,Low,322,4,1,0
EMP-1962,HR,Low,35,0,1,0
EMP-1963,Marketing,High,113,4,0,1
EMP-1964,Marketing,High,268,4,1,0
EMP-1965,IT,Medium,246,7,1,0
EMP-1966,Sales,Critical,316,7,1,1
EMP-1967,HR,Low,289,4,1,1
EMP-1968,Engineering,Medium,139,2,1,0
EMP-1969,HR,Critical,333,10,1,1
EMP-1970,Finance,High,266,5,1,0
EMP-1971,Marketing,High,94,1,0,0
EMP-1972,Finance,High,270,5,1,1
EMP-1973,HR,High,317,3,1,1
EMP-1974,Sales,Critical,129,3,0,0
EMP-1975,Finance,Low,360,7,1,0
EMP-1976,Sales,High,67,1,0,0
EMP-1977,Finance,Low,249,6,1,1
EMP-1978,Finance,Critical,209,10,0,1
EMP-1979,IT,Critical,177,2,1,0
EMP-1980,Marketing,High,368,8,0,1
EMP-1981,Engineering,Low,386,9,1,1
EMP-1982,Marketing,High,177,2,1,0
EMP-1983,HR,Medium,288,12,0,1
EMP-1984,Engineering,Low,115,2,1,0
EMP-1985,HR,Critical,308,6,1,1
EMP-1986,Finance,High,157,2,0,0
EMP-1987,Engineering,Low,355,10,1,0
EMP-1988,Finance,High,146,4,1,0
EMP-1989,Marketing,Medium,68,0,1,0
EMP-1990,IT,Low,350,12,1,1
EMP-1991,IT,Low,132,2,0,0
EMP-1992,Engineering,High,269,6,0,0
EMP-1993,Finance,Medium,302,9,0,0
EMP-1994,Sales,Critical,157,1,1,1
EMP-1995,Engineering,Medium,323,8,1,1
EMP-1996,Marketing,Critical,233,3,0,1
EMP-1997,Engineering,High,219,5,1,1
EMP-1998,HR,High,249,8,1,1
EMP-1999,Marketing,Medium,182,6,0,1
EMP-2000,HR,Low,281,9,1,0
EMP-2001,Marketing,Critical,44,1,1,0
EMP-2002,Finance,Critical,211,10,1,0
EMP-2003,Finance,Medium,103,2,0,1
EMP-2004,Finance,Low,252,4,1,0
EMP-2005,HR,Critical,100,1,1,0
EMP-2006,Sales,Critical,399,7,1,1
EMP-2007,HR,Low,84,0,1,0
EMP-2008,HR,Critical,143,4,1,0
EMP-2009,Engineering,Low,136,3,1,0
EMP-2010,Engineering,High,264,5,1,1
EMP-2011,Engineering,High,31,0,1,0
EMP-2012,Finance,Low,398,3,0,1
EMP-2013,Sales,Low,369,7,1,1
EMP-2014,Engineering,Low,210,11,1,1
EMP-2015,Sales,Low,168,4,1,0
EMP-2016,IT,High,90,3,1,0
EMP-2017,HR,Critical,272,3,0,0
EMP-2018,Finance,Critical,109,3,1,0
EMP-2019,Marketing,Low,76,0,1,0
EMP-2020,IT,High,116,3,1,0
EMP-2021,Marketing,Low,341,12,1,1
EMP-2022,IT,High,231,9,1,1
EMP-2023,HR,Critical,296,3,0,0
EMP-2024,Marketing,Critical,68,1,1,0
EMP-2025,IT,Critical,283,10,1,1
EMP-2026,Marketing,Medium,193,5,1,0
EMP-2027,HR,Low,203,10,0,1
EMP-2028,IT,Medium,97,1,1,0
EMP-2029,IT,High,129,4,1,1
EMP-2030,IT,High,348,5,1,1
EMP-2031,Marketing,Critical,181,7,1,0
EMP-2032,Marketing,Critical,117,3,1,0
EMP-2033,IT,Medium,31,0,1,0
EMP-2034,HR,Medium,114,3,1,0
EMP-2035,IT,Medium,384,4,1,1
EMP-2036,Engineering,Low,299,8,0,1
EMP-2037,Engineering,High,198,8,0,1
EMP-2038,Sales,Critical,302,7,1,1
EMP-2039,Finance,Medium,249,8,1,1
EMP-2040,Engineering,High,206,8,0,1
EMP-2041,HR,Medium,232,11,1,1
EMP-2042,Sales,Low,178,1,1,0
EMP-2043,IT,Critical,237,4,1,1
EMP-2044,Marketing,High,291,10,1,1
EMP-2045,Engineering,High,132,2,1,0
EMP-2046,Marketing,Critical,144,1,0,1
EMP-2047,Sales,Medium,198,4,1,0
EMP-2048,Marketing,Critical,282,11,1,0
EMP-2049,Sales,Low,210,8,1,1
EMP-2050,Finance,Critical,118,2,1,1
EMP-2051,Marketing,Critical,118,1,1,0
EMP-2052,HR,High,257,8,1,1
EMP-2053,IT,High,328,10,1,1
EMP-2054,IT,High,172,4,1,0
EMP-2055,Engineering,Critical,163,2,0,0
EMP-2056,Finance,High,370,11,1,1
EMP-2057,Sales,Low,235,6,1,1
EMP-2058,Sales,Medium,145,2,1,0
EMP-2059,Marketing,Medium,268,12,1,1
EMP-2060,Finance,Medium,113,1,1,0
EMP-2061,Sales,Low,282,5,1,0
EMP-2062,Sales,High,143,1,1,0
EMP-2063,Sales,Medium,202,10,0,1
EMP-2064,Finance,Critical,351,5,0,1
EMP-2065,Engineering,Critical,118,3,1,0
EMP-2066,Marketing,High,369,8,1,1
EMP-2067,IT,Critical,377,12,1,1
EMP-2068,HR,Critical,306,9,1,1
EMP-2069,IT,Low,184,3,1,0
EMP-2070,Marketing,Medium,124,3,0,0
EMP-2071,HR,High,230,8,1,1
EMP-2072,Sales,Low,167,1,0,0
EMP-2073,Finance,Critical,82,1,1,1
EMP-2074,Engineering,High,156,2,0,1
EMP-2075,Finance,Low,305,7,1,1
EMP-2076,Marketing,Medium,400,4,1,1
EMP-2077,IT,High,273,10,1,1
EMP-2078,IT,High,358,3,1,1
EMP-2079,Engineering,Medium,283,7,1,0
EMP-2080,HR,High,96,4,1,0
EMP-2081,IT,High,251,3,1,1
EMP-2082,IT,High,267,3,1,1
EMP-2083,HR,Medium,51,0,1,0
EMP-2084,Engineering,Low,156,4,1,0
EMP-2085,HR,Low,153,2,0,0
EMP-2086,Sales,Low,229,10,1,0
EMP-2087,HR,Low,71,1,1,0
EMP-2088,Engineering,Medium,125,2,0,1
EMP-2089,Finance,Low,273,5,1,1
EMP-2090,Marketing,Medium,351,3,1,1
EMP-2091,Engineering,Critical,375,8,1,1
EMP-2092,Sales,Medium,330,7,0,0
EMP-2093,Engineering,Low,344,12,0,1
EMP-2094,IT,Low,354,3,1,0
EMP-2095,HR,High,156,3,1,0
EMP-2096,HR,Medium,50,1,1,0
EMP-2097,Finance,High,158,2,1,0
EMP-2098,HR,Low,390,8,1,0
EMP-2099,Engineering,High,147,2,1,0
EMP-2100,Finance,Critical,30,1,1,0
EMP-2101,Sales,High,397,7,1,1
EMP-2102,Marketing,Low,152,4,1,0
EMP-2103,Marketing,Low,146,2,1,0
EMP-2104,Marketing,Medium,251,3,1,1
EMP-2105,Engineering,Medium,374,9,1,1
EMP-2106,Engineering,Medium,257,8,1,1
EMP-2107,Sales,Low,92,3,1,0
EMP-2108,Engineering,Critical,384,12,0,1
EMP-2109,Sales,Low,383,3,1,0
EMP-2110,Finance,Medium,188,4,0,0
EMP-2111,Marketing,Medium,132,1,0,0
EMP-2112,Finance,Low,371,7,0,1
EMP-2113,HR,Medium,166,2,1,0
EMP-2114,Engineering,Low,240,8,1,0
EMP-2115,Engineering,High,260,8,0,1
EMP-2116,HR,Critical,278,12,1,0
EMP-2117,Engineering,Medium,160,1,1,0
EMP-2118,Engineering,Critical,33,0,1,1
EMP-2119,Sales,High,138,2,1,0
EMP-2120,IT,Critical,260,11,1,1
EMP-2121,Finance,Critical,121,3,0,0
EMP-2122,Finance,Critical,390,12,1,0
EMP-2123,Engineering,Low,153,3,0,0
EMP-2124,HR,Medium,318,5,1,0
EMP-2125,Finance,Critical,330,6,1,1
EMP-2126,Finance,Medium,275,10,1,1
EMP-2127,HR,Critical,84,0,1,0
EMP-2128,Engineering,Medium,182,4,1,0
EMP-2129,Finance,Low,251,3,0,0
EMP-2130,Marketing,Medium,353,8,1,0
EMP-2131,Marketing,Low,308,10,0,1
EMP-2132,Engineering,Medium,379,3,0,1
EMP-2133,Finance,Low,371,11,1,0
EMP-2134,Finance,Low,261,6,1,1
EMP-2135,IT,Critical,172,2,1,0
EMP-2136,HR,Medium,110,1,1,1
EMP-2137,Finance,Critical,223,6,0,1
EMP-2138,HR,Critical,189,10,1,0
EMP-2139,HR,High,302,6,1,1
EMP-2140,Sales,Low,323,6,0,0
EMP-2141,Sales,Medium,197,6,1,0
EMP-2142,Finance,High,66,1,0,0
EMP-2143,Marketing,High,82,0,1,0
EMP-2144,Marketing,Critical,283,5,1,1
EMP-2145,Finance,Critical,117,2,1,0
EMP-2146,IT,High,159,4,1,0
EMP-2147,IT,High,260,6,1,1
EMP-2148,Sales,Medium,142,1,1,0
EMP-2149,HR,Medium,377,10,1,1
EMP-2150,HR,Low,127,2,1,0
EMP-2151,Sales,Low,57,1,1,0
EMP-2152,Sales,Critical,298,3,1,0
EMP-2153,IT,Low,216,5,1,1
EMP-2154,Finance,Critical,340,9,1,1
EMP-2155,Finance,Critical,396,11,0,1
EMP-2156,IT,Critical,117,4,1,1
EMP-2157,Marketing,High,140,4,1,0
EMP-2158,Marketing,High,369,5,0,1
EMP-2159,HR,Medium,275,7,0,1
EMP-2160,HR,Medium,319,6,0,1
EMP-2161,Finance,Medium,198,7,1,0
EMP-2162,HR,Critical,318,6,1,0
EMP-2163,Finance,High,250,7,0,1
EMP-2164,HR,High,53,0,0,0
EMP-2165,IT,Low,277,9,1,1
EMP-2166,Finance,Low,216,9,1,1
EMP-2167,IT,Critical,316,3,1,0
EMP-2168,Sales,Medium,234,8,1,1
EMP-2169,Marketing,Critical,97,3,1,0
EMP-2170,Marketing,Medium,102,3,1,0
EMP-2171,Finance,High,189,5,1,1
EMP-2172,IT,Low,40,1,0,0
EMP-2173,Sales,High,55,0,0,0
EMP-2174,HR,High,218,7,0,1
EMP-2175,HR,High,340,5,0,1
EMP-2176,Finance,High,254,5,1,1
EMP-2177,Sales,High,101,1,0,1
EMP-2178,Engineering,Low,251,9,1,1
EMP-2179,IT,High,358,6,0,1
EMP-2180,Marketing,Low,241,7,1,1
EMP-2181,Marketing,Medium,53,1,0,0
EMP-2182,Marketing,Critical,148,4,1,0
EMP-2183,HR,Medium,117,3,0,0
EMP-2184,HR,Low,267,8,1,1
EMP-2185,Sales,Medium,159,3,0,0
EMP-2186,Marketing,High,90,2,1,0
EMP-2187,IT,Low,271,8,1,0
EMP-2188,Sales,Critical,148,2,0,0
EMP-2189,Marketing,High,151,3,1,0
EMP-2190,Engineering,High,290,3,0,1
EMP-2191,Finance,High,313,9,1,1
EMP-2192,HR,Critical,127,3,1,0
EMP-2193,Marketing,Critical,195,6,1,0
EMP-2194,Finance,Low,269,11,1,0
EMP-2195,HR,Critical,94,2,1,0
EMP-2196,Engineering,Critical,138,3,1,0
EMP-2197,Marketing,Critical,136,1,1,1
EMP-2198,Engineering,Critical,206,4,1,1
EMP-2199,Marketing,Critical,284,11,1,1
EMP-2200,Marketing,High,182,12,1,1
EMP-2201,Marketing,Low,355,5,1,0
EMP-2202,HR,Medium,223,6,1,1
EMP-2203,Engineering,Medium,394,3,0,1
EMP-2204,IT,Critical,392,5,0,0
EMP-2205,Engineering,Medium,199,9,0,1
EMP-2206,Marketing,Critical,112,3,0,0
EMP-2207,HR,Low,32,0,0,0
EMP-2208,HR,High,335,9,1,1
EMP-2209,Engineering,Low,84,0,0,0
EMP-2210,Finance,Low,95,1,0,0
EMP-2211,Sales,High,367,12,1,1
EMP-2212,Sales,Low,133,2,1,0
EMP-2213,HR,High,223,6,1,1
EMP-2214,Marketing,Medium,129,3,0,0
EMP-2215,Sales,Low,363,12,1,1
EMP-2216,Sales,Low,157,3,1,0
EMP-2217,Marketing,High,336,12,1,1
EMP-2218,Engineering,Medium,102,3,1,0
EMP-2219,Marketing,Critical,277,4,1,1
EMP-2220,IT,Critical,200,7,0,1
EMP-2221,Finance,Low,385,8,1,0
EMP-2222,IT,High,168,3,1,0
EMP-2223,Marketing,Medium,111,1,1,0
EMP-2224,IT,Medium,224,11,1,1
EMP-2225,HR,Medium,224,6,0,1
EMP-2226,Sales,Medium,141,2,1,0
EMP-2227,Sales,Critical,256,8,0,1
EMP-2228,IT,Medium,397,5,0,1
EMP-2229,Engineering,High,66,1,0,0
EMP-2230,IT,Critical,220,8,1,1
EMP-2231,Marketing,High,110,1,0,0
EMP-2232,IT,Critical,232,6,0,1
EMP-2233,Marketing,High,75,1,1,0
EMP-2234,Engineering,Critical,74,1,1,0
EMP-2235,Sales,Medium,144,2,1,0
EMP-2236,Finance,High,270,11,1,0
EMP-2237,Sales,Medium,119,2,0,1
EMP-2238,Marketing,Critical,154,3,1,0
EMP-2239,Sales,Critical,298,11,1,1
EMP-2240,Finance,Medium,296,4,1,1
EMP-2241,IT,Medium,32,1,1,0
EMP-2242,Finance,Critical,86,0,1,0
EMP-2243,IT,High,389,11,1,1
EMP-2244,Sales,Low,345,10,0,1
EMP-2245,Sales,Critical,175,3,1,0
EMP-2246,HR,Medium,341,9,1,1
EMP-2247,Engineering,Low,350,5,0,0
EMP-2248,Engineering,High,59,0,1,1
EMP-2249,Marketing,High,59,1,1,0
EMP-2250,HR,High,310,9,1,0
EMP-2251,Marketing,Critical,314,12,1,1
EMP-2252,Finance,High,51,0,1,1
EMP-2253,Finance,Critical,373,6,1,1
EMP-2254,Engineering,High,203,9,1,1
EMP-2255,Engineering,Low,181,11,0,1
EMP-2256,Sales,High,288,9,1,1
EMP-2257,HR,High,222,7,1,1
EMP-2258,Sales,Medium,122,1,1,0
EMP-2259,HR,Critical,68,0,1,0
EMP-2260,IT,High,281,6,0,1
EMP-2261,HR,Medium,210,10,1,0
EMP-2262,Sales,Medium,36,1,1,0
EMP-2263,IT,Medium,329,6,1,1
EMP-2264,Engineering,Medium,360,7,0,1
EMP-2265,Engineering,Medium,132,3,0,1
EMP-2266,Engineering,Low,234,5,0,1
EMP-2267,HR,Critical,183,9,1,1
EMP-2268,Finance,Medium,243,10,0,1
EMP-2269,Engineering,Low,73,0,0,0
EMP-2270,HR,Medium,366,9,1,0
EMP-2271,IT,Medium,158,4,1,0
EMP-2272,Sales,Low,137,4,0,0
EMP-2273,HR,High,275,6,0,1
EMP-2274,HR,Medium,328,11,1,1
EMP-2275,Marketing,High,385,3,1,0
EMP-2276,IT,Critical,231,9,0,1
EMP-2277,Engineering,Critical,43,0,1,1
EMP-2278,Sales,Medium,56,0,0,1
EMP-2279,Engineering,Low,299,4,1,0
EMP-2280,HR,Critical,72,0,1,1
EMP-2281,Finance,Medium,226,11,1,0
EMP-2282,Engineering,Critical,153,3,1,1
EMP-2283,Marketing,Low,320,4,0,1
EMP-2284,HR,High,72,0,0,0
EMP-2285,IT,Medium,92,3,1,0
EMP-2286,Engineering,Critical,87,0,0,0
EMP-2287,Engineering,Critical,326,7,1,1
EMP-2288,Sales,Low,159,4,1,0
EMP-2289,Marketing,Critical,378,9,0,1
EMP-2290,Marketing,Medium,318,3,0,0
EMP-2291,Sales,High,57,1,1,0
EMP-2292,Sales,Critical,245,6,1,1
EMP-2293,Engineering,Low,173,1,0,0
EMP-2294,Engineering,Medium,246,12,0,1
EMP-2295,Marketing,Critical,300,3,0,1
EMP-2296,IT,High,94,1,1,0
EMP-2297,Sales,Medium,86,1,1,0
EMP-2298,Engineering,Low,269,10,1,1
EMP-2299,HR,Critical,167,4,1,0
EMP-2300,Marketing,Critical,57,1,0,0
EMP-2301,Engineering,Critical,150,3,1,0
EMP-2302,HR,Critical,253,8,0,1
EMP-2303,Engineering,High,211,12,1,1
EMP-2304,HR,Critical,341,3,0,0
EMP-2305,Marketing,Low,287,12,0,1
EMP-2306,HR,Low,247,4,0,0
EMP-2307,Sales,Low,386,4,1,0
EMP-2308,Finance,Critical,33,1,0,0
EMP-2309,Marketing,Medium,387,8,1,1
EMP-2310,Sales,Critical,62,0,1,1
EMP-2311,Engineering,High,260,9,1,1
EMP-2312,Engineering,Low,368,9,0,1
EMP-2313,Sales,Critical,287,3,1,1
EMP-2314,IT,Low,125,2,1,0
EMP-2315,IT,Critical,271,8,1,1
EMP-2316,Engineering,Critical,219,4,1,1
EMP-2317,Marketing,Critical,124,2,0,0
EMP-2318,HR,High,278,11,0,1
EMP-2319,Finance,Critical,120,1,1,0
EMP-2320,IT,Low,54,0,1,0
EMP-2321,HR,Critical,208,3,0,1
EMP-2322,Engineering,Critical,109,1,1,0
EMP-2323,IT,Critical,355,6,0,1
EMP-2324,Marketing,Low,372,5,0,1
EMP-2325,IT,Low,295,9,1,0
EMP-2326,Marketing,Critical,67,1,1,0
EMP-2327,Marketing,Medium,36,0,1,0
EMP-2328,Engineering,Critical,45,1,0,0
EMP-2329,Sales,Low,182,7,0,1
EMP-2330,Engineering,Critical,259,6,0,1
EMP-2331,HR,Low,124,2,0,1
EMP-2332,Engineering,High,50,1,1,0
EMP-2333,Sales,High,324,12,1,1
EMP-2334,Engineering,Critical,181,7,0,1
EMP-2335,IT,Critical,385,3,0,0
EMP-2336,HR,Medium,39,1,1,0
EMP-2337,IT,High,309,9,0,1
EMP-2338,Finance,High,378,6,0,1
EMP-2339,HR,Medium,374,12,1,1
EMP-2340,HR,Low,309,8,1,1
EMP-2341,Engineering,High,257,5,1,1
EMP-2342,IT,High,156,2,1,0
EMP-2343,Sales,High,248,6,1,1
EMP-2344,Marketing,Medium,37,1,1,0
EMP-2345,Marketing,High,307,4,0,1
EMP-2346,Engineering,High,119,1,1,0
EMP-2347,Sales,Medium,150,4,1,0
EMP-2348,Engineering,Low,279,7,0,1
EMP-2349,Marketing,High,262,9,1,0
EMP-2350,Sales,Low,250,5,0,1
EMP-2351,Finance,Low,381,7,0,1
EMP-2352,Marketing,Critical,32,1,1,0
EMP-2353,IT,High,387,5,1,1
EMP-2354,Marketing,Medium,305,4,0,0
EMP-2355,Engineering,High,371,7,1,1
EMP-2356,Engineering,Critical,67,1,0,0
EMP-2357,Sales,Medium,37,1,1,0
EMP-2358,Engineering,Critical,366,4,1,1
EMP-2359,Engineering,Medium,394,6,1,1
EMP-2360,IT,High,47,1,1,0
EMP-2361,HR,High,259,10,1,1
EMP-2362,Engineering,Critical,92,2,1,0
EMP-2363,Marketing,Medium,104,2,1,0
EMP-2364,Engineering,Critical,276,11,0,0
EMP-2365,Engineering,Critical,310,5,1,0
EMP-2366,HR,Critical,220,10,0,1
EMP-2367,Sales,Medium,276,10,1,1
EMP-2368,HR,Medium,177,1,1,0
EMP-2369,IT,Medium,379,12,1,1
EMP-2370,HR,Low,30,1,0,0
EMP-2371,IT,Low,58,1,0,0
EMP-2372,Marketing,Critical,337,8,1,1
EMP-2373,Engineering,Medium,391,6,1,1
EMP-2374,IT,Medium,268,8,1,1
EMP-2375,Sales,Critical,77,0,1,0
EMP-2376,Sales,High,221,5,1,1
EMP-2377,Finance,Medium,179,4,1,0
EMP-2378,Engineering,Low,184,10,0,0
EMP-2379,HR,Medium,381,9,1,1
EMP-2380,Engineering,Low,137,2,0,0
EMP-2381,Engineering,Medium,115,1,1,0
EMP-2382,Engineering,Low,60,1,1,0
EMP-2383,Engineering,High,141,2,1,0
EMP-2384,Finance,Critical,93,1,0,1
EMP-2385,Engineering,Medium,174,2,1,0
EMP-2386,HR,Low,198,12,0,1
EMP-2387,IT,High,400,10,0,0
EMP-2388,Sales,Medium,195,5,1,0
EMP-2389,IT,Critical,280,8,1,1
EMP-2390,IT,Medium,375,12,1,0
EMP-2391,Marketing,Medium,261,3,1,0
EMP-2392,HR,Critical,62,0,1,0
EMP-2393,HR,High,196,11,0,0
EMP-2394,Finance,High,131,3,1,0
EMP-2395,Marketing,Critical,135,2,0,0
EMP-2396,Sales,Low,116,3,1,0
EMP-2397,Sales,Low,306,4,0,0
EMP-2398,HR,Critical,391,4,1,0
EMP-2399,Sales,Critical,321,10,1,0
EMP-2400,HR,Medium,379,3,1,1
EMP-2401,Finance,High,395,6,1,1
EMP-2402,IT,Low,54,1,1,0
EMP-2403,HR,Medium,73,0,1,0
EMP-2404,Marketing,Low,172,2,0,0
EMP-2405,HR,Critical,329,11,1,1
EMP-2406,Marketing,Medium,30,1,1,0
EMP-2407,IT,Critical,195,7,0,1
EMP-2408,Engineering,Low,352,3,1,0
EMP-2409,IT,Medium,139,1,0,0
EMP-2410,Marketing,Critical,97,1,0,0
EMP-2411,Marketing,Critical,109,2,1,0
EMP-2412,IT,High,131,2,1,0
EMP-2413,Sales,Low,253,8,0,1
EMP-2414,Finance,High,384,3,1,1
EMP-2415,IT,Medium,306,12,1,1
EMP-2416,Sales,Critical,91,3,0,0
EMP-2417,Sales,Critical,313,11,0,1
EMP-2418,HR,Low,78,0,1,0
EMP-2419,Finance,High,161,3,1,0
EMP-2420,IT,High,335,9,0,1
EMP-2421,Engineering,Medium,298,6,1,1
EMP-2422,Engineering,Low,393,12,1,1
EMP-2423,Finance,Medium,84,1,1,0
EMP-2424,IT,Low,255,5,1,0
EMP-2425,Engineering,Critical,147,2,0,0
EMP-2426,Finance,Critical,31,1,1,0
EMP-2427,IT,Medium,92,1,1,0
EMP-2428,IT,High,220,7,1,1
EMP-2429,IT,High,214,12,1,1
EMP-2430,HR,Critical,149,4,0,0
EMP-2431,Sales,Critical,287,5,1,1
EMP-2432,Engineering,Critical,173,2,1,0
EMP-2433,Marketing,Low,200,6,1,0
EMP-2434,Marketing,Critical,179,3,1,0
EMP-2435,HR,Low,72,0,1,0
EMP-2436,Engineering,Critical,375,11,1,1
EMP-2437,Engineering,Medium,221,11,1,1
EMP-2438,Marketing,High,318,4,1,0
EMP-2439,Finance,Low,281,3,1,0
EMP-2440,IT,Medium,204,7,1,1
EMP-2441,Sales,Low,45,0,1,0
EMP-2442,HR,Medium,122,4,1,0
EMP-2443,IT,Medium,241,3,1,1
EMP-2444,Engineering,High,304,11,1,1
EMP-2445,Finance,Low,102,2,1,0
EMP-2446,Finance,High,243,12,1,1
EMP-2447,HR,Medium,363,12,1,0
EMP-2448,IT,Low,267,8,0,0
EMP-2449,HR,Medium,333,9,1,1
EMP-2450,Finance,Critical,337,4,1,1
EMP-2451,Marketing,Low,51,0,1,0
EMP-2452,Marketing,Critical,294,5,1,0
EMP-2453,Sales,Low,219,12,1,1
EMP-2454,Engineering,Medium,52,1,1,0
EMP-2455,Marketing,High,158,4,1,0
EMP-2456,IT,Critical,336,9,0,1
EMP-2457,Marketing,High,137,4,1,1
EMP-2458,HR,Critical,116,4,0,1
EMP-2459,HR,Critical,83,1,1,0
EMP-2460,Engineering,Critical,200,9,1,0
EMP-2461,Engineering,Medium,60,0,1,0
EMP-2462,Finance,Medium,378,5,0,0
EMP-2463,IT,High,162,2,1,0
EMP-2464,Finance,High,304,11,1,1
EMP-2465,Marketing,Critical,287,3,1,1
EMP-2466,IT,Low,262,12,1,0
EMP-2467,HR,Low,393,7,1,1
EMP-2468,Marketing,High,367,9,1,1
EMP-2469,HR,Medium,122,1,1,0
EMP-2470,HR,Critical,146,2,0,0
EMP-2471,Engineering,High,160,4,0,1
EMP-2472,Marketing,Low,220,9,1,1
EMP-2473,HR,Medium,283,12,1,1
EMP-2474,IT,Low,391,12,1,1
EMP-2475,Engineering,Critical,185,4,0,0
EMP-2476,Engineering,High,305,11,1,1
EMP-2477,Sales,Low,347,11,0,1
EMP-2478,HR,Low,267,11,1,1
EMP-2479,Engineering,High,253,12,1,1
EMP-2480,IT,Low,178,2,0,0
EMP-2481,Sales,High,275,6,1,0
EMP-2482,Sales,High,45,0,0,0
EMP-2483,IT,High,129,4,1,0
EMP-2484,Sales,High,172,2,1,0
EMP-2485,Finance,High,385,10,1,1
EMP-2486,Sales,Critical,226,10,1,1
EMP-2487,Sales,Low,83,0,1,0
EMP-2488,HR,High,298,10,1,1
EMP-2489,Engineering,High,266,11,1,1
EMP-2490,Finance,High,47,1,1,0
EMP-2491,Engineering,Low,96,4,1,0
EMP-2492,IT,Medium,361,5,1,1
EMP-2493,Finance,Low,230,4,1,1
EMP-2494,Engineering,High,283,10,1,1
EMP-2495,Marketing,High,232,8,1,1
EMP-2496,Sales,Critical,112,1,1,0
EMP-2497,Engineering,Critical,257,9,1,0
EMP-2498,HR,Critical,73,0,0,0
EMP-2499,HR,Medium,328,9,1,1
EMP-2500,Sales,Critical,325,9,1,1
EMP-2501,Finance,Critical,296,3,1,1
EMP-2502,HR,Critical,50,1,0,1
EMP-2503,Sales,High,98,4,0,0
EMP-2504,HR,Medium,351,5,1,0
EMP-2505,Marketing,Medium,397,11,1,1
EMP-2506,Marketing,Medium,139,4,1,0
EMP-2507,Sales,Low,319,5,1,0
EMP-2508,Sales,Low,296,5,0,0
EMP-2509,Sales,Critical,171,4,1,0
EMP-2510,HR,High,298,4,1,0
EMP-2511,Sales,Low,394,9,0,1
EMP-2512,Marketing,High,137,4,1,0
EMP-2513,IT,Low,302,12,1,0
EMP-2514,Sales,Critical,391,9,0,1
EMP-2515,Marketing,Medium,237,11,1,0
EMP-2516,Marketing,Medium,207,4,1,0
EMP-2517,Engineering,Low,144,3,1,0
EMP-2518,IT,High,83,1,1,1
EMP-2519,IT,Low,135,3,0,0
EMP-2520,Marketing,Medium,186,5,0,1
EMP-2521,Engineering,Medium,76,0,1,0
EMP-2522,Sales,Critical,284,6,1,1
EMP-2523,IT,Critical,280,10,0,1
EMP-2524,HR,Low,305,11,1,0
EMP-2525,Engineering,Low,315,9,1,1
EMP-2526,IT,High,177,1,0,0
EMP-2527,Marketing,Low,262,6,1,1
EMP-2528,HR,Low,367,11,1,0
EMP-2529,IT,Critical,57,0,1,0
EMP-2530,Marketing,Critical,298,5,1,0
EMP-2531,IT,High,66,0,1,0
EMP-2532,Sales,Low,399,5,0,0
EMP-2533,Finance,High,141,2,0,1
EMP-2534,Finance,Medium,354,6,1,1
EMP-2535,Engineering,Critical,251,7,1,1
EMP-2536,HR,Low,353,6,0,0
EMP-2537,Finance,Medium,395,4,1,0
EMP-2538,Engineering,Medium,159,4,0,0
EMP-2539,Sales,High,128,4,1,0
EMP-2540,Engineering,Medium,76,1,1,0
EMP-2541,IT,Medium,240,11,1,0
EMP-2542,IT,Low,168,3,0,0
EMP-2543,Engineering,High,123,1,1,0
EMP-2544,Sales,Medium,93,1,1,0
EMP-2545,IT,Critical,67,1,1,0
EMP-2546,IT,Low,238,6,1,1
EMP-2547,Marketing,Critical,355,10,1,1
EMP-2548,HR,Medium,82,0,1,0
EMP-2549,Finance,Medium,366,11,1,1
EMP-2550,Marketing,Critical,299,4,1,0
EMP-2551,HR,Critical,85,0,1,0
EMP-2552,HR,High,286,9,0,1
EMP-2553,IT,Critical,178,3,1,0
EMP-2554,Finance,Low,249,5,1,1
EMP-2555,Marketing,Critical,68,1,1,0
EMP-2556,Finance,Critical,148,4,0,0
EMP-2557,IT,Medium,228,5,1,0
EMP-2558,Finance,Critical,308,6,1,1
EMP-2559,Engineering,Low,157,1,1,0
EMP-2560,Marketing,Low,113,1,1,0
EMP-2561,HR,Medium,364,12,1,1
EMP-2562,Finance,Low,372,8,1,1
EMP-2563,IT,Medium,80,0,1,0
EMP-2564,Sales,Low,126,3,0,0
EMP-2565,Sales,Critical,125,2,1,0
EMP-2566,Finance,Critical,268,11,0,1
EMP-2567,Marketing,Low,166,3,1,0
EMP-2568,Engineering,Medium,131,4,1,0
EMP-2569,Marketing,High,106,2,1,1
EMP-2570,Finance,Critical,142,2,1,1
EMP-2571,Engineering,Medium,170,3,0,0
EMP-2572,Marketing,Critical,105,4,0,0
EMP-2573,HR,Critical,359,12,1,1
EMP-2574,Marketing,High,78,0,1,0
EMP-2575,IT,Critical,112,3,1,0
EMP-2576,Sales,High,39,1,1,0
EMP-2577,IT,Low,339,9,1,0
EMP-2578,Finance,High,283,6,1,1
EMP-2579,IT,High,52,1,1,0
EMP-2580,Marketing,Low,41,0,1,0
EMP-2581,IT,Low,304,4,1,1
EMP-2582,Marketing,Medium,375,12,0,0
EMP-2583,Finance,Critical,117,4,1,0
EMP-2584,Marketing,Medium,237,9,0,0
EMP-2585,Marketing,Low,167,2,1,0
EMP-2586,Finance,Low,207,5,1,0
EMP-2587,HR,Low,32,0,1,0
EMP-2588,IT,Medium,179,4,0,1
EMP-2589,Engineering,Medium,302,9,0,1
EMP-2590,Sales,High,345,11,1,1
EMP-2591,Finance,Critical,131,3,0,1
EMP-2592,Marketing,Medium,132,4,1,0
EMP-2593,Engineering,Low,399,8,1,1
EMP-2594,IT,High,111,4,1,0
EMP-2595,Marketing,Medium,241,11,1,1
EMP-2596,Marketing,Medium,30,0,1,0
EMP-2597,Engineering,High,342,10,1,1
EMP-2598,Finance,Critical,361,10,0,1
EMP-2599,Sales,Critical,108,4,1,0
EMP-2600,IT,Low,95,1,1,0
EMP-2601,Engineering,Low,201,4,0,1
EMP-2602,Engineering,High,173,4,1,0
EMP-2603,HR,Critical,120,2,0,0
EMP-2604,HR,High,32,0,1,0
EMP-2605,Engineering,Critical,50,1,1,0
EMP-2606,IT,Critical,34,0,0,0
EMP-2607,Engineering,Critical,79,1,1,0
EMP-2608,IT,High,172,2,0,0
EMP-2609,HR,Low,210,5,0,0
EMP-2610,Engineering,High,212,7,1,1
EMP-2611,Sales,Medium,199,6,0,1
EMP-2612,HR,Medium,72,0,0,0
EMP-2613,Engineering,Critical,333,5,0,1
EMP-2614,Marketing,Critical,169,4,1,0
EMP-2615,IT,High,262,3,0,0
EMP-2616,Marketing,Critical,340,11,1,1
EMP-2617,HR,Low,222,7,0,1
EMP-2618,HR,Low,373,12,1,1
EMP-2619,Finance,Medium,71,1,1,0
EMP-2620,HR,High,399,3,1,0
EMP-2621,Sales,Low,311,7,0,1
EMP-2622,Finance,Medium,200,3,1,0
EMP-2623,Finance,High,335,5,0,0
EMP-2624,Marketing,Medium,225,9,0,0
EMP-2625,IT,Medium,195,6,0,0
EMP-2626,Marketing,Critical,357,6,0,1
EMP-2627,Marketing,High,99,3,1,0
EMP-2628,Marketing,Low,280,11,1,1
EMP-2629,Sales,Low,335,3,1,1
EMP-2630,HR,Medium,311,9,0,1
EMP-2631,Finance,Critical,137,3,1,0
EMP-2632,IT,High,210,11,1,1
EMP-2633,HR,Low,155,3,1,0
EMP-2634,Engineering,Medium,255,8,1,0
EMP-2635,Engineering,Low,109,4,1,0
EMP-2636,HR,High,34,1,1,0
EMP-2637,Finance,Low,58,1,1,0
EMP-2638,Engineering,Critical,149,2,0,0
EMP-2639,IT,High,242,8,1,1
EMP-2640,HR,High,235,10,0,1
EMP-2641,Marketing,Low,197,9,1,0
EMP-2642,HR,Medium,111,3,1,0
EMP-2643,Marketing,Medium,386,9,0,1
EMP-2644,HR,High,303,12,1,1
EMP-2645,HR,Medium,199,4,0,0
EMP-2646,Marketing,Low,201,5,1,0
EMP-2647,Sales,Medium,262,3,1,0
EMP-2648,IT,Critical,302,5,1,1
EMP-2649,HR,Critical,347,12,1,1
EMP-2650,Finance,High,397,11,1,0
EMP-2651,Finance,Medium,230,4,1,0
EMP-2652,Sales,Critical,94,4,0,0
EMP-2653,Sales,High,215,3,0,1
EMP-2654,Marketing,High,78,0,1,0
EMP-2655,Engineering,Medium,206,12,1,0
EMP-2656,IT,High,170,1,1,1
EMP-2657,Marketing,Low,278,5,1,0
EMP-2658,Engineering,Medium,351,7,0,1
EMP-2659,Finance,Critical,273,12,0,1
EMP-2660,Finance,Critical,39,1,1,1
EMP-2661,Marketing,Low,365,4,1,0
EMP-2662,Engineering,High,137,3,0,0
EMP-2663,Sales,Critical,205,9,1,0
EMP-2664,HR,High,246,8,0,1
EMP-2665,HR,High,231,8,1,1
EMP-2666,Finance,High,41,0,0,1
EMP-2667,Finance,High,354,4,1,1
EMP-2668,HR,Medium,361,5,1,1
EMP-2669,IT,Low,190,10,0,0
EMP-2670,Marketing,Low,335,4,1,0
EMP-2671,HR,Low,223,5,1,1
EMP-2672,Engineering,High,66,1,1,0
EMP-2673,HR,Critical,36,1,0,0
EMP-2674,Finance,Medium,390,7,1,1
EMP-2675,Marketing,Critical,67,0,0,0
EMP-2676,Marketing,Medium,363,10,0,1
EMP-2677,Engineering,Low,70,1,1,0
EMP-2678,Engineering,Low,335,4,0,1
EMP-2679,Finance,Medium,59,0,1,0
EMP-2680,Sales,Medium,30,0,0,0
EMP-2681,Engineering,Medium,154,4,0,0
EMP-2682,Sales,High,167,3,1,1
EMP-2683,HR,Medium,242,11,1,1
EMP-2684,Engineering,Low,172,2,1,0
EMP-2685,HR,Low,360,6,1,1
EMP-2686,Sales,Critical,367,9,1,1
EMP-2687,IT,Low,33,0,0,0
EMP-2688,Engineering,High,296,5,1,0
EMP-2689,Engineering,Low,66,0,1,0
EMP-2690,Engineering,Critical,155,1,1,1
EMP-2691,Finance,Low,134,1,1,0
EMP-2692,IT,Critical,143,2,1,1
EMP-2693,Marketing,Low,289,9,0,1
EMP-2694,Marketing,Critical,378,9,1,1
EMP-2695,Finance,Low,30,1,0,0
EMP-2696,Marketing,Critical,40,1,1,0
EMP-2697,Finance,Critical,341,6,1,1
EMP-2698,Sales,Medium,299,6,0,1
EMP-2699,Sales,Medium,336,3,0,0
EMP-2700,Finance,Critical,246,7,1,0
EMP-2701,Marketing,Medium,359,10,0,1
EMP-2702,Marketing,Critical,272,10,1,1
EMP-2703,IT,Low,368,10,1,1
EMP-2704,IT,Medium,324,3,0,1
EMP-2705,HR,Critical,349,11,0,1
EMP-2706,IT,Medium,317,3,1,1
EMP-2707,IT,High,243,10,0,1
EMP-2708,Marketing,High,303,8,1,0
EMP-2709,Marketing,High,118,3,0,1
EMP-2710,Marketing,Critical,350,8,1,1
EMP-2711,Engineering,High,297,4,1,1
EMP-2712,HR,Critical,268,11,1,1
EMP-2713,Finance,Critical,384,3,1,0
EMP-2714,Marketing,Low,241,9,0,0
EMP-2715,Engineering,High,220,6,0,0
EMP-2716,IT,Medium,359,3,0,0
EMP-2717,Marketing,Low,265,3,1,1
EMP-2718,Marketing,Critical,73,0,0,0
EMP-2719,Marketing,Medium,93,3,0,0
EMP-2720,Marketing,Low,321,11,1,1
EMP-2721,Finance,Critical,297,8,1,0
EMP-2722,IT,Critical,276,8,1,1
EMP-2723,Sales,Low,216,12,1,1
EMP-2724,Marketing,Critical,127,3,1,0
EMP-2725,Sales,Critical,262,5,1,1
EMP-2726,Finance,Low,253,7,1,1
EMP-2727,Finance,Critical,365,8,0,1
EMP-2728,Sales,Low,110,3,1,0
EMP-2729,Sales,Critical,192,11,0,1
EMP-2730,Finance,Critical,354,3,1,1
EMP-2731,Finance,Critical,81,1,0,0
EMP-2732,IT,Medium,319,7,1,1
EMP-2733,IT,Low,299,8,1,0
EMP-2734,Engineering,Low,99,4,1,0
EMP-2735,Finance,Low,77,1,0,0
EMP-2736,HR,Medium,290,12,1,1
EMP-2737,Marketing,Critical,253,10,1,1
EMP-2738,Sales,Critical,207,6,1,1
EMP-2739,Marketing,Low,51,0,1,0
EMP-2740,Marketing,High,363,11,0,1
EMP-2741,HR,High,390,8,1,1
EMP-2742,Finance,Low,271,8,1,1
EMP-2743,HR,Critical,312,11,0,1
EMP-2744,HR,Low,96,3,0,0
EMP-2745,Marketing,Medium,265,7,1,1
EMP-2746,HR,Critical,172,2,1,0
EMP-2747,Engineering,Medium,77,1,1,0
EMP-2748,HR,Medium,176,2,1,0
EMP-2749,IT,Low,161,2,1,0
EMP-2750,Marketing,Critical,279,12,0,1
EMP-2751,HR,High,117,1,1,0
EMP-2752,HR,High,223,9,1,1
EMP-2753,IT,High,189,9,1,0
EMP-2754,Finance,Low,148,2,1,0
EMP-2755,Sales,High,342,4,1,0
EMP-2756,HR,High,366,5,0,1
EMP-2757,Marketing,High,197,3,1,1
EMP-2758,Sales,Critical,89,0,1,0
EMP-2759,IT,High,342,5,0,0
EMP-2760,IT,High,344,7,1,1
EMP-2761,IT,High,155,4,1,0
EMP-2762,Engineering,Low,363,6,1,1
EMP-2763,Sales,Low,178,3,1,0
EMP-2764,Engineering,Critical,159,3,0,0
EMP-2765,HR,Critical,139,1,1,0
EMP-2766,Sales,High,380,6,1,1
EMP-2767,IT,Critical,101,4,1,1
EMP-2768,Finance,Low,373,7,1,1
EMP-2769,Engineering,Low,30,1,1,0
EMP-2770,IT,High,292,4,1,0
EMP-2771,Sales,Medium,36,0,1,0
EMP-2772,Finance,Critical,244,8,0,1
EMP-2773,HR,High,81,0,1,0
EMP-2774,IT,Critical,163,3,1,0
EMP-2775,Sales,High,338,4,1,1
EMP-2776,Finance,Low,193,4,1,0
EMP-2777,Finance,High,270,12,1,1
EMP-2778,Engineering,High,354,5,0,1
EMP-2779,HR,Medium,168,2,0,0
EMP-2780,Marketing,Low,48,1,1,0
EMP-2781,Engineering,High,210,10,0,1
EMP-2782,Marketing,High,231,5,0,1
EMP-2783,IT,High,191,10,1,0
EMP-2784,HR,High,376,6,1,1
EMP-2785,Marketing,Low,82,0,1,0
EMP-2786,Engineering,Medium,71,0,0,0
EMP-2787,Engineering,Low,208,6,1,1
EMP-2788,IT,Low,352,6,0,1
EMP-2789,IT,Critical,283,4,1,0
EMP-2790,HR,Medium,98,1,0,0
EMP-2791,IT,Medium,196,3,1,0
EMP-2792,HR,Medium,272,10,1,1
EMP-2793,Finance,Medium,94,1,1,0
EMP-2794,Finance,Critical,240,7,1,1
EMP-2795,Marketing,Medium,130,4,0,0
EMP-2796,Finance,Low,174,2,1,0
EMP-2797,HR,Medium,69,0,0,0
EMP-2798,Finance,Critical,41,0,0,0
EMP-2799,HR,High,180,8,0,1
EMP-2800,Engineering,High,98,2,1,0
EMP-2801,Engineering,Medium,56,0,1,0
EMP-2802,Sales,Critical,164,4,1,1
EMP-2803,Sales,Medium,84,0,0,0
EMP-2804,IT,Low,121,1,0,0
EMP-2805,IT,Low,43,0,0,0
EMP-2806,IT,Low,61,0,1,0
EMP-2807,Finance,Critical,331,8,0,1
EMP-2808,HR,Critical,318,7,1,1
EMP-2809,Engineering,Medium,265,7,0,1
EMP-2810,Engineering,Low,345,5,1,0
EMP-2811,Sales,Critical,312,5,1,1
EMP-2812,HR,Medium,378,7,1,1
EMP-2813,HR,Critical,203,4,1,1
EMP-2814,Engineering,Low,103,2,1,0
EMP-2815,Finance,Medium,215,9,1,0
EMP-2816,Finance,Low,192,10,1,1
EMP-2817,IT,Medium,197,6,0,0
EMP-2818,Engineering,Critical,195,8,1,1
EMP-2819,Marketing,High,146,4,0,1
EMP-2820,Engineering,Medium,142,1,1,0
EMP-2821,Finance,Low,311,9,0,1
EMP-2822,Finance,High,211,11,0,1
EMP-2823,IT,Medium,279,7,1,1
EMP-2824,Finance,Critical,253,12,1,1
EMP-2825,IT,Low,316,11,1,1
EMP-2826,HR,Critical,149,4,0,0
EMP-2827,Engineering,Medium,169,4,0,1
EMP-2828,Engineering,High,333,5,1,1
EMP-2829,Sales,Low,60,0,1,0
EMP-2830,IT,Critical,62,0,1,0
EMP-2831,IT,High,80,0,1,1
EMP-2832,Finance,Medium,332,4,1,0
EMP-2833,Sales,Medium,229,6,1,1
EMP-2834,Finance,Medium,186,6,0,1
EMP-2835,Marketing,Critical,97,3,1,0
EMP-2836,IT,Critical,61,0,1,0
EMP-2837,IT,Low,168,1,1,0
EMP-2838,Marketing,Medium,110,3,1,0
EMP-2839,Finance,Medium,100,3,1,0
EMP-2840,HR,Medium,354,11,1,0
EMP-2841,Sales,High,116,1,1,0
EMP-2842,Finance,Critical,258,5,1,1
EMP-2843,HR,High,276,3,1,0
EMP-2844,IT,Medium,320,11,1,0
EMP-2845,HR,Medium,207,11,1,1
EMP-2846,Engineering,High,279,3,0,0
EMP-2847,Finance,Low,114,2,1,0
EMP-2848,HR,Low,173,4,1,1
EMP-2849,IT,Low,356,7,1,1
EMP-2850,Sales,Critical,172,4,0,0
EMP-2851,IT,Critical,165,4,1,0
EMP-2852,IT,Critical,260,12,0,1
EMP-2853,Engineering,High,127,2,1,0
EMP-2854,Sales,Medium,111,1,1,0
EMP-2855,Finance,Low,89,0,1,0
EMP-2856,IT,Critical,289,6,0,1
EMP-2857,Finance,High,42,1,1,1
EMP-2858,IT,High,299,7,1,1
EMP-2859,Engineering,Critical,298,9,1,1
EMP-2860,HR,Critical,240,7,1,0
EMP-2861,Engineering,Low,400,7,0,1
EMP-2862,IT,High,187,10,1,0
EMP-2863,Sales,Low,131,4,1,0
EMP-2864,Marketing,Critical,114,2,0,1
EMP-2865,HR,Medium,296,8,1,1
EMP-2866,Sales,Medium,208,5,1,0
EMP-2867,IT,Medium,119,4,0,0
EMP-2868,HR,Critical,110,2,1,0
EMP-2869,IT,Medium,383,3,0,0
EMP-2870,Finance,Low,139,1,1,0
EMP-2871,Sales,High,301,7,1,1
EMP-2872,HR,Critical,252,5,1,0
EMP-2873,Finance,Medium,281,6,1,0
EMP-2874,Finance,Critical,147,1,0,0
EMP-2875,HR,Low,331,12,0,1
EMP-2876,Sales,Low,61,1,1,0
EMP-2877,Sales,Critical,294,8,0,1
EMP-2878,Marketing,High,53,0,1,1
EMP-2879,IT,Medium,214,11,1,1
EMP-2880,Marketing,Low,370,7,0,1
EMP-2881,Sales,Critical,173,1,1,1
EMP-2882,Sales,Critical,30,1,0,0
EMP-2883,Sales,Critical,97,4,1,0
EMP-2884,Marketing,Low,310,6,0,0
EMP-2885,Engineering,Medium,341,10,1,1
EMP-2886,Marketing,Critical,58,1,1,0
EMP-2887,IT,Low,290,3,1,0
EMP-2888,Finance,Medium,276,4,1,1
EMP-2889,Finance,Medium,266,10,1,1
EMP-2890,HR,High,71,0,1,0
EMP-2891,IT,Low,169,4,1,0
EMP-2892,Marketing,Critical,275,9,0,1
EMP-2893,Finance,Low,151,3,1,0
EMP-2894,Marketing,Critical,107,3,1,0
EMP-2895,IT,High,110,3,1,0
EMP-2896,HR,High,213,12,1,1
EMP-2897,Engineering,Medium,364,12,0,1
EMP-2898,Finance,High,323,8,1,0
EMP-2899,IT,Low,37,1,0,0
EMP-2900,Sales,High,132,4,1,0
EMP-2901,Marketing,High,48,0,1,0
EMP-2902,Sales,Medium,352,6,1,1
EMP-2903,IT,High,360,7,0,1
EMP-2904,HR,Medium,75,0,0,0
EMP-2905,IT,Low,110,2,0,1
EMP-2906,Marketing,Low,141,4,0,0
EMP-2907,HR,Critical,281,7,1,1
EMP-2908,IT,High,350,11,0,1
EMP-2909,Marketing,Low,139,3,1,0
EMP-2910,Marketing,Medium,252,6,1,0
EMP-2911,HR,Critical,205,4,0,1
EMP-2912,Sales,Low,210,10,1,1
EMP-2913,Engineering,High,263,8,1,1
EMP-2914,Sales,High,336,4,0,1
EMP-2915,Marketing,High,395,8,1,0
EMP-2916,Sales,Low,116,2,0,0
EMP-2917,Finance,Medium,69,1,1,0
EMP-2918,IT,Medium,130,2,1,0
EMP-2919,Finance,High,386,9,1,1
EMP-2920,IT,Critical,110,1,1,1
EMP-2921,Marketing,Low,238,3,1,1
EMP-2922,Marketing,Medium,104,4,0,0
EMP-2923,Engineering,Low,328,8,1,0
EMP-2924,Finance,Critical,285,6,1,1
EMP-2925,Marketing,High,381,12,0,1
EMP-2926,Finance,Medium,285,9,1,1
EMP-2927,Finance,Critical,171,4,1,0
EMP-2928,HR,High,209,6,1,1
EMP-2929,Finance,Critical,103,3,0,0
EMP-2930,Finance,Low,136,4,0,0
EMP-2931,Sales,Medium,117,4,1,0
EMP-2932,Sales,Low,137,3,1,0
EMP-2933,Marketing,Critical,118,4,1,0
EMP-2934,IT,Medium,332,3,0,1
EMP-2935,Finance,Medium,396,6,1,1
EMP-2936,HR,Critical,390,11,0,1
EMP-2937,IT,High,213,12,0,1
EMP-2938,IT,Critical,284,12,0,1
EMP-2939,IT,Low,156,1,1,0
EMP-2940,Marketing,Low,269,8,1,1
EMP-2941,Engineering,Medium,303,4,1,0
EMP-2942,HR,Low,169,2,0,0
EMP-2943,Engineering,Critical,92,3,1,0
EMP-2944,Sales,Medium,199,11,1,0
EMP-2945,IT,Medium,36,1,1,0
EMP-2946,IT,Critical,193,9,1,1
EMP-2947,Finance,Medium,303,6,0,1
EMP-2948,Marketing,Medium,301,11,1,1
EMP-2949,Finance,Low,229,3,0,1
EMP-2950,Marketing,Low,189,7,1,1
EMP-2951,Sales,Critical,374,7,0,1
EMP-2952,Sales,Critical,345,11,1,1
EMP-2953,Finance,Critical,115,3,1,1
EMP-2954,Finance,Medium,250,9,0,0
EMP-2955,IT,Critical,219,11,1,1
EMP-2956,HR,Critical,224,3,0,1
EMP-2957,HR,Medium,166,4,1,0
EMP-2958,IT,Critical,112,3,1,0
EMP-2959,Engineering,High,208,7,1,1
EMP-2960,HR,Medium,38,1,0,0
EMP-2961,Finance,Critical,220,5,1,1
EMP-2962,IT,Medium,98,2,0,0
EMP-2963,Sales,High,276,9,0,1
EMP-2964,Finance,Medium,61,0,0,0
EMP-2965,Sales,Low,181,5,0,0
EMP-2966,HR,Critical,321,4,1,0
EMP-2967,Finance,High,264,4,1,1
EMP-2968,Engineering,Critical,272,5,1,0
EMP-2969,Sales,High,317,9,0,1
EMP-2970,Engineering,Medium,392,3,1,0
EMP-2971,Engineering,High,175,4,1,0
EMP-2972,IT,Low,143,3,1,0
EMP-2973,HR,Critical,354,11,1,1
EMP-2974,HR,Low,367,9,1,0
EMP-2975,Finance,Low,161,3,0,0
EMP-2976,IT,High,242,7,1,1
EMP-2977,Engineering,Low,146,3,1,0
EMP-2978,Marketing,Medium,351,11,1,0
EMP-2979,IT,High,75,1,1,0
EMP-2980,Engineering,High,357,5,1,1
EMP-2981,HR,Low,395,8,1,1
EMP-2982,Engineering,Medium,205,5,1,0
EMP-2983,Sales,Critical,110,1,1,0
EMP-2984,Sales,Critical,221,5,1,0
EMP-2985,Engineering,Low,80,1,0,0
EMP-2986,IT,Medium,93,1,1,0
EMP-2987,Engineering,High,80,0,1,0
EMP-2988,Finance,Critical,46,1,1,0
EMP-2989,Sales,Low,36,1,0,0
EMP-2990,Marketing,High,90,1,1,0
EMP-2991,IT,Low,302,12,1,1
EMP-2992,HR,Critical,205,10,1,1
EMP-2993,Engineering,High,42,0,0,0
EMP-2994,HR,Critical,377,10,1,1
EMP-2995,Finance,Medium,156,4,0,1
EMP-2996,IT,Critical,385,3,1,1
EMP-2997,Finance,Critical,80,1,0,0
EMP-2998,Engineering,Low,175,2,0,0
EMP-2999,Marketing,High,265,9,0,1
EMP-3000,IT,Low,255,12,1,1
EMP-3001,Marketing,Medium,315,11,1,0
EMP-3002,HR,Critical,398,9,1,1
EMP-3003,Marketing,High,243,3,1,1
EMP-3004,Marketing,Low,202,11,1,0
EMP-3005,Marketing,Critical,206,10,1,1
EMP-3006,Engineering,Critical,332,5,1,0
EMP-3007,HR,Critical,38,0,1,0
EMP-3008,Marketing,High,315,9,1,1
EMP-3009,IT,Medium,207,5,1,0
EMP-3010,HR,Medium,53,0,1,0
EMP-3011,HR,Medium,44,0,1,0
EMP-3012,Finance,Low,129,4,1,0
EMP-3013,Marketing,Critical,202,8,0,1
EMP-3014,Sales,Medium,258,8,0,1
EMP-3015,IT,High,84,0,1,1
EMP-3016,Finance,High,230,3,1,1
EMP-3017,Finance,High,83,0,0,1
EMP-3018,Engineering,Low,166,4,0,0
EMP-3019,IT,High,343,6,0,1
EMP-3020,Engineering,High,368,3,0,1
EMP-3021,Sales,Medium,246,7,1,1
EMP-3022,Finance,Low,32,0,1,0
EMP-3023,IT,Medium,184,8,1,0
EMP-3024,HR,High,267,9,0,1
EMP-3025,IT,High,111,4,1,0
EMP-3026,Engineering,Low,109,4,1,0
EMP-3027,Marketing,Critical,228,4,1,0
EMP-3028,IT,High,159,1,1,0
EMP-3029,Sales,Low,379,10,1,1
EMP-3030,Marketing,Medium,386,10,1,1
EMP-3031,HR,High,40,1,1,1
EMP-3032,IT,Medium,276,3,0,0
EMP-3033,Marketing,Low,372,12,1,1
EMP-3034,IT,High,260,3,0,0
EMP-3035,Engineering,Medium,98,2,1,0
EMP-3036,IT,Critical,346,8,1,1
EMP-3037,IT,Critical,203,4,1,0
EMP-3038,IT,Low,212,12,1,1
EMP-3039,Finance,Medium,115,1,0,0
EMP-3040,Marketing,Critical,257,10,1,1
EMP-3041,HR,High,277,8,1,1
EMP-3042,Engineering,Low,326,12,1,1
EMP-3043,Engineering,Medium,387,12,1,0
EMP-3044,Sales,High,372,9,1,0
EMP-3045,IT,Medium,214,4,0,0
EMP-3046,IT,Medium,371,7,0,1
EMP-3047,Engineering,Medium,211,5,1,1
EMP-3048,HR,Low,205,5,1,0
EMP-3049,Finance,High,236,7,1,1
EMP-3050,Finance,Critical,154,1,0,0
EMP-3051,HR,High,109,2,0,0
EMP-3052,Sales,High,202,11,1,1
EMP-3053,Marketing,Critical,42,0,0,0
EMP-3054,Engineering,High,123,4,0,1
EMP-3055,HR,Critical,220,8,1,1
EMP-3056,Engineering,Medium,232,5,1,0
EMP-3057,IT,Critical,160,3,1,0
EMP-3058,Marketing,Critical,73,1,0,0
EMP-3059,IT,Medium,205,5,0,0
EMP-3060,HR,Low,127,3,1,0
EMP-3061,Finance,Medium,383,10,1,1
EMP-3062,HR,Critical,258,3,0,1
EMP-3063,Finance,Critical,289,4,1,0
EMP-3064,IT,Low,361,11,1,0
EMP-3065,IT,Critical,291,8,0,1
EMP-3066,Sales,Medium,171,1,1,0
EMP-3067,Sales,Medium,324,8,1,1
EMP-3068,Finance,Medium,311,9,1,1
EMP-3069,Engineering,Low,104,2,1,0
EMP-3070,Engineering,Critical,264,6,1,1
EMP-3071,Engineering,Critical,358,6,1,1
EMP-3072,Marketing,Low,282,11,1,1
EMP-3073,HR,High,142,2,1,0
EMP-3074,Sales,Critical,304,3,1,0
EMP-3075,Engineering,Medium,108,1,1,0
EMP-3076,Finance,Medium,388,8,0,1
EMP-3077,Marketing,High,136,4,1,0
EMP-3078,Engineering,Critical,93,3,0,1
EMP-3079,HR,Medium,244,8,1,0
EMP-3080,IT,Low,163,4,0,0
EMP-3081,IT,Low,52,1,1,0
EMP-3082,HR,Medium,341,3,1,1
EMP-3083,Engineering,Low,146,2,1,0
EMP-3084,Sales,Critical,387,4,1,1
EMP-3085,Marketing,High,101,1,1,1
EMP-3086,Marketing,Critical,137,2,1,0
EMP-3087,Finance,Critical,122,2,1,0
EMP-3088,Finance,Medium,363,9,1,1
EMP-3089,IT,Low,202,5,1,0
EMP-3090,HR,Critical,345,7,1,1
EMP-3091,Sales,Low,179,2,1,0
EMP-3092,Finance,Low,125,2,0,0
EMP-3093,Finance,Low,74,0,1,0
EMP-3094,Finance,Low,316,5,1,1
EMP-3095,Engineering,Low,167,2,1,0
EMP-3096,Marketing,Critical,233,6,0,1
EMP-3097,Marketing,High,384,7,1,1
EMP-3098,HR,Medium,371,12,0,1
EMP-3099,IT,Low,239,4,1,0
EMP-3100,IT,Low,159,4,1,0
EMP-3101,Sales,High,201,11,0,1
EMP-3102,Marketing,Critical,375,11,0,1
EMP-3103,Finance,Low,252,5,1,0
EMP-3104,Engineering,Low,388,7,1,1
EMP-3105,IT,High,137,2,1,0
EMP-3106,HR,Critical,109,4,1,0
EMP-3107,Marketing,Critical,118,4,1,0
EMP-3108,HR,High,151,1,1,0
EMP-3109,IT,High,183,7,1,0
EMP-3110,Marketing,Low,120,4,0,1
EMP-3111,IT,Critical,387,3,0,0
EMP-3112,Finance,High,227,11,1,1
EMP-3113,IT,Critical,153,1,0,0
EMP-3114,Engineering,Medium,324,10,0,1
EMP-3115,Engineering,High,331,11,1,1
EMP-3116,Marketing,Medium,229,3,0,0
EMP-3117,HR,Low,198,6,1,1
EMP-3118,Marketing,Critical,170,1,1,1
EMP-3119,Engineering,Medium,138,1,1,0
EMP-3120,Finance,Critical,358,4,1,0
EMP-3121,Sales,Critical,250,4,0,1
EMP-3122,IT,Medium,389,9,0,1
EMP-3123,Marketing,Low,186,6,0,1
EMP-3124,HR,Medium,189,7,1,1
EMP-3125,Finance,Medium,324,11,0,1
EMP-3126,IT,Critical,59,0,1,1
EMP-3127,IT,Low,59,0,0,0
EMP-3128,Marketing,Low,58,1,1,0
EMP-3129,IT,Low,71,1,0,0
EMP-3130,Marketing,Low,275,9,0,1
EMP-3131,Engineering,High,323,12,1,1
EMP-3132,IT,Low,370,11,1,0
EMP-3133,Sales,Low,211,9,1,1
EMP-3134,HR,Medium,351,7,1,0
EMP-3135,HR,Low,129,4,0,1
EMP-3136,Marketing,High,64,1,1,1
EMP-3137,IT,Critical,242,12,0,1
EMP-3138,Sales,Critical,110,2,1,0
EMP-3139,HR,Low,55,1,1,0
EMP-3140,IT,High,176,4,1,0
EMP-3141,Sales,Critical,280,6,0,1
EMP-3142,Marketing,Medium,155,3,1,0
EMP-3143,IT,High,154,3,1,0
EMP-3144,IT,High,397,12,1,1
EMP-3145,IT,Low,64,0,0,1
EMP-3146,Marketing,Medium,128,2,1,0
EMP-3147,HR,Critical,399,4,1,1
EMP-3148,Marketing,Critical,306,3,1,1
EMP-3149,Marketing,Critical,297,8,1,0
EMP-3150,Engineering,Critical,251,11,1,1
EMP-3151,Marketing,High,78,1,1,0
EMP-3152,Engineering,Low,127,1,1,0
EMP-3153,HR,Critical,37,1,1,0
EMP-3154,Sales,Critical,163,2,1,0
EMP-3155,IT,Critical,95,2,1,1
EMP-3156,Engineering,Critical,67,0,1,0
EMP-3157,Engineering,Low,381,3,0,0
EMP-3158,Finance,High,162,4,1,0
EMP-3159,IT,Low,199,12,1,0
EMP-3160,Sales,Low,57,1,0,0
EMP-3161,Marketing,Critical,140,3,0,1
EMP-3162,Marketing,High,283,4,0,1
EMP-3163,Marketing,Critical,253,5,1,0
EMP-3164,Engineering,High,37,0,0,1
EMP-3165,Finance,Medium,57,1,1,0
EMP-3166,IT,Low,205,7,1,1
EMP-3167,HR,Medium,168,1,1,0
EMP-3168,Sales,Medium,100,4,0,1
EMP-3169,Engineering,Critical,213,3,1,1
EMP-3170,Sales,Medium,331,10,1,1
EMP-3171,Sales,Critical,128,3,1,0
EMP-3172,IT,Low,40,0,1,0
EMP-3173,Engineering,Medium,291,8,0,1
EMP-3174,IT,Low,75,1,0,0
EMP-3175,IT,Low,182,9,1,0
EMP-3176,Sales,High,125,4,1,1
EMP-3177,Marketing,High,345,6,0,1
EMP-3178,Sales,Medium,155,4,0,0
EMP-3179,Sales,Critical,305,8,1,1
EMP-3180,IT,High,393,7,1,0
EMP-3181,Sales,Medium,33,1,1,0
EMP-3182,HR,Medium,144,4,1,1
EMP-3183,Sales,High,222,5,1,0
EMP-3184,IT,Critical,103,4,1,0
EMP-3185,Finance,Low,337,12,1,1
EMP-3186,Engineering,High,131,2,1,1
EMP-3187,HR,High,191,3,0,1
EMP-3188,Finance,Medium,114,3,0,0
EMP-3189,Marketing,Low,321,8,1,1
EMP-3190,Finance,Critical,307,8,1,1
EMP-3191,IT,Medium,253,11,1,1
EMP-3192,IT,High,290,12,1,1
EMP-3193,IT,Low,288,4,1,0
EMP-3194,Marketing,Critical,248,4,0,1
EMP-3195,HR,Low,395,10,1,1
EMP-3196,Finance,High,37,1,1,0
EMP-3197,Sales,Medium,144,1,1,0
EMP-3198,IT,Low,213,11,0,1
EMP-3199,Sales,High,189,5,0,0
EMP-3200,HR,Medium,342,11,1,0
EMP-3201,HR,Medium,378,11,0,1
EMP-3202,Sales,Low,286,6,1,1
EMP-3203,Engineering,High,46,1,1,0
EMP-3204,HR,Critical,129,2,0,0
EMP-3205,Sales,High,96,3,0,0
EMP-3206,IT,High,205,4,1,1
EMP-3207,HR,Medium,61,1,0,0
EMP-3208,Finance,Low,213,11,1,1
EMP-3209,Finance,High,40,1,1,0
EMP-3210,Sales,Medium,313,7,0,0
EMP-3211,Finance,Low,202,10,1,1
EMP-3212,Marketing,Low,311,9,1,0
EMP-3213,Marketing,Medium,126,2,1,0
EMP-3214,Engineering,Low,360,6,0,1
EMP-3215,Marketing,High,287,8,1,1
EMP-3216,Engineering,High,111,3,0,0
EMP-3217,Engineering,Low,338,6,1,1
EMP-3218,HR,High,151,1,1,0
EMP-3219,Sales,Low,31,0,1,0
EMP-3220,Marketing,High,219,8,1,1
EMP-3221,Engineering,High,125,1,0,0
EMP-3222,Marketing,High,236,7,1,1
EMP-3223,Engineering,Low,275,3,1,1
EMP-3224,IT,High,82,1,1,0
EMP-3225,Marketing,Medium,38,1,1,0
EMP-3226,Engineering,High,141,2,1,0
EMP-3227,Finance,Low,308,3,1,0
EMP-3228,Engineering,Medium,185,12,1,0
EMP-3229,Finance,Medium,168,3,1,0
EMP-3230,IT,Low,69,0,1,0
EMP-3231,Finance,Medium,159,1,1,0
EMP-3232,Engineering,High,179,1,0,0
EMP-3233,Finance,Critical,43,0,0,0
EMP-3234,Finance,Critical,212,5,1,1
EMP-3235,IT,Low,95,3,1,0
EMP-3236,HR,Critical,63,1,1,0
EMP-3237,Marketing,Low,351,10,1,1
EMP-3238,Finance,High,348,4,1,0
EMP-3239,Sales,Medium,103,4,1,0
EMP-3240,Sales,Low,69,0,1,0
EMP-3241,Marketing,High,140,2,0,0
EMP-3242,Finance,Critical,66,0,1,0
EMP-3243,Sales,Critical,180,3,1,0
EMP-3244,Sales,Low,330,4,0,0
EMP-3245,IT,High,326,9,0,1
EMP-3246,HR,Low,288,3,0,0
EMP-3247,IT,Medium,221,6,1,1
EMP-3248,Sales,Medium,259,5,1,0
EMP-3249,IT,Low,366,4,1,0
EMP-3250,HR,Medium,238,6,1,0
EMP-3251,Finance,High,275,3,1,1
EMP-3252,Finance,Critical,55,0,0,0
EMP-3253,Finance,Low,183,11,1,0
EMP-3254,Finance,Critical,119,3,0,0
EMP-3255,IT,High,160,4,1,1
EMP-3256,Engineering,Critical,242,7,1,1
EMP-3257,Engineering,Medium,234,12,1,1
EMP-3258,IT,Critical,98,3,1,0
EMP-3259,HR,High,361,11,1,1
EMP-3260,IT,High,180,9,1,1
EMP-3261,Engineering,High,150,1,0,1
EMP-3262,HR,Critical,137,1,1,0
EMP-3263,IT,Medium,77,0,0,0
EMP-3264,IT,Low,377,3,0,1
EMP-3265,HR,Medium,135,3,1,0
EMP-3266,Engineering,Critical,61,0,0,1
EMP-3267,Engineering,High,278,5,1,1
EMP-3268,Finance,Critical,219,9,1,1
EMP-3269,Engineering,Low,148,2,1,0
EMP-3270,Sales,Critical,58,0,1,0
EMP-3271,IT,Critical,373,12,1,0
EMP-3272,Engineering,High,148,3,1,1
EMP-3273,Engineering,High,130,2,0,0
EMP-3274,Finance,High,228,10,0,1
EMP-3275,IT,Medium,368,8,1,1
EMP-3276,Finance,High,258,4,1,1
EMP-3277,Marketing,Medium,207,9,1,1
EMP-3278,Finance,Critical,148,4,0,1
EMP-3279,Engineering,Critical,122,1,1,0
EMP-3280,Marketing,High,191,7,0,0
EMP-3281,IT,High,103,1,1,0
EMP-3282,HR,High,168,4,1,0
EMP-3283,IT,Critical,217,4,1,0
EMP-3284,Engineering,Low,263,9,0,1
EMP-3285,Engineering,Medium,223,11,1,0
EMP-3286,Marketing,Low,101,2,0,0
EMP-3287,Sales,Critical,351,11,1,1
EMP-3288,HR,Critical,97,1,0,1
EMP-3289,HR,High,243,7,1,1
EMP-3290,IT,Low,274,7,1,1
EMP-3291,Sales,Medium,170,2,0,0
EMP-3292,Sales,Critical,117,2,0,1
EMP-3293,Sales,High,342,3,1,1
EMP-3294,Marketing,Critical,271,4,0,0
EMP-3295,Marketing,Critical,114,1,0,0
EMP-3296,Marketing,Critical,295,6,1,1
EMP-3297,Engineering,High,220,9,1,1
EMP-3298,HR,High,281,6,0,1
EMP-3299,Finance,Low,350,8,0,1
EMP-3300,IT,High,346,7,0,1
EMP-3301,Sales,Medium,98,1,1,0
EMP-3302,IT,Critical,378,8,1,1
EMP-3303,HR,Critical,214,6,1,1
EMP-3304,Finance,High,262,11,1,1
EMP-3305,Marketing,Medium,351,9,1,0
EMP-3306,Marketing,Low,306,9,1,1
EMP-3307,Engineering,Medium,178,2,1,0
EMP-3308,Engineering,Critical,174,2,1,0
EMP-3309,IT,High,99,4,1,0
EMP-3310,Marketing,Critical,100,2,1,1
EMP-3311,Marketing,Low,205,10,1,1
EMP-3312,Marketing,Medium,331,11,0,0
EMP-3313,Finance,Low,145,2,1,0
EMP-3314,Marketing,Critical,105,2,1,0
EMP-3315,Finance,Medium,287,11,1,1
EMP-3316,Sales,Medium,293,4,1,0
EMP-3317,IT,Critical,115,3,1,0
EMP-3318,Finance,High,61,0,1,0
EMP-3319,Marketing,Medium,124,4,1,0
EMP-3320,Marketing,Critical,66,0,0,0
EMP-3321,Finance,Low,158,2,1,0
EMP-3322,Engineering,Low,381,6,1,1
EMP-3323,IT,Low,78,0,1,0
EMP-3324,Finance,Medium,183,6,1,0
EMP-3325,HR,Low,246,7,1,1
EMP-3326,HR,High,232,4,1,0
EMP-3327,Engineering,High,100,4,1,0
EMP-3328,Marketing,Low,243,8,1,1
EMP-3329,HR,Critical,382,10,1,1
EMP-3330,IT,Medium,328,7,0,1
EMP-3331,Marketing,Medium,392,7,1,1
EMP-3332,Finance,High,217,3,1,0
EMP-3333,Marketing,High,257,4,0,0
EMP-3334,Engineering,Low,384,12,1,1
EMP-3335,Sales,Critical,278,8,0,1
EMP-3336,IT,Low,289,11,1,1
EMP-3337,Engineering,Critical,316,4,1,1
EMP-3338,IT,Critical,360,3,1,0
EMP-3339,HR,High,255,12,1,1
EMP-3340,Marketing,Medium,105,4,1,0
EMP-3341,Sales,High,319,7,0,1
EMP-3342,HR,Medium,378,8,0,1
EMP-3343,HR,Low,73,1,0,0
EMP-3344,Engineering,High,57,0,1,0
EMP-3345,Marketing,High,243,10,1,1
EMP-3346,Marketing,Medium,30,0,0,0
EMP-3347,Finance,Critical,263,11,1,1
EMP-3348,Finance,Medium,81,1,1,0
EMP-3349,Engineering,High,141,4,1,1
EMP-3350,Sales,Critical,216,11,1,0
EMP-3351,Sales,Low,64,1,1,0
EMP-3352,Sales,Low,273,6,1,1
EMP-3353,Marketing,High,53,0,1,0
EMP-3354,Sales,Medium,120,3,0,0
EMP-3355,Finance,Medium,342,5,1,0
EMP-3356,HR,Medium,168,4,0,0
EMP-3357,HR,High,368,3,1,1
EMP-3358,Marketing,High,298,12,0,1
EMP-3359,Finance,High,78,0,0,0
EMP-3360,Sales,Critical,120,3,1,0
EMP-3361,Engineering,Medium,168,1,1,0
EMP-3362,IT,High,168,4,1,0
EMP-3363,Finance,High,332,12,1,1
EMP-3364,Finance,Critical,213,9,1,1
EMP-3365,Finance,Medium,182,10,0,1
EMP-3366,Finance,Low,312,6,1,1
EMP-3367,HR,Critical,397,3,1,0
EMP-3368,HR,Low,197,11,0,1
EMP-3369,Engineering,Critical,298,6,1,1
EMP-3370,Sales,Low,86,1,1,0
EMP-3371,Engineering,Critical,356,3,1,1
EMP-3372,Sales,Critical,335,11,0,1
EMP-3373,Finance,High,354,10,1,1
EMP-3374,Finance,Medium,144,1,0,1
EMP-3375,Marketing,Medium,222,3,0,1
EMP-3376,Sales,High,305,12,1,1
EMP-3377,Marketing,Low,218,8,1,1
EMP-3378,HR,Medium,281,5,0,1
EMP-3379,HR,Low,171,3,0,0
EMP-3380,Engineering,High,397,7,1,1
EMP-3381,Engineering,Low,322,6,1,0
EMP-3382,Marketing,High,70,0,1,1
EMP-3383,HR,High,313,4,1,0
EMP-3384,Engineering,Critical,320,10,1,1
EMP-3385,HR,Low,117,4,0,0
EMP-3386,IT,Low,358,9,0,1
EMP-3387,Engineering,Medium,277,12,1,1
EMP-3388,Marketing,High,186,4,0,0
EMP-3389,Engineering,High,330,4,1,0
EMP-3390,Marketing,High,247,6,1,1
EMP-3391,Marketing,Low,236,6,0,1
EMP-3392,HR,High,208,10,1,1
EMP-3393,Finance,Low,243,12,1,0
EMP-3394,Engineering,Critical,165,2,1,1
EMP-3395,Engineering,Critical,291,6,1,1
EMP-3396,Sales,Critical,372,5,1,1
EMP-3397,HR,Low,117,1,1,0
EMP-3398,Engineering,High,280,7,1,1
EMP-3399,HR,High,34,0,1,0
EMP-3400,Finance,High,146,4,1,1
EMP-3401,Engineering,Medium,314,8,1,1
EMP-3402,IT,High,302,5,1,0
EMP-3403,Engineering,Low,124,3,1,0
EMP-3404,IT,High,291,10,1,1
EMP-3405,Marketing,Low,142,2,1,0
EMP-3406,Marketing,Medium,370,12,0,0
EMP-3407,HR,Medium,353,11,1,1
EMP-3408,Engineering,Low,148,3,1,0
EMP-3409,Engineering,Medium,142,2,0,0
EMP-3410,Engineering,Medium,57,1,1,0
EMP-3411,IT,High,346,7,1,1
EMP-3412,IT,High,128,4,0,1
EMP-3413,IT,High,166,3,1,0
EMP-3414,Finance,High,272,8,1,1
EMP-3415,IT,Medium,185,5,0,0
EMP-3416,Sales,Medium,107,4,1,0
EMP-3417,Sales,Critical,339,3,1,1
EMP-3418,Sales,High,191,4,1,0
EMP-3419,IT,Critical,288,3,1,0
EMP-3420,HR,Medium,159,1,1,0
EMP-3421,HR,Critical,45,0,1,0
EMP-3422,Engineering,High,115,1,1,0
EMP-3423,Marketing,Medium,133,1,1,0
EMP-3424,Engineering,Low,268,5,1,0
EMP-3425,HR,High,246,9,1,1
EMP-3426,Marketing,Critical,98,2,1,0
EMP-3427,Finance,High,48,1,0,0
EMP-3428,Engineering,Medium,303,3,0,1
EMP-3429,Finance,Low,104,2,1,0
EMP-3430,Engineering,High,341,10,1,1
EMP-3431,HR,Critical,152,2,1,0
EMP-3432,HR,Low,239,4,0,1
EMP-3433,IT,Medium,194,11,1,0
EMP-3434,Marketing,Medium,248,11,1,1
EMP-3435,Marketing,High,326,8,1,1
EMP-3436,HR,Low,125,2,0,0
EMP-3437,Marketing,Low,285,8,1,1
EMP-3438,IT,Medium,369,10,1,0
EMP-3439,Engineering,Medium,172,1,1,0
EMP-3440,IT,Critical,384,10,0,1
EMP-3441,IT,Medium,372,6,1,0
EMP-3442,IT,Critical,266,10,0,1
EMP-3443,HR,Low,243,5,0,0
EMP-3444,Engineering,Critical,181,5,1,0
EMP-3445,Marketing,Low,367,8,0,0
EMP-3446,HR,High,329,8,0,1
EMP-3447,Engineering,Critical,108,3,1,0
EMP-3448,Sales,High,358,12,1,1
EMP-3449,IT,High,150,2,0,1
EMP-3450,IT,High,322,3,1,1
EMP-3451,Engineering,Critical,248,3,1,1
EMP-3452,IT,Critical,81,0,1,0
EMP-3453,IT,Critical,183,7,1,1
EMP-3454,Finance,High,175,1,1,0
EMP-3455,Sales,Critical,314,8,1,0
EMP-3456,Finance,High,61,1,1,0
EMP-3457,Engineering,Low,170,1,1,0
EMP-3458,Marketing,Critical,292,6,1,1
EMP-3459,Engineering,High,149,2,0,0
EMP-3460,Finance,Critical,55,0,1,0
EMP-3461,Sales,High,37,0,1,0
EMP-3462,HR,Critical,40,0,0,0
EMP-3463,Sales,Low,241,9,1,1
EMP-3464,Engineering,Medium,260,8,1,1
EMP-3465,Sales,Medium,57,0,0,1
EMP-3466,HR,Medium,195,12,1,0
EMP-3467,HR,Critical,348,11,1,1
EMP-3468,HR,Critical,138,4,0,1
EMP-3469,HR,Critical,176,3,1,0
EMP-3470,Marketing,Medium,342,3,0,1
EMP-3471,Engineering,High,335,12,1,1
EMP-3472,Finance,Low,126,3,1,0
EMP-3473,Engineering,Medium,58,1,1,0
EMP-3474,Sales,Low,189,3,1,0
EMP-3475,Finance,High,265,5,0,1
EMP-3476,Sales,Low,120,1,0,0
EMP-3477,Engineering,Critical,285,12,1,1
EMP-3478,Marketing,High,219,4,1,1
EMP-3479,Sales,Critical,34,1,1,0
EMP-3480,Sales,Critical,171,2,1,0
EMP-3481,HR,Medium,140,4,0,0
EMP-3482,Finance,High,194,12,1,0
EMP-3483,IT,High,305,12,1,0
EMP-3484,HR,Medium,358,9,0,1
EMP-3485,IT,Critical,51,1,1,0
EMP-3486,HR,Low,237,12,0,0
EMP-3487,Marketing,Low,174,1,1,0
EMP-3488,Marketing,Critical,358,9,0,1
EMP-3489,IT,High,311,8,1,1
EMP-3490,Marketing,Medium,179,3,1,0
EMP-3491,Sales,Low,140,3,1,0
EMP-3492,Finance,High,77,1,0,0
EMP-3493,Engineering,Medium,59,0,1,0
EMP-3494,IT,Low,397,4,1,1
EMP-3495,HR,Medium,386,8,1,1
EMP-3496,Marketing,Medium,349,8,0,0
EMP-3497,Engineering,Low,127,4,1,0
EMP-3498,Finance,Medium,91,4,0,0
EMP-3499,Marketing,Medium,366,5,0,1
EMP-3500,IT,Medium,387,12,1,1
EMP-3501,Engineering,Critical,137,4,0,0
EMP-3502,Sales,Low,270,6,0,1
EMP-3503,Sales,Critical,328,5,0,0
EMP-3504,IT,Critical,229,9,0,1
EMP-3505,Finance,Low,230,3,0,1
EMP-3506,IT,Medium,128,2,0,1
EMP-3507,Sales,Critical,128,2,1,0
EMP-3508,Sales,Medium,273,7,0,1
EMP-3509,Sales,Medium,45,1,0,0
EMP-3510,IT,Medium,190,7,0,1
EMP-3511,IT,High,118,3,0,0
EMP-3512,HR,Medium,370,3,1,1
EMP-3513,Finance,Medium,159,3,1,0
EMP-3514,HR,Low,230,4,0,1
EMP-3515,Finance,High,370,11,0,1
EMP-3516,Marketing,Critical,357,12,1,1
EMP-3517,Marketing,Low,36,1,1,0
EMP-3518,Engineering,Critical,328,3,1,1
EMP-3519,IT,Critical,39,1,0,0
EMP-3520,Finance,Critical,206,8,1,1
EMP-3521,Sales,Low,274,8,1,1
EMP-3522,HR,Medium,242,8,1,1
EMP-3523,Sales,Medium,53,1,0,0
EMP-3524,Sales,Low,110,4,1,0
EMP-3525,Marketing,Low,106,1,1,0
EMP-3526,Engineering,Low,31,0,0,0
EMP-3527,Marketing,High,216,10,1,1
EMP-3528,Sales,Critical,136,4,1,0
EMP-3529,Sales,Medium,81,1,0,0
EMP-3530,Marketing,Critical,366,4,1,1
EMP-3531,HR,Medium,31,0,1,0
EMP-3532,Marketing,Critical,257,9,1,1
EMP-3533,Marketing,Low,209,7,1,1
EMP-3534,Sales,Low,335,3,0,0
EMP-3535,Engineering,Low,239,5,1,1
EMP-3536,IT,Medium,217,11,1,0
EMP-3537,IT,Low,245,5,1,0
EMP-3538,Marketing,Critical,266,5,1,1
EMP-3539,Finance,Low,138,1,1,0
EMP-3540,Finance,Medium,388,12,0,1
EMP-3541,IT,High,93,1,0,0
EMP-3542,Finance,Low,218,11,1,1
EMP-3543,Sales,Low,146,1,1,0
EMP-3544,Finance,Low,260,8,1,0
EMP-3545,Sales,Medium,198,7,1,1
EMP-3546,Marketing,High,315,11,1,1
EMP-3547,IT,High,379,12,1,1
EMP-3548,IT,Medium,386,4,1,0
EMP-3549,Engineering,Critical,140,4,1,1
EMP-3550,Sales,Medium,265,12,0,1
EMP-3551,Sales,Medium,340,4,0,0
EMP-3552,Sales,Low,352,3,1,0
EMP-3553,Sales,Critical,336,9,0,1
EMP-3554,Engineering,High,32,0,1,0
EMP-3555,Sales,Low,304,6,1,1
EMP-3556,HR,Low,153,1,0,0
EMP-3557,HR,Critical,160,2,1,0
EMP-3558,Finance,Medium,97,4,0,0
EMP-3559,Sales,High,160,2,0,0
EMP-3560,Sales,Critical,269,4,1,1
EMP-3561,IT,Medium,99,4,0,0
EMP-3562,IT,Medium,99,2,1,0
EMP-3563,Engineering,Low,91,3,0,1
EMP-3564,HR,Low,220,9,0,1
EMP-3565,Finance,Medium,172,2,1,0
EMP-3566,Finance,Critical,336,11,0,1
EMP-3567,Sales,Medium,118,1,0,0
EMP-3568,IT,Medium,372,10,1,0
EMP-3569,Sales,Low,208,9,0,1
EMP-3570,Engineering,Critical,325,10,1,1
EMP-3571,Marketing,Medium,236,8,1,1
EMP-3572,IT,Low,153,4,1,0
EMP-3573,Finance,High,277,10,1,0
EMP-3574,HR,Critical,48,0,0,0
EMP-3575,Marketing,High,105,1,1,0
EMP-3576,Sales,Critical,230,7,1,1
EMP-3577,Engineering,Critical,376,12,1,1
EMP-3578,Engineering,Low,236,10,1,0
EMP-3579,Engineering,High,204,6,0,1
EMP-3580,Marketing,High,394,7,1,0
EMP-3581,HR,Medium,118,2,1,0
EMP-3582,Engineering,Low,295,7,1,1
EMP-3583,IT,Critical,99,2,1,0
EMP-3584,Engineering,Low,133,2,1,0
EMP-3585,Finance,Critical,236,8,1,1
EMP-3586,Engineering,Medium,362,10,0,1
EMP-3587,HR,High,74,0,1,0
EMP-3588,HR,Low,326,12,1,1
EMP-3589,Engineering,High,32,1,1,0
EMP-3590,Finance,High,256,10,1,1
EMP-3591,Finance,Critical,206,5,1,1
EMP-3592,HR,Low,392,7,1,0
EMP-3593,Finance,Critical,307,10,0,1
EMP-3594,Marketing,High,278,5,0,1
EMP-3595,Marketing,High,259,7,1,1
EMP-3596,Finance,Low,102,2,1,0
EMP-3597,Finance,Low,296,5,1,0
EMP-3598,Sales,Medium,362,4,1,0
EMP-3599,Marketing,Low,248,4,1,0
EMP-3600,IT,High,271,5,1,0
EMP-3601,Sales,Low,251,8,0,1
EMP-3602,Engineering,High,58,1,1,0
EMP-3603,IT,Low,117,3,1,0
EMP-3604,Marketing,Low,222,10,1,0
EMP-3605,HR,Critical,380,5,0,0
EMP-3606,IT,Low,95,2,0,1
EMP-3607,Marketing,High,224,8,1,1
EMP-3608,Engineering,High,196,7,1,1
EMP-3609,HR,High,71,1,1,0
EMP-3610,Engineering,Low,214,7,1,1
EMP-3611,Marketing,Critical,393,4,1,1
EMP-3612,HR,Critical,264,3,1,1
EMP-3613,Sales,Critical,361,7,0,1
EMP-3614,Engineering,Low,262,10,0,1
EMP-3615,IT,Medium,332,11,0,1
EMP-3616,Marketing,Low,112,4,1,0
EMP-3617,Marketing,Medium,256,11,1,0
EMP-3618,IT,Medium,87,1,1,0
EMP-3619,Sales,Medium,251,7,1,0
EMP-3620,Marketing,High,163,4,1,0
EMP-3621,Engineering,Low,326,9,1,1
EMP-3622,Sales,High,326,6,0,1
EMP-3623,IT,High,35,0,1,0
EMP-3624,Marketing,High,314,4,1,0
EMP-3625,Marketing,Critical,366,5,0,1
EMP-3626,Sales,Critical,65,1,1,0
EMP-3627,Sales,Medium,197,12,1,1
EMP-3628,IT,Low,280,4,0,1
EMP-3629,IT,Low,172,1,1,0
EMP-3630,Sales,Low,113,3,0,0
EMP-3631,Sales,Critical,379,3,1,1
EMP-3632,Sales,Critical,317,5,1,0
EMP-3633,Engineering,High,344,7,1,1
EMP-3634,Finance,Medium,134,1,0,0
EMP-3635,HR,Low,174,1,1,0
EMP-3636,Marketing,Critical,277,4,0,0
EMP-3637,Finance,High,89,0,0,0
EMP-3638,Finance,Low,363,3,1,0
EMP-3639,Finance,Low,41,0,1,0
EMP-3640,IT,Medium,38,1,1,0
EMP-3641,HR,Critical,185,5,1,0
EMP-3642,Sales,High,242,10,1,1
EMP-3643,Sales,Low,126,1,1,0
EMP-3644,Finance,Critical,257,5,1,0
EMP-3645,IT,High,271,6,1,1
EMP-3646,Engineering,Low,158,4,0,0
EMP-3647,Sales,Medium,282,11,0,1
EMP-3648,Sales,Medium,317,9,1,1
EMP-3649,IT,High,274,4,0,0
EMP-3650,Marketing,Critical,240,12,1,1
EMP-3651,IT,Medium,108,1,1,0
EMP-3652,Finance,Low,75,1,1,0
EMP-3653,Finance,Critical,137,3,0,0
EMP-3654,Sales,Medium,186,10,1,0
EMP-3655,Sales,Medium,307,7,1,0
EMP-3656,IT,Low,42,1,0,0
EMP-3657,Marketing,Critical,298,8,1,1
EMP-3658,Engineering,Medium,33,0,1,1
EMP-3659,IT,Critical,270,10,1,1
EMP-3660,Finance,High,246,5,1,1
EMP-3661,Sales,Medium,187,6,0,0
EMP-3662,Marketing,Critical,275,10,1,1
EMP-3663,HR,High,300,3,1,1
EMP-3664,Engineering,Critical,38,1,1,0
EMP-3665,Engineering,Low,117,3,1,0
EMP-3666,IT,Critical,225,9,1,1
EMP-3667,IT,Low,224,7,0,0
EMP-3668,Finance,Critical,217,4,1,1
EMP-3669,Marketing,Critical,118,2,0,0
EMP-3670,Finance,Medium,338,12,1,1
EMP-3671,Sales,Medium,386,8,0,0
EMP-3672,Engineering,High,148,1,1,0
EMP-3673,Engineering,High,218,7,1,1
EMP-3674,HR,High,379,12,1,1
EMP-3675,Sales,Medium,239,4,0,0
EMP-3676,IT,Low,207,9,1,0
EMP-3677,HR,Medium,129,3,0,0
EMP-3678,Sales,High,123,2,1,0
EMP-3679,Marketing,Critical,177,2,0,0
EMP-3680,IT,Critical,253,4,1,1
EMP-3681,Finance,Medium,169,2,0,0
EMP-3682,Marketing,Medium,324,12,1,0
EMP-3683,Finance,High,141,1,0,0
EMP-3684,Marketing,Critical,226,11,1,0
EMP-3685,IT,Low,110,3,1,0
EMP-3686,Marketing,Low,90,1,0,0
EMP-3687,Finance,Medium,341,11,1,1
EMP-3688,Sales,High,70,0,1,0
EMP-3689,HR,Low,304,5,1,1
EMP-3690,Sales,Medium,190,6,0,0
EMP-3691,Marketing,Medium,62,0,1,0
EMP-3692,IT,Low,207,4,1,0
EMP-3693,Marketing,High,309,7,1,1
EMP-3694,IT,Low,189,10,0,1
EMP-3695,Finance,Low,253,4,1,0
EMP-3696,Marketing,Critical,50,0,1,0
EMP-3697,Marketing,Critical,306,3,0,1
EMP-3698,IT,High,298,8,1,1
EMP-3699,IT,Critical,224,8,1,1
EMP-3700,Sales,Low,264,3,0,1
EMP-3701,Sales,Medium,238,7,0,1
EMP-3702,Finance,Critical,96,4,0,0
EMP-3703,Sales,Medium,380,12,1,0
EMP-3704,IT,High,324,12,1,1
EMP-3705,Finance,Low,283,5,1,0
EMP-3706,Marketing,High,232,9,1,1
EMP-3707,Sales,Medium,278,6,1,1
EMP-3708,HR,Medium,57,0,0,1
EMP-3709,Sales,Critical,193,9,1,0
EMP-3710,HR,High,54,1,0,0
EMP-3711,Sales,Critical,135,2,1,0
EMP-3712,Engineering,Medium,81,0,1,0
EMP-3713,HR,Critical,152,2,1,0
EMP-3714,Engineering,Low,133,1,0,0
EMP-3715,IT,Critical,89,0,0,1
EMP-3716,Sales,Low,251,10,1,0
EMP-3717,Engineering,Medium,227,3,1,0
EMP-3718,Engineering,Medium,362,10,1,1
EMP-3719,IT,Low,99,1,1,0
EMP-3720,IT,Medium,247,5,1,0
EMP-3721,Finance,Critical,164,4,0,0
EMP-3722,HR,High,294,11,1,1
EMP-3723,IT,Critical,369,11,1,1
EMP-3724,IT,Medium,337,5,0,1
EMP-3725,IT,Medium,300,6,1,1
EMP-3726,HR,Critical,209,4,1,0
EMP-3727,Sales,Low,287,7,1,1
EMP-3728,Finance,High,278,4,0,1
EMP-3729,Engineering,Critical,210,7,1,1
EMP-3730,Finance,High,384,10,0,1
EMP-3731,HR,Critical,299,6,1,1
EMP-3732,HR,High,48,0,1,0
EMP-3733,Finance,Medium,129,1,1,0
EMP-3734,Marketing,Critical,230,12,0,1
EMP-3735,Finance,Medium,369,8,0,1
EMP-3736,Marketing,Low,291,7,1,1
EMP-3737,Finance,Low,69,0,1,0
EMP-3738,Marketing,Medium,166,3,1,0
EMP-3739,Marketing,Medium,199,3,1,0
EMP-3740,IT,High,274,5,1,1
EMP-3741,Sales,Critical,145,4,1,0
EMP-3742,Sales,Medium,105,4,1,0
EMP-3743,HR,High,70,1,1,0
EMP-3744,Finance,High,295,12,1,1
EMP-3745,Sales,High,147,1,0,0
EMP-3746,IT,Critical,205,9,1,0
EMP-3747,Finance,High,179,1,0,1
EMP-3748,Marketing,Medium,175,1,1,0
EMP-3749,Sales,Medium,143,2,1,0
EMP-3750,Marketing,High,284,10,1,1
EMP-3751,Sales,Critical,48,0,1,0
EMP-3752,Sales,Medium,261,4,0,1
EMP-3753,Engineering,Critical,90,4,0,0
EMP-3754,Sales,High,92,3,1,0
EMP-3755,HR,Medium,198,6,0,1
EMP-3756,Finance,High,175,2,1,0
EMP-3757,Sales,Critical,90,3,0,0
EMP-3758,Sales,Critical,37,1,0,0
EMP-3759,Finance,Critical,341,12,1,1
EMP-3760,Finance,Low,127,3,0,0
EMP-3761,IT,Medium,345,9,1,1
EMP-3762,Marketing,Critical,293,9,0,1
EMP-3763,IT,Low,330,12,1,1
EMP-3764,HR,Low,219,5,1,1
EMP-3765,IT,Medium,336,10,0,0
EMP-3766,IT,Low,282,4,1,0
EMP-3767,IT,Medium,314,11,1,1
EMP-3768,Marketing,High,397,7,1,1
EMP-3769,Engineering,Critical,238,12,1,0
EMP-3770,Finance,Medium,221,5,1,0
EMP-3771,Sales,Critical,396,8,0,1
EMP-3772,HR,Low,191,8,1,1
EMP-3773,Marketing,Critical,192,12,0,1
EMP-3774,Sales,Critical,114,1,0,0
EMP-3775,Engineering,Low,129,3,1,0
EMP-3776,Sales,Critical,174,4,1,0
EMP-3777,IT,Medium,232,6,1,0
EMP-3778,Finance,Critical,373,5,1,0
EMP-3779,Engineering,Medium,265,5,1,0
EMP-3780,Sales,Low,136,3,1,0
EMP-3781,Marketing,Critical,217,12,1,1
EMP-3782,Sales,Low,353,10,1,1
EMP-3783,IT,Low,243,10,0,1
EMP-3784,Marketing,High,93,3,1,0
EMP-3785,Engineering,High,162,4,1,0
EMP-3786,Engineering,High,360,12,1,1
EMP-3787,HR,Critical,238,7,1,1
EMP-3788,Engineering,Critical,228,3,1,0
EMP-3789,Sales,High,394,3,1,1
EMP-3790,HR,Low,196,10,1,0
EMP-3791,Sales,Medium,104,3,1,0
EMP-3792,HR,Critical,151,3,1,0
EMP-3793,Sales,Medium,352,10,1,1
EMP-3794,Finance,High,209,4,1,0
EMP-3795,Engineering,Critical,212,3,1,1
EMP-3796,IT,Medium,69,0,0,0
EMP-3797,IT,Medium,387,4,0,1
EMP-3798,Marketing,Low,180,8,1,1
EMP-3799,IT,High,181,7,1,0
EMP-3800,IT,High,141,2,1,0
EMP-3801,HR,Medium,129,3,1,0
EMP-3802,Marketing,High,332,11,0,1
EMP-3803,HR,High,339,3,1,0
EMP-3804,IT,Medium,74,1,1,0
EMP-3805,HR,Low,42,1,0,0
EMP-3806,IT,High,116,3,0,0
EMP-3807,IT,Low,370,12,1,1
EMP-3808,Sales,Critical,326,5,0,1
EMP-3809,HR,Low,91,3,1,0
EMP-3810,Engineering,Medium,293,11,0,1
EMP-3811,Marketing,High,174,2,0,0
EMP-3812,HR,High,115,2,0,0
EMP-3813,IT,Low,342,7,1,1
EMP-3814,Finance,High,32,0,1,0
EMP-3815,Engineering,High,66,0,1,0
EMP-3816,IT,High,236,12,1,1
EMP-3817,Marketing,Low,45,0,1,0
EMP-3818,IT,High,104,3,1,0
EMP-3819,Engineering,Low,40,1,1,0
EMP-3820,Sales,High,310,12,1,1
EMP-3821,Finance,Low,200,10,1,0
EMP-3822,IT,Low,377,3,1,1
EMP-3823,IT,Low,359,10,0,0
EMP-3824,HR,Critical,220,7,0,1
EMP-3825,HR,Medium,188,3,1,0
EMP-3826,Marketing,Medium,85,1,1,0
EMP-3827,HR,Critical,34,0,1,0
EMP-3828,Marketing,Critical,74,1,1,0
EMP-3829,Finance,Medium,302,9,0,1
EMP-3830,HR,Critical,186,11,1,0
EMP-3831,Sales,Medium,156,3,1,0
EMP-3832,IT,Medium,85,0,0,1
EMP-3833,Marketing,High,40,0,0,0
EMP-3834,Engineering,Medium,270,11,0,0
EMP-3835,Marketing,Low,298,8,1,1
EMP-3836,Engineering,High,341,10,1,1
EMP-3837,Marketing,Medium,118,2,1,0
EMP-3838,HR,High,132,1,1,0
EMP-3839,Finance,Critical,294,9,1,1
EMP-3840,Engineering,Low,168,4,1,0
EMP-3841,Finance,Low,135,3,1,0
EMP-3842,Finance,High,83,1,0,1
EMP-3843,Sales,Critical,347,12,1,0
EMP-3844,Engineering,Low,32,1,1,0
EMP-3845,IT,High,400,3,0,0
EMP-3846,Finance,Critical,156,2,1,0
EMP-3847,IT,Critical,310,8,1,1
EMP-3848,IT,Critical,123,1,0,0
EMP-3849,Sales,Critical,38,0,0,0
EMP-3850,HR,High,383,10,1,1
EMP-3851,HR,Low,160,3,0,0
EMP-3852,HR,High,39,0,1,0
EMP-3853,Marketing,High,211,5,0,1
EMP-3854,IT,Medium,392,5,1,0
EMP-3855,Engineering,Critical,320,9,0,1
EMP-3856,HR,Critical,169,2,1,0
EMP-3857,IT,Critical,202,10,1,0
EMP-3858,HR,Critical,61,1,1,0
EMP-3859,Sales,Low,93,4,1,0
EMP-3860,Finance,Low,247,10,1,1
EMP-3861,IT,Critical,383,9,1,1
EMP-3862,Engineering,Low,389,9,1,1
EMP-3863,Marketing,Low,333,3,0,1
EMP-3864,IT,Critical,295,7,1,0
EMP-3865,IT,Critical,231,8,1,1
EMP-3866,Engineering,High,257,5,0,1
EMP-3867,Finance,Medium,156,2,1,0
EMP-3868,Engineering,Low,387,5,0,0
EMP-3869,Sales,Critical,327,3,1,0
EMP-3870,Marketing,Low,39,0,1,0
EMP-3871,IT,Critical,137,1,1,0
EMP-3872,Sales,Low,97,2,0,0
EMP-3873,IT,High,135,1,1,0
EMP-3874,Sales,High,39,0,1,0
EMP-3875,HR,Critical,360,11,0,1
EMP-3876,Finance,Critical,314,3,0,1
EMP-3877,HR,Medium,245,9,1,0
EMP-3878,Engineering,Critical,77,0,1,0
EMP-3879,Marketing,High,164,3,0,1
EMP-3880,Finance,High,301,4,0,0
EMP-3881,Finance,High,278,12,1,1
EMP-3882,Sales,High,57,1,1,1
EMP-3883,Engineering,Low,334,4,0,0
EMP-3884,IT,Critical,156,4,0,0
EMP-3885,Finance,Medium,121,3,1,0
EMP-3886,Marketing,High,136,4,1,0
EMP-3887,Engineering,Critical,104,4,0,1
EMP-3888,Finance,High,159,4,0,0
EMP-3889,Finance,High,193,9,1,1
EMP-3890,Engineering,Low,144,3,1,0
EMP-3891,Sales,Low,102,2,1,0
EMP-3892,Marketing,Critical,181,9,1,1
EMP-3893,Marketing,Low,37,1,1,0
EMP-3894,IT,Critical,99,3,1,0
EMP-3895,Engineering,Critical,390,5,0,0
EMP-3896,HR,High,72,0,1,0
EMP-3897,Marketing,Low,399,11,0,1
EMP-3898,Finance,Low,399,5,1,0
EMP-3899,Sales,Critical,268,5,1,1
EMP-3900,Marketing,Critical,182,3,0,0
EMP-3901,Marketing,Low,50,1,1,0
EMP-3902,HR,Critical,262,12,1,0
EMP-3903,HR,Medium,384,8,0,1
EMP-3904,Finance,Low,382,9,1,1
EMP-3905,HR,Critical,149,4,0,1
EMP-3906,IT,High,354,11,0,1
EMP-3907,Marketing,Low,383,9,1,1
EMP-3908,HR,High,117,1,1,1
EMP-3909,Engineering,Medium,374,6,1,1
EMP-3910,HR,High,113,2,0,0
EMP-3911,Engineering,Critical,61,0,1,0
EMP-3912,Engineering,Medium,76,1,1,0
EMP-3913,Finance,High,287,9,1,0
EMP-3914,Engineering,Critical,151,3,1,1
EMP-3915,HR,Medium,149,4,0,0
EMP-3916,HR,Critical,55,1,1,0
EMP-3917,Engineering,Medium,209,7,0,0
EMP-3918,Engineering,Critical,243,8,1,1
EMP-3919,Marketing,Medium,295,10,1,0
EMP-3920,Sales,High,277,4,1,1
EMP-3921,Engineering,Low,235,7,1,1
EMP-3922,Sales,Low,118,3,1,0
EMP-3923,Engineering,High,68,1,0,0
EMP-3924,Finance,Low,51,0,0,0
EMP-3925,Finance,Medium,296,12,1,1
EMP-3926,Engineering,Medium,151,1,1,0
EMP-3927,HR,Medium,292,12,1,1
EMP-3928,Sales,Medium,209,6,0,1
EMP-3929,HR,High,275,7,1,1
EMP-3930,Sales,Medium,261,11,0,1
EMP-3931,Finance,Critical,65,0,1,0
EMP-3932,IT,Medium,258,7,1,1
EMP-3933,Finance,Medium,377,9,1,1
EMP-3934,IT,Critical,288,6,0,1
EMP-3935,Sales,Low,270,11,0,1
EMP-3936,Finance,Critical,364,11,1,1
EMP-3937,HR,Medium,349,9,1,1
EMP-3938,IT,Critical,162,1,1,0
EMP-3939,HR,Low,262,8,1,1
EMP-3940,Sales,Critical,95,4,1,0
EMP-3941,Engineering,High,337,3,0,1
EMP-3942,Engineering,Low,144,1,1,0
EMP-3943,Sales,Medium,95,1,1,0
EMP-3944,IT,Low,193,9,0,0
EMP-3945,Finance,Low,237,11,1,1
EMP-3946,Engineering,Low,68,1,1,0
EMP-3947,Finance,Low,218,5,0,0
EMP-3948,Sales,Critical,391,3,0,1
EMP-3949,HR,High,262,3,0,1
EMP-3950,Engineering,Critical,297,7,0,1
EMP-3951,Sales,Low,338,9,1,0
EMP-3952,IT,High,356,11,0,1
EMP-3953,IT,Low,155,4,0,1
EMP-3954,Engineering,Medium,71,0,1,0
EMP-3955,Marketing,Critical,234,3,1,1
EMP-3956,IT,Low,176,3,1,0
EMP-3957,HR,Critical,304,3,1,0
EMP-3958,Finance,High,93,2,1,1
EMP-3959,Marketing,Critical,378,12,1,1
EMP-3960,IT,High,266,10,1,1
EMP-3961,Sales,Low,361,7,1,1
EMP-3962,Marketing,Medium,288,8,0,1
EMP-3963,IT,Medium,279,11,0,1
EMP-3964,Sales,Medium,97,1,0,0
EMP-3965,Engineering,High,373,12,0,1
EMP-3966,Sales,High,260,7,1,0
EMP-3967,IT,Low,205,7,1,1
EMP-3968,Engineering,High,372,9,1,1
EMP-3969,Sales,High,279,9,1,1
EMP-3970,Engineering,High,355,5,1,1
EMP-3971,Sales,Medium,265,10,1,1
EMP-3972,HR,Low,364,7,1,1
EMP-3973,Finance,Medium,89,1,1,0
EMP-3974,Engineering,High,285,11,1,1
EMP-3975,Engineering,Critical,312,7,1,1
EMP-3976,Sales,Low,265,3,1,0
EMP-3977,HR,Low,101,2,1,0
EMP-3978,Finance,Medium,40,0,1,0
EMP-3979,Engineering,High,255,10,1,0
EMP-3980,IT,High,196,11,1,1
EMP-3981,IT,Critical,271,7,1,1
EMP-3982,HR,High,105,2,1,0
EMP-3983,Engineering,Low,98,3,0,0
EMP-3984,IT,High,287,6,0,1
EMP-3985,HR,Medium,302,3,1,1
EMP-3986,Sales,Medium,134,3,1,0
EMP-3987,HR,Low,132,4,1,0
EMP-3988,Marketing,High,226,7,1,0
EMP-3989,Sales,High,55,0,1,0
EMP-3990,Marketing,Medium,130,2,0,0
EMP-3991,Engineering,Medium,232,4,1,0
EMP-3992,Sales,Low,383,7,1,1
EMP-3993,Marketing,Medium,153,1,0,0
EMP-3994,Sales,Low,151,3,1,0
EMP-3995,Finance,High,332,11,0,1
EMP-3996,HR,Medium,370,10,0,1
EMP-3997,Engineering,High,34,1,1,1
EMP-3998,HR,High,113,2,0,0
EMP-3999,HR,Medium,133,3,1,0
EMP-4000,Engineering,Critical,220,5,1,1
EMP-4001,Sales,High,391,12,1,1
EMP-4002,Finance,Critical,175,1,0,0
EMP-4003,Finance,Critical,400,10,1,1
EMP-4004,Engineering,High,231,8,1,1
EMP-4005,Engineering,Medium,304,12,1,0
EMP-4006,Finance,High,310,8,0,1
EMP-4007,IT,High,291,11,1,1
EMP-4008,IT,High,63,0,1,0
EMP-4009,HR,High,236,10,0,1
EMP-4010,HR,High,248,9,1,1
EMP-4011,Finance,High,122,4,1,1
EMP-4012,Engineering,Low,179,1,1,0
EMP-4013,IT,Low,96,2,1,0
EMP-4014,Sales,Critical,378,11,1,1
EMP-4015,HR,High,176,4,1,0
EMP-4016,Sales,Medium,358,5,1,1
EMP-4017,Marketing,Medium,140,2,1,0
EMP-4018,Marketing,Medium,338,4,1,0
EMP-4019,HR,Low,69,0,1,0
EMP-4020,IT,Critical,339,5,0,1
EMP-4021,Sales,Low,174,3,1,0
EMP-4022,Marketing,Low,59,0,1,0
EMP-4023,Engineering,Medium,157,3,1,0
EMP-4024,IT,Critical,118,1,0,0
EMP-4025,IT,Medium,281,11,0,0
EMP-4026,Sales,Medium,400,6,1,1
EMP-4027,Sales,Low,136,3,1,0
EMP-4028,Finance,Low,267,12,1,0
EMP-4029,HR,Low,368,5,0,0
EMP-4030,Sales,High,313,11,1,0
EMP-4031,Engineering,High,138,4,1,0
EMP-4032,Marketing,Critical,391,3,0,1
EMP-4033,Marketing,Critical,136,3,1,1
EMP-4034,IT,High,135,2,1,1
EMP-4035,Marketing,High,359,7,0,1
EMP-4036,HR,Medium,44,0,0,0
EMP-4037,Finance,Low,355,5,1,0
EMP-4038,Engineering,Medium,176,1,0,0
EMP-4039,Engineering,High,165,2,1,0
EMP-4040,Marketing,Medium,206,8,1,1
EMP-4041,Marketing,High,165,1,0,1
EMP-4042,Engineering,Low,215,8,0,1
EMP-4043,IT,Low,387,3,1,1
EMP-4044,Sales,Critical,313,10,1,1
EMP-4045,Marketing,High,326,3,1,0
EMP-4046,Marketing,Critical,105,4,0,0
EMP-4047,Engineering,Medium,136,2,0,0
EMP-4048,Engineering,Critical,92,3,1,0
EMP-4049,Finance,Medium,270,8,1,1
EMP-4050,Engineering,Medium,265,5,1,0
EMP-4051,IT,High,118,3,0,0
EMP-4052,Sales,Critical,249,5,1,0
EMP-4053,Sales,Critical,238,6,1,1
EMP-4054,HR,Low,115,2,0,0
EMP-4055,Marketing,High,392,9,1,1
EMP-4056,IT,Critical,35,1,0,0
EMP-4057,Sales,Medium,121,2,1,0
EMP-4058,Engineering,Low,233,7,1,1
EMP-4059,IT,Critical,46,0,1,0
EMP-4060,Finance,Medium,287,8,1,1
EMP-4061,Finance,High,102,2,1,1
EMP-4062,Marketing,High,304,11,0,1
EMP-4063,Engineering,High,300,12,1,1
EMP-4064,Engineering,High,261,9,1,1
EMP-4065,Finance,High,318,8,0,1
EMP-4066,Engineering,Low,88,0,1,0
EMP-4067,Finance,Critical,365,7,0,1
EMP-4068,Engineering,Low,32,1,1,0
EMP-4069,IT,Medium,170,2,0,0
EMP-4070,Marketing,Medium,81,0,1,0
EMP-4071,Marketing,Low,118,2,1,0
EMP-4072,Sales,Medium,315,9,1,0
EMP-4073,IT,Medium,178,2,1,0
EMP-4074,Finance,Medium,282,4,0,0
EMP-4075,IT,Critical,89,1,1,1
EMP-4076,Sales,Low,255,7,0,1
EMP-4077,Engineering,Critical,51,1,0,1
EMP-4078,Marketing,Medium,93,1,1,0
EMP-4079,IT,Critical,213,6,1,1
EMP-4080,Marketing,Low,314,8,0,0
EMP-4081,Marketing,High,211,3,0,0
EMP-4082,Finance,Medium,182,12,1,0
EMP-4083,Finance,Medium,109,3,1,0
EMP-4084,Marketing,Medium,270,5,1,0
EMP-4085,Marketing,Critical,398,8,1,1
EMP-4086,Finance,Low,277,12,0,1
EMP-4087,HR,High,325,4,1,0
EMP-4088,Finance,Low,357,12,1,1
EMP-4089,Finance,Critical,285,3,0,0
EMP-4090,HR,Medium,96,1,1,0
EMP-4091,Sales,Low,356,9,1,1
EMP-4092,Engineering,High,252,8,0,1
EMP-4093,Marketing,High,212,10,1,1
EMP-4094,Engineering,Low,163,4,0,0
EMP-4095,HR,Critical,301,6,1,1
EMP-4096,Finance,Critical,353,12,1,1
EMP-4097,HR,Low,111,1,0,0
EMP-4098,HR,Critical,211,5,1,1
EMP-4099,IT,High,101,3,0,0
EMP-4100,Marketing,High,335,9,0,1
EMP-4101,Engineering,Critical,72,0,1,0
EMP-4102,Marketing,Low,185,4,0,0
EMP-4103,Marketing,High,64,1,0,0
EMP-4104,Engineering,Low,349,10,1,1
EMP-4105,Finance,Medium,75,0,1,0
EMP-4106,Marketing,Critical,120,1,1,0
EMP-4107,Engineering,Low,72,0,1,0
EMP-4108,IT,Medium,143,1,1,0
EMP-4109,Marketing,Medium,111,4,1,0
EMP-4110,Engineering,Critical,285,5,0,0
EMP-4111,HR,Low,127,1,1,0
EMP-4112,Finance,Medium,258,10,1,1
EMP-4113,Engineering,Critical,305,7,1,1
EMP-4114,Marketing,Low,166,2,0,0
EMP-4115,HR,Medium,309,9,0,1
EMP-4116,IT,Critical,365,5,1,1
EMP-4117,Marketing,Critical,134,3,1,0
EMP-4118,Sales,Low,227,9,0,0
EMP-4119,HR,High,381,12,1,1
EMP-4120,Engineering,Medium,288,12,0,1
EMP-4121,Engineering,Low,83,0,1,0
EMP-4122,IT,Medium,308,11,1,1
EMP-4123,Engineering,Low,84,1,1,0
EMP-4124,HR,Medium,67,1,1,0
EMP-4125,HR,High,112,3,1,0
EMP-4126,Engineering,Critical,361,8,0,1
EMP-4127,HR,Low,31,0,1,0
EMP-4128,Sales,Critical,264,4,1,1
EMP-4129,IT,Low,354,8,0,1
EMP-4130,Marketing,Low,286,6,1,0
EMP-4131,Finance,Low,391,9,0,1
EMP-4132,Sales,Critical,30,1,1,0
EMP-4133,Sales,High,166,2,0,1
EMP-4134,Marketing,Low,73,1,0,0
EMP-4135,Engineering,High,203,5,1,1
EMP-4136,Engineering,High,182,11,1,1
EMP-4137,Engineering,Low,46,1,1,0
EMP-4138,HR,Medium,37,1,1,0
EMP-4139,IT,Low,225,6,1,1
EMP-4140,HR,Medium,65,1,1,0
EMP-4141,Engineering,Medium,175,2,1,0
EMP-4142,Finance,High,222,6,1,1
EMP-4143,Sales,Medium,147,2,1,0
EMP-4144,HR,Low,194,7,0,1
EMP-4145,HR,High,81,0,1,0
EMP-4146,Marketing,Medium,360,8,1,0
EMP-4147,IT,Low,118,4,1,0
EMP-4148,Finance,High,124,2,0,0
EMP-4149,IT,High,144,4,1,0
EMP-4150,Marketing,Critical,175,1,1,0
EMP-4151,Marketing,Critical,358,12,1,1
EMP-4152,HR,Medium,356,4,1,0
EMP-4153,Finance,Low,311,4,1,0
EMP-4154,Marketing,Low,244,6,0,1
EMP-4155,Sales,Medium,311,11,1,1
EMP-4156,Engineering,Critical,173,1,1,0
EMP-4157,Engineering,Low,190,10,1,0
EMP-4158,Finance,Critical,393,10,1,1
EMP-4159,Engineering,Low,284,9,1,1
EMP-4160,HR,Low,47,0,1,1
EMP-4161,Marketing,Low,105,2,1,0
EMP-4162,Engineering,Critical,172,4,1,0
EMP-4163,IT,Critical,398,3,0,1
EMP-4164,HR,Low,173,3,0,0
EMP-4165,Sales,Medium,365,3,1,1
EMP-4166,Marketing,Low,370,7,0,0
EMP-4167,Engineering,High,196,4,1,0
EMP-4168,HR,High,241,5,1,0
EMP-4169,Finance,Critical,55,1,1,1
EMP-4170,Engineering,Critical,195,4,1,0
EMP-4171,HR,Medium,62,0,0,0
EMP-4172,IT,Low,79,1,1,0
EMP-4173,HR,Medium,90,1,0,0
EMP-4174,Sales,High,62,1,1,0
EMP-4175,Marketing,Critical,310,12,0,1
EMP-4176,IT,Critical,226,11,1,1
EMP-4177,Engineering,Low,398,10,1,1
EMP-4178,Sales,Critical,392,6,1,1
EMP-4179,IT,Low,286,9,0,1
EMP-4180,Sales,Medium,373,7,1,1
EMP-4181,IT,Low,57,1,0,1
EMP-4182,HR,High,249,12,1,1
EMP-4183,Engineering,High,85,0,1,0
EMP-4184,Sales,Medium,353,9,0,1
EMP-4185,HR,Low,296,10,0,1
EMP-4186,Sales,High,399,10,1,1
EMP-4187,Sales,Critical,198,11,1,1
EMP-4188,Finance,Low,311,10,1,1
EMP-4189,HR,Critical,205,8,1,1
EMP-4190,Engineering,High,346,3,1,1
EMP-4191,Sales,Medium,264,5,1,0
EMP-4192,Finance,Low,113,2,1,0
EMP-4193,IT,Medium,61,0,1,0
EMP-4194,Engineering,High,302,9,0,1
EMP-4195,Sales,Low,336,11,1,1
EMP-4196,Sales,Low,71,1,1,0
EMP-4197,Finance,High,358,12,1,1
EMP-4198,IT,Medium,97,2,0,0
EMP-4199,IT,Medium,400,6,1,0
EMP-4200,Finance,Medium,212,8,0,1
EMP-4201,Sales,Critical,266,9,1,1
EMP-4202,Engineering,Critical,207,9,1,1
EMP-4203,IT,Medium,128,4,1,0
EMP-4204,Marketing,Medium,129,3,1,0
EMP-4205,HR,Low,291,10,1,1
EMP-4206,Engineering,High,295,8,0,1
EMP-4207,Sales,High,211,8,0,1
EMP-4208,IT,High,199,5,1,1
EMP-4209,Marketing,Low,116,4,0,0
EMP-4210,IT,Low,348,12,1,1
EMP-4211,IT,High,176,3,1,0
EMP-4212,Finance,High,296,9,0,1
EMP-4213,Finance,Critical,344,4,1,0
EMP-4214,IT,High,43,1,0,0
EMP-4215,IT,High,229,5,1,1
EMP-4216,HR,Low,129,3,0,0
EMP-4217,Marketing,High,375,9,1,1
EMP-4218,Engineering,Low,166,1,0,0
EMP-4219,HR,High,397,10,1,1
EMP-4220,Engineering,Low,301,3,1,1
EMP-4221,IT,High,225,12,1,1
EMP-4222,IT,High,35,0,0,0
EMP-4223,IT,Critical,53,1,1,0
EMP-4224,Finance,High,187,7,1,0
EMP-4225,Marketing,Low,162,3,0,0
EMP-4226,Sales,Critical,243,3,1,1
EMP-4227,HR,High,246,10,0,1
EMP-4228,Sales,Medium,107,2,1,0
EMP-4229,Finance,Critical,323,6,1,1
EMP-4230,Marketing,High,265,11,1,1
EMP-4231,HR,Medium,105,2,0,0
EMP-4232,Marketing,Low,254,12,1,1
EMP-4233,Marketing,Critical,30,0,1,1
EMP-4234,Finance,Low,214,7,0,1
EMP-4235,Marketing,Medium,174,3,0,0
EMP-4236,Sales,Critical,312,10,1,1
EMP-4237,Sales,Low,84,1,1,0
EMP-4238,Marketing,Critical,355,10,1,1
EMP-4239,Finance,Critical,46,1,1,0
EMP-4240,Sales,Medium,390,9,1,1
EMP-4241,Finance,Critical,78,1,0,0
EMP-4242,Finance,Medium,347,6,1,1
EMP-4243,HR,Critical,295,12,1,1
EMP-4244,IT,Medium,37,0,0,0
EMP-4245,Sales,High,390,6,1,1
EMP-4246,Sales,Medium,225,6,0,1
EMP-4247,Engineering,Low,194,7,0,1
EMP-4248,Marketing,Critical,116,3,1,0
EMP-4249,Marketing,High,262,12,0,1
EMP-4250,Engineering,High,363,12,1,1
EMP-4251,Engineering,Medium,295,5,1,1
EMP-4252,Finance,Critical,365,7,1,1
EMP-4253,Marketing,Medium,334,10,0,1
EMP-4254,IT,Medium,329,11,1,1
EMP-4255,Sales,Medium,384,12,1,1
EMP-4256,Sales,Medium,263,3,1,0
EMP-4257,Sales,High,179,3,1,0
EMP-4258,Marketing,High,35,0,0,0
EMP-4259,Marketing,Low,259,11,1,1
EMP-4260,Sales,High,353,6,1,1
EMP-4261,Sales,High,212,8,1,0
EMP-4262,Engineering,High,218,11,1,1
EMP-4263,IT,High,294,3,1,1
EMP-4264,Sales,Critical,343,11,1,0
EMP-4265,HR,Critical,116,4,0,1
EMP-4266,Marketing,Medium,229,11,1,0
EMP-4267,Sales,Low,395,6,0,1
EMP-4268,Sales,Critical,192,3,1,0
EMP-4269,Finance,Medium,113,3,1,0
EMP-4270,Engineering,Low,359,4,0,0
EMP-4271,Engineering,Medium,364,5,0,0
EMP-4272,Marketing,Medium,205,6,0,1
EMP-4273,HR,High,67,0,0,1
EMP-4274,Engineering,Low,265,10,1,1
EMP-4275,HR,Medium,187,5,1,0
EMP-4276,Finance,High,347,9,0,1
EMP-4277,Engineering,Critical,248,6,1,1
EMP-4278,Marketing,Critical,210,8,0,1
EMP-4279,HR,Critical,41,0,1,0
EMP-4280,IT,Critical,396,7,1,1
EMP-4281,HR,Medium,274,11,1,0
EMP-4282,IT,Medium,221,10,1,0
EMP-4283,HR,Medium,210,11,0,1
EMP-4284,Finance,Critical,259,7,1,0
EMP-4285,Sales,Critical,265,3,1,1
EMP-4286,Sales,High,109,4,1,1
EMP-4287,Sales,Medium,370,4,1,0
EMP-4288,IT,Low,126,4,1,0
EMP-4289,Engineering,High,209,12,1,1
EMP-4290,HR,Critical,37,1,0,0
EMP-4291,Sales,High,105,4,0,0
EMP-4292,Marketing,Critical,355,5,1,1
EMP-4293,Engineering,Medium,351,10,1,1
EMP-4294,IT,High,76,1,1,0
EMP-4295,Engineering,Critical,127,2,0,1
EMP-4296,Engineering,Medium,289,8,1,1
EMP-4297,Engineering,High,317,10,1,1
EMP-4298,Engineering,High,372,4,0,0
EMP-4299,HR,High,193,12,1,0
EMP-4300,Marketing,Low,273,11,0,1
EMP-4301,IT,Medium,396,9,1,1
EMP-4302,Sales,Critical,374,7,0,1
EMP-4303,Finance,Medium,328,5,1,0
EMP-4304,Sales,Medium,88,0,1,0
EMP-4305,IT,Medium,180,11,1,1
EMP-4306,Finance,High,321,7,0,1
EMP-4307,Marketing,Medium,377,3,1,0
EMP-4308,Sales,High,262,8,1,0
EMP-4309,HR,Medium,311,11,1,1
EMP-4310,HR,Low,146,2,1,0
EMP-4311,Engineering,Medium,80,1,1,0
EMP-4312,HR,Medium,237,6,0,1
EMP-4313,Engineering,Critical,192,11,1,1
EMP-4314,HR,Low,279,8,1,1
EMP-4315,Marketing,Medium,334,3,0,1
EMP-4316,Marketing,Medium,139,1,1,0
EMP-4317,Finance,Critical,174,2,0,1
EMP-4318,HR,Low,186,8,1,0
EMP-4319,Engineering,Critical,291,7,0,1
EMP-4320,Engineering,Medium,127,1,1,0
EMP-4321,Finance,Low,57,1,0,0
EMP-4322,Engineering,Critical,137,1,0,0
EMP-4323,Sales,Medium,331,11,1,1
EMP-4324,Finance,High,148,1,1,0
EMP-4325,Engineering,Medium,361,5,1,0
EMP-4326,Marketing,Low,87,1,0,0
EMP-4327,Finance,High,379,9,1,1
EMP-4328,Engineering,Low,81,0,1,0
EMP-4329,IT,Medium,135,4,0,0
EMP-4330,IT,Medium,317,6,1,1
EMP-4331,Engineering,Medium,259,3,0,0
EMP-4332,Finance,Critical,205,9,1,1
EMP-4333,Sales,Medium,346,4,0,0
EMP-4334,Marketing,Low,34,1,1,0
EMP-4335,Marketing,High,306,12,1,0
EMP-4336,Finance,Critical,43,1,0,0
EMP-4337,Sales,High,164,2,0,1
EMP-4338,IT,High,363,7,1,1
EMP-4339,Engineering,High,153,1,1,0
EMP-4340,Engineering,High,335,12,1,1
EMP-4341,Finance,High,139,1,0,0
EMP-4342,Finance,Medium,295,9,0,1
EMP-4343,HR,Low,348,8,1,0
EMP-4344,IT,Low,317,3,1,1
EMP-4345,Marketing,Medium,293,10,0,1
EMP-4346,Sales,High,95,1,1,0
EMP-4347,Finance,Medium,54,1,1,0
EMP-4348,Marketing,Critical,220,7,0,1
EMP-4349,HR,Medium,60,1,1,0
EMP-4350,IT,Low,118,3,0,0
EMP-4351,Finance,Medium,266,12,0,1
EMP-4352,Finance,High,352,4,1,1
EMP-4353,IT,Critical,89,0,1,0
EMP-4354,HR,Low,330,7,1,1
EMP-4355,Sales,Low,105,4,1,0
EMP-4356,Engineering,Medium,76,1,0,0
EMP-4357,Engineering,Medium,46,0,0,1
EMP-4358,Engineering,Critical,223,7,1,1
EMP-4359,HR,Low,320,10,1,1
EMP-4360,Engineering,High,192,7,1,1
EMP-4361,HR,Medium,275,8,0,1
EMP-4362,Sales,High,196,5,1,0
EMP-4363,Finance,Low,193,3,0,0
EMP-4364,Finance,Medium,50,1,1,0
EMP-4365,Engineering,High,159,2,0,0
EMP-4366,Engineering,Low,273,7,1,1
EMP-4367,IT,Medium,285,3,1,1
EMP-4368,Engineering,Critical,136,4,0,0
EMP-4369,Sales,Critical,271,7,0,1
EMP-4370,IT,Low,50,1,1,0
EMP-4371,Marketing,High,57,1,0,0
EMP-4372,HR,Low,246,4,0,0
EMP-4373,Finance,High,112,4,1,0
EMP-4374,Marketing,Critical,235,4,0,0
EMP-4375,Engineering,Critical,132,2,1,1
EMP-4376,Sales,High,173,4,0,0
EMP-4377,IT,Low,299,3,1,1
EMP-4378,Marketing,High,183,7,0,0
EMP-4379,Sales,Medium,374,6,0,0
EMP-4380,Engineering,Critical,69,1,1,0
EMP-4381,Sales,Critical,344,11,1,1
EMP-4382,HR,Critical,216,4,1,1
EMP-4383,Marketing,Critical,130,2,0,0
EMP-4384,Marketing,High,297,5,1,0
EMP-4385,IT,Low,76,1,1,0
EMP-4386,Engineering,Critical,344,11,1,1
EMP-4387,HR,Critical,112,3,1,0
EMP-4388,HR,High,293,9,0,1
EMP-4389,Sales,High,251,12,0,1
EMP-4390,Marketing,High,319,10,1,1
EMP-4391,Marketing,Critical,316,6,1,1
EMP-4392,IT,Critical,315,7,1,1
EMP-4393,Marketing,High,320,9,0,1
EMP-4394,Sales,Medium,354,3,0,1
EMP-4395,HR,High,338,11,1,1
EMP-4396,IT,Critical,393,9,0,1
EMP-4397,IT,Medium,241,6,1,1
EMP-4398,Finance,Medium,199,9,0,0
EMP-4399,Marketing,Critical,149,3,1,0
EMP-4400,Sales,Critical,350,7,0,1
EMP-4401,Finance,Medium,389,7,0,0
EMP-4402,Engineering,Medium,374,3,0,0
EMP-4403,Engineering,Low,95,1,0,0
EMP-4404,Engineering,Critical,297,8,1,1
EMP-4405,IT,Critical,101,2,1,0
EMP-4406,IT,Medium,385,7,0,1
EMP-4407,Marketing,Low,131,3,1,0
EMP-4408,IT,Medium,319,3,0,0
EMP-4409,HR,Critical,304,3,0,1
EMP-4410,HR,High,105,1,1,0
EMP-4411,HR,Medium,352,8,1,1
EMP-4412,Finance,Critical,316,4,1,0
EMP-4413,HR,Medium,291,4,0,0
EMP-4414,Marketing,Critical,247,5,1,0
EMP-4415,IT,Low,313,12,1,0
EMP-4416,Finance,Low,171,3,0,0
EMP-4417,Finance,High,143,1,1,0
EMP-4418,IT,Low,213,10,0,1
EMP-4419,Engineering,High,164,2,1,0
EMP-4420,Finance,Critical,319,11,0,1
EMP-4421,Finance,High,318,3,1,1
EMP-4422,Marketing,Medium,131,3,1,0
EMP-4423,IT,Low,285,5,0,1
EMP-4424,Sales,High,372,10,1,1
EMP-4425,Engineering,Low,67,0,1,0
EMP-4426,IT,High,335,11,1,1
EMP-4427,Engineering,Low,212,9,1,0
EMP-4428,IT,Low,211,3,1,1
EMP-4429,Marketing,Low,233,10,1,1
EMP-4430,IT,Critical,37,0,0,1
EMP-4431,HR,Medium,385,5,0,1
EMP-4432,IT,Low,255,10,1,1
EMP-4433,HR,Low,127,2,1,0
EMP-4434,Sales,High,153,3,1,0
EMP-4435,Sales,Critical,271,10,1,1
EMP-4436,HR,High,390,6,0,1
EMP-4437,Engineering,Medium,350,11,1,1
EMP-4438,Engineering,Critical,243,5,1,0
EMP-4439,Engineering,Medium,328,5,1,0
EMP-4440,Sales,Low,320,7,1,0
EMP-4441,HR,Medium,227,7,1,1
EMP-4442,Sales,Low,92,2,0,1
EMP-4443,Engineering,Low,301,7,0,1
EMP-4444,Sales,Medium,261,8,0,1
EMP-4445,Sales,Low,163,2,1,0
EMP-4446,Finance,Medium,147,1,1,0
EMP-4447,Sales,Low,245,7,0,1
EMP-4448,Sales,Medium,380,8,0,1
EMP-4449,Sales,High,295,9,1,1
EMP-4450,Marketing,Critical,135,3,1,0
EMP-4451,Engineering,Critical,173,4,0,0
EMP-4452,Finance,Low,378,5,1,0
EMP-4453,IT,Medium,278,7,1,1
EMP-4454,Sales,Low,301,3,1,0
EMP-4455,Sales,Low,233,9,1,1
EMP-4456,Sales,Low,137,3,1,0
EMP-4457,IT,High,333,10,1,0
EMP-4458,Engineering,Medium,72,0,1,0
EMP-4459,IT,Low,276,4,1,0
EMP-4460,Sales,Critical,344,9,1,1
EMP-4461,Sales,Critical,90,3,1,0
EMP-4462,Finance,High,227,4,0,1
EMP-4463,Sales,Medium,293,4,1,0
EMP-4464,Engineering,Medium,231,6,0,1
EMP-4465,HR,High,201,4,1,0
EMP-4466,Sales,High,363,9,0,1
EMP-4467,Engineering,Low,368,4,1,1
EMP-4468,Engineering,High,86,1,1,1
EMP-4469,Engineering,Critical,137,2,1,0
EMP-4470,IT,High,184,11,0,0
EMP-4471,IT,Critical,107,4,0,0
EMP-4472,Finance,High,169,3,1,0
EMP-4473,Finance,Low,106,1,1,0
EMP-4474,Sales,Medium,144,1,1,0
EMP-4475,HR,Critical,286,11,1,1
EMP-4476,Marketing,High,208,7,1,1
EMP-4477,HR,High,123,3,1,0
EMP-4478,Engineering,Medium,157,4,1,0
EMP-4479,Engineering,Medium,32,1,1,0
EMP-4480,Marketing,Medium,360,9,1,1
EMP-4481,Marketing,Critical,300,12,1,1
EMP-4482,Engineering,High,121,4,1,0
EMP-4483,Sales,Critical,209,12,1,1
EMP-4484,HR,High,214,4,1,1
EMP-4485,IT,Critical,343,6,1,0
EMP-4486,Finance,Low,236,6,1,0
EMP-4487,Marketing,Low,46,1,0,0
EMP-4488,Finance,Critical,270,10,1,1
EMP-4489,IT,High,316,9,1,1
EMP-4490,HR,Medium,83,1,0,0
EMP-4491,Marketing,Low,380,5,0,0
EMP-4492,HR,High,101,4,1,0
EMP-4493,IT,Critical,310,10,1,0
EMP-4494,Sales,Critical,187,4,1,0
EMP-4495,Sales,Medium,348,11,1,1
EMP-4496,Finance,Low,85,1,1,0
EMP-4497,Sales,Medium,315,9,0,1
EMP-4498,Sales,High,128,2,1,0
EMP-4499,Marketing,Low,168,1,1,0
EMP-4500,Finance,Medium,247,6,1,0
EMP-4501,Marketing,Medium,171,4,1,0
EMP-4502,HR,Medium,358,10,1,1
EMP-4503,Sales,Critical,124,2,0,0
EMP-4504,Marketing,Critical,65,0,1,0
EMP-4505,Finance,Medium,201,11,0,0
EMP-4506,Marketing,High,61,1,1,0
EMP-4507,Marketing,Critical,271,3,1,0
EMP-4508,IT,High,170,3,1,0
EMP-4509,Sales,High,351,8,1,1
EMP-4510,Engineering,Medium,30,1,0,0
EMP-4511,Engineering,Medium,282,4,0,1
EMP-4512,IT,High,146,4,1,0
EMP-4513,Marketing,Medium,161,1,1,0
EMP-4514,Finance,Low,185,4,0,0
EMP-4515,HR,Low,257,9,1,1
EMP-4516,Sales,Medium,235,3,1,1
EMP-4517,Finance,Critical,156,3,1,0
EMP-4518,HR,Critical,384,5,1,0
EMP-4519,Finance,Medium,259,3,0,0
EMP-4520,Marketing,Critical,354,8,1,1
EMP-4521,Finance,Low,55,1,1,0
EMP-4522,Sales,Low,206,11,1,1
EMP-4523,Sales,Low,231,8,1,0
EMP-4524,Marketing,High,157,4,1,0
EMP-4525,IT,Medium,345,3,0,1
EMP-4526,Sales,Low,300,8,1,1
EMP-4527,Marketing,Critical,246,3,1,0
EMP-4528,IT,Critical,326,12,1,1
EMP-4529,Marketing,Medium,147,2,1,0
EMP-4530,Finance,High,182,10,0,1
EMP-4531,Marketing,Critical,295,12,1,0
EMP-4532,Engineering,Low,393,3,1,0
EMP-4533,HR,Low,47,1,0,0
EMP-4534,HR,High,167,3,1,0
EMP-4535,Engineering,Medium,47,0,0,0
EMP-4536,IT,Medium,342,7,0,1
EMP-4537,IT,Medium,215,3,1,0
EMP-4538,Finance,Low,199,9,1,1
EMP-4539,Finance,High,322,5,1,1
EMP-4540,Sales,Medium,281,3,1,0
EMP-4541,Finance,Low,291,9,0,1
EMP-4542,HR,High,48,0,1,0
EMP-4543,Marketing,Low,129,2,1,0
EMP-4544,IT,High,374,11,1,1
EMP-4545,Marketing,Medium,242,3,1,1
EMP-4546,IT,High,268,3,0,0
EMP-4547,Sales,Low,309,10,0,1
EMP-4548,Marketing,Medium,212,9,1,1
EMP-4549,Engineering,High,335,8,1,1
EMP-4550,Sales,High,182,8,0,1
EMP-4551,Sales,High,327,12,0,1
EMP-4552,Finance,Critical,369,11,0,1
EMP-4553,Marketing,Medium,348,4,1,0
EMP-4554,Finance,Low,358,3,1,0
EMP-4555,Marketing,Medium,249,12,0,1
EMP-4556,Finance,Critical,300,11,0,1
EMP-4557,Sales,Low,220,6,0,1
EMP-4558,Engineering,Medium,125,3,1,0
EMP-4559,Finance,Low,202,6,1,0
EMP-4560,Marketing,Low,207,10,1,1
EMP-4561,Finance,Low,174,4,1,0
EMP-4562,IT,Medium,351,12,1,1
EMP-4563,Marketing,High,94,4,1,0
EMP-4564,Sales,Medium,349,8,1,0
EMP-4565,Engineering,Medium,300,8,0,1
EMP-4566,Sales,High,131,1,1,0
EMP-4567,Marketing,Critical,319,12,1,1
EMP-4568,IT,Medium,122,2,1,0
EMP-4569,Engineering,Critical,208,9,0,1
EMP-4570,IT,Critical,215,10,0,1
EMP-4571,Sales,Medium,289,9,1,1
EMP-4572,HR,Critical,44,1,0,0
EMP-4573,Marketing,Medium,306,3,1,0
EMP-4574,Finance,Medium,211,4,1,0
EMP-4575,Sales,Medium,379,11,1,1
EMP-4576,Marketing,Critical,112,2,1,0
EMP-4577,Engineering,Critical,340,5,1,1
EMP-4578,Marketing,Low,360,10,1,1
EMP-4579,Marketing,Low,130,2,1,0
EMP-4580,Engineering,Medium,357,8,0,1
EMP-4581,Sales,Medium,84,1,1,0
EMP-4582,Marketing,Medium,156,1,1,0
EMP-4583,Marketing,Critical,101,4,1,0
EMP-4584,Finance,Medium,196,11,1,0
EMP-4585,Marketing,Medium,382,5,1,1
EMP-4586,IT,Medium,348,6,1,0
EMP-4587,IT,Low,333,4,1,0
EMP-4588,IT,Critical,95,4,1,0
EMP-4589,IT,Critical,383,8,0,1
EMP-4590,Marketing,Critical,51,1,1,0
EMP-4591,Engineering,Critical,345,9,1,1
EMP-4592,Marketing,Critical,387,7,0,1
EMP-4593,Finance,Critical,279,12,1,1
EMP-4594,HR,High,330,3,0,1
EMP-4595,Finance,Medium,353,8,1,1
EMP-4596,Engineering,High,375,7,0,1
EMP-4597,Finance,Critical,384,8,0,1
EMP-4598,Sales,Low,118,4,1,0
EMP-4599,IT,Critical,243,3,1,1
EMP-4600,IT,Low,61,1,1,0
EMP-4601,HR,Critical,95,2,0,0
EMP-4602,Finance,Critical,215,3,1,1
EMP-4603,HR,Critical,220,10,1,0
EMP-4604,Engineering,Medium,331,5,1,0
EMP-4605,Finance,High,216,4,1,0
EMP-4606,Finance,Medium,173,1,1,0
EMP-4607,Marketing,High,79,0,0,0
EMP-4608,HR,Medium,227,4,1,1
EMP-4609,HR,Low,232,9,0,1
EMP-4610,HR,Critical,232,10,1,1
EMP-4611,Engineering,Medium,74,1,0,0
EMP-4612,Marketing,High,140,1,0,0
EMP-4613,Sales,High,291,6,1,1
EMP-4614,Marketing,High,104,3,1,0
EMP-4615,IT,Low,282,7,1,1
EMP-4616,HR,High,249,5,1,1
EMP-4617,Finance,Medium,88,1,1,0
EMP-4618,Sales,Medium,261,5,1,0
EMP-4619,Finance,Critical,63,1,0,0
EMP-4620,Finance,High,354,4,0,1
EMP-4621,Engineering,Medium,211,7,1,1
EMP-4622,Sales,Low,50,1,1,0
EMP-4623,HR,Medium,69,1,1,0
EMP-4624,HR,Low,46,1,1,0
EMP-4625,Sales,Critical,281,12,0,1
EMP-4626,IT,High,130,1,0,1
EMP-4627,HR,Critical,129,1,1,0
EMP-4628,IT,Low,96,1,0,0
EMP-4629,Engineering,High,222,8,1,1
EMP-4630,Marketing,Medium,157,3,1,0
EMP-4631,Marketing,Critical,151,1,1,0
EMP-4632,Engineering,High,202,10,1,1
EMP-4633,IT,Critical,183,11,1,1
EMP-4634,Marketing,Low,256,4,0,0
EMP-4635,Marketing,High,220,9,1,1
EMP-4636,Engineering,Critical,399,11,0,1
EMP-4637,Engineering,Low,369,12,1,1
EMP-4638,Engineering,Low,267,5,1,1
EMP-4639,HR,Critical,262,5,1,1
EMP-4640,IT,High,357,4,1,0
EMP-4641,Sales,Low,136,3,1,0
EMP-4642,Marketing,High,47,1,0,1
EMP-4643,Sales,Critical,72,0,1,0
EMP-4644,HR,Critical,329,6,1,0
EMP-4645,Engineering,Low,323,8,1,1
EMP-4646,Finance,Low,44,0,1,0
EMP-4647,Sales,Medium,277,5,1,0
EMP-4648,IT,Low,166,1,1,1
EMP-4649,Finance,High,177,4,1,0
EMP-4650,Finance,Critical,183,12,0,0
EMP-4651,HR,Critical,267,8,0,1
EMP-4652,Marketing,High,117,4,0,1
EMP-4653,Engineering,Low,248,8,0,1
EMP-4654,IT,High,346,9,1,1
EMP-4655,Finance,Medium,162,1,1,0
EMP-4656,HR,Critical,268,3,0,1
EMP-4657,HR,Critical,381,6,1,1
EMP-4658,IT,Medium,169,2,1,0
EMP-4659,Marketing,Critical,330,7,1,1
EMP-4660,Sales,Medium,331,11,1,1
EMP-4661,Sales,Medium,39,0,1,0
EMP-4662,Marketing,Medium,333,9,0,1
EMP-4663,Sales,High,298,10,0,1
EMP-4664,HR,High,101,2,0,0
EMP-4665,HR,Medium,98,1,0,0
EMP-4666,Engineering,Critical,274,10,1,1
EMP-4667,Sales,High,387,8,1,0
EMP-4668,IT,Critical,227,4,1,0
EMP-4669,Finance,Low,293,7,1,1
EMP-4670,Marketing,Low,390,9,0,1
EMP-4671,Engineering,High,56,0,0,0
EMP-4672,Marketing,Medium,312,10,1,1
EMP-4673,HR,Critical,141,4,0,0
EMP-4674,Marketing,High,241,4,1,1
EMP-4675,Finance,Low,232,9,1,1
EMP-4676,Sales,Low,128,4,1,0
EMP-4677,Engineering,Low,373,4,1,0
EMP-4678,Finance,High,63,0,0,0
EMP-4679,HR,Critical,111,3,1,0
EMP-4680,Marketing,Critical,335,8,1,1
EMP-4681,Marketing,Medium,103,3,0,0
EMP-4682,Engineering,Medium,186,3,0,0
EMP-4683,IT,Medium,190,3,1,0
EMP-4684,Engineering,High,254,8,0,1
EMP-4685,Marketing,High,197,5,0,1
EMP-4686,Finance,Low,100,4,0,0
EMP-4687,Finance,Low,42,0,1,0
EMP-4688,Marketing,Medium,393,5,1,1
EMP-4689,Sales,Medium,244,4,0,0
EMP-4690,HR,Medium,365,7,1,1
EMP-4691,Marketing,Critical,137,4,1,0
EMP-4692,Engineering,Low,138,1,1,0
EMP-4693,Engineering,Low,127,2,1,0
EMP-4694,HR,Medium,392,6,1,1
EMP-4695,Sales,Medium,392,7,1,1
EMP-4696,IT,High,353,10,1,1
EMP-4697,HR,Low,305,12,0,1
EMP-4698,IT,Medium,129,1,1,0
EMP-4699,Engineering,Critical,75,1,1,0
EMP-4700,Engineering,High,54,1,1,0
EMP-4701,IT,Low,156,3,0,0
EMP-4702,Finance,Critical,110,2,1,0
EMP-4703,IT,High,52,1,1,0
EMP-4704,Engineering,Low,182,8,1,1
EMP-4705,Engineering,Low,251,4,1,0
EMP-4706,HR,Low,342,10,0,0
EMP-4707,Sales,Critical,223,3,0,1
EMP-4708,Marketing,High,380,11,1,1
EMP-4709,IT,High,257,9,0,1
EMP-4710,Sales,Critical,258,7,1,1
EMP-4711,Marketing,Low,220,4,1,0
EMP-4712,Sales,High,218,3,1,1
EMP-4713,HR,Medium,45,1,1,0
EMP-4714,Marketing,Medium,184,10,0,0
EMP-4715,Sales,High,342,3,0,1
EMP-4716,HR,Medium,171,2,1,0
EMP-4717,HR,High,196,4,1,0
EMP-4718,Engineering,High,139,2,1,0
EMP-4719,Engineering,High,211,10,1,1
EMP-4720,IT,Medium,397,8,0,0
EMP-4721,IT,Critical,46,0,1,0
EMP-4722,Engineering,Critical,347,5,0,1
EMP-4723,Engineering,Medium,38,1,0,0
EMP-4724,HR,Low,280,10,1,1
EMP-4725,Finance,Medium,274,5,1,1
EMP-4726,Finance,Low,185,7,1,1
EMP-4727,HR,Critical,315,3,1,1
EMP-4728,Finance,Critical,303,8,1,1
EMP-4729,Engineering,Medium,205,3,0,0
EMP-4730,Engineering,Low,331,4,1,0
EMP-4731,IT,Low,96,2,1,0
EMP-4732,Engineering,Critical,365,9,0,1
EMP-4733,Finance,Low,244,4,1,0
EMP-4734,HR,Medium,278,5,1,1
EMP-4735,IT,Medium,91,2,1,0
EMP-4736,Marketing,High,70,1,1,0
EMP-4737,Marketing,Low,354,9,1,1
EMP-4738,Finance,High,230,6,0,1
EMP-4739,Sales,Low,248,3,0,1
EMP-4740,HR,High,363,3,0,1
EMP-4741,Marketing,Medium,302,11,0,0
EMP-4742,Sales,Low,185,11,1,0
EMP-4743,HR,Medium,204,10,0,1
EMP-4744,IT,Critical,395,9,0,1
EMP-4745,Finance,Medium,240,9,1,1
EMP-4746,Sales,Critical,335,6,1,1
EMP-4747,IT,Low,115,1,0,0
EMP-4748,Finance,Critical,250,7,0,1
EMP-4749,IT,Medium,211,7,0,1
EMP-4750,Marketing,High,258,12,1,1
EMP-4751,Finance,High,243,3,1,1
EMP-4752,HR,High,284,10,0,1
EMP-4753,HR,Critical,80,0,1,0
EMP-4754,Sales,Medium,309,3,1,1
EMP-4755,IT,Critical,260,3,1,1
EMP-4756,Marketing,Critical,82,0,1,0
EMP-4757,Sales,High,229,12,0,1
EMP-4758,Sales,Medium,91,4,1,0
EMP-4759,Sales,Critical,389,11,1,1
EMP-4760,Engineering,Low,236,8,0,1
EMP-4761,Marketing,Low,194,8,1,0
EMP-4762,IT,Low,120,2,1,0
EMP-4763,Marketing,Low,350,12,1,1
EMP-4764,Marketing,Low,202,6,0,1
EMP-4765,Sales,Critical,337,6,1,1
EMP-4766,HR,Critical,173,1,0,0
EMP-4767,IT,Critical,123,2,1,0
EMP-4768,Marketing,Medium,243,12,0,1
EMP-4769,IT,High,119,1,1,0
EMP-4770,IT,High,361,4,1,0
EMP-4771,Marketing,Medium,288,11,1,1
EMP-4772,Engineering,Critical,56,1,1,0
EMP-4773,HR,Medium,35,0,1,0
EMP-4774,Sales,Medium,150,3,0,0
EMP-4775,HR,Medium,209,6,0,0
EMP-4776,Marketing,Medium,369,6,1,1
EMP-4777,Marketing,Critical,330,10,1,1
EMP-4778,IT,Critical,121,1,1,0
EMP-4779,HR,Medium,48,1,0,0
EMP-4780,HR,Critical,30,0,1,0
EMP-4781,IT,High,118,1,0,1
EMP-4782,Finance,Critical,345,3,1,0
EMP-4783,Finance,Medium,385,7,1,0
EMP-4784,HR,Low,383,3,1,0
EMP-4785,HR,Low,215,10,1,1
EMP-4786,IT,Critical,323,7,1,1
EMP-4787,HR,High,358,11,0,1
EMP-4788,Finance,Critical,117,2,1,0
EMP-4789,IT,Medium,193,7,1,0
EMP-4790,Sales,High,153,2,1,0
EMP-4791,Engineering,High,321,9,1,1
EMP-4792,Marketing,Medium,160,4,1,0
EMP-4793,Finance,High,161,4,1,0
EMP-4794,Engineering,High,201,7,0,1
EMP-4795,Engineering,Low,165,1,1,0
EMP-4796,Sales,Critical,85,0,0,0
EMP-4797,Marketing,High,263,8,1,1
EMP-4798,Engineering,High,389,5,1,0
EMP-4799,Marketing,Low,110,3,0,0
EMP-4800,Marketing,Critical,280,9,1,1
EMP-4801,IT,Low,163,4,1,0
EMP-4802,HR,High,179,3,1,0
EMP-4803,HR,Critical,88,0,0,0
EMP-4804,Finance,Low,116,4,1,0
EMP-4805,Finance,Critical,114,4,0,1
EMP-4806,HR,Critical,257,12,1,0
EMP-4807,HR,Low,180,7,1,0
EMP-4808,Finance,Critical,379,7,1,1
EMP-4809,Sales,Medium,265,4,1,0
EMP-4810,Sales,Critical,261,3,0,1
EMP-4811,Sales,Low,209,12,0,1
EMP-4812,HR,Critical,57,0,0,1
EMP-4813,Marketing,High,262,3,1,0
EMP-4814,Finance,Medium,167,1,1,0
EMP-4815,HR,Critical,249,5,1,1
EMP-4816,Marketing,High,390,6,0,1
EMP-4817,Finance,Critical,338,7,1,1
EMP-4818,Finance,High,30,0,1,0
EMP-4819,Sales,Critical,321,9,1,1
EMP-4820,HR,Low,202,6,0,1
EMP-4821,Finance,Critical,381,7,1,1
EMP-4822,Engineering,Low,53,1,0,0
EMP-4823,HR,Critical,400,9,0,1
EMP-4824,Finance,Critical,287,5,1,0
EMP-4825,Finance,High,150,4,1,1
EMP-4826,Marketing,Critical,324,7,1,1
EMP-4827,Sales,Critical,176,1,1,0
EMP-4828,Finance,Medium,128,3,1,0
EMP-4829,Finance,Critical,373,3,1,0
EMP-4830,Engineering,Critical,208,3,1,0
EMP-4831,IT,Critical,278,4,1,1
EMP-4832,Sales,Critical,54,0,1,0
EMP-4833,Sales,Medium,377,6,1,1
EMP-4834,Marketing,High,101,4,1,0
EMP-4835,Finance,Low,396,9,0,1
EMP-4836,Engineering,High,397,6,1,1
EMP-4837,Marketing,Critical,400,8,0,1
EMP-4838,Engineering,Low,297,5,0,1
EMP-4839,Finance,Low,269,4,1,0
EMP-4840,Marketing,Medium,241,5,1,0
EMP-4841,Finance,High,177,1,0,0
EMP-4842,Engineering,Medium,295,9,1,1
EMP-4843,HR,Critical,32,1,1,0
EMP-4844,Marketing,Low,244,4,1,1
EMP-4845,IT,Low,296,6,0,0
EMP-4846,Sales,Low,96,3,1,0
EMP-4847,Finance,High,289,5,1,1
EMP-4848,Finance,Critical,389,8,0,1
EMP-4849,Engineering,High,104,3,0,0
EMP-4850,IT,Medium,344,3,1,0
EMP-4851,Sales,Medium,363,3,1,0
EMP-4852,Finance,Low,151,3,0,0
EMP-4853,Engineering,High,86,1,0,1
EMP-4854,Sales,Medium,155,3,0,0
EMP-4855,IT,High,118,1,1,0
EMP-4856,HR,Critical,61,1,1,0
EMP-4857,IT,Medium,108,4,0,0
EMP-4858,Sales,High,168,1,1,0
EMP-4859,Marketing,Medium,225,5,0,0
EMP-4860,Marketing,Medium,79,0,1,0
EMP-4861,Marketing,Critical,265,11,1,1
EMP-4862,Engineering,High,64,0,1,1
EMP-4863,Sales,Low,138,2,1,0
EMP-4864,IT,Medium,138,4,1,0
EMP-4865,IT,Low,207,11,1,1
EMP-4866,Marketing,Low,210,9,1,1
EMP-4867,Marketing,High,106,1,1,0
EMP-4868,Marketing,Medium,205,12,1,0
EMP-4869,Engineering,High,230,9,0,1
EMP-4870,Sales,Low,289,8,1,1
EMP-4871,IT,Low,83,0,1,0
EMP-4872,Marketing,Critical,33,0,0,0
EMP-4873,Marketing,High,31,0,0,1
EMP-4874,IT,Low,47,0,1,0
EMP-4875,Engineering,Medium,286,11,1,1
EMP-4876,Engineering,Medium,169,3,1,0
EMP-4877,Marketing,High,381,9,1,1
EMP-4878,Engineering,Medium,57,0,0,0
EMP-4879,Engineering,High,136,3,1,0
EMP-4880,Engineering,Critical,373,4,1,1
EMP-4881,Marketing,Critical,235,9,0,1
EMP-4882,Engineering,High,50,0,1,1
EMP-4883,IT,Low,380,9,1,1
EMP-4884,Marketing,Medium,335,4,1,1
EMP-4885,IT,High,397,9,1,1
EMP-4886,Engineering,Low,222,12,1,1
EMP-4887,HR,Critical,117,4,1,0
EMP-4888,Engineering,High,326,8,1,0
EMP-4889,Engineering,Medium,42,1,0,1
EMP-4890,HR,Critical,128,1,1,0
EMP-4891,Finance,High,304,6,0,1
EMP-4892,IT,Critical,179,1,1,0
EMP-4893,HR,Medium,364,6,0,1
EMP-4894,Marketing,Critical,54,0,1,0
EMP-4895,Finance,Critical,66,0,1,0
EMP-4896,IT,Critical,251,5,1,0
EMP-4897,HR,High,132,1,0,0
EMP-4898,Sales,Critical,210,12,1,1
EMP-4899,IT,High,51,1,0,0
EMP-4900,Engineering,Medium,287,6,1,0
EMP-4901,Engineering,Critical,220,6,1,1
EMP-4902,Sales,High,144,4,1,0
EMP-4903,Finance,High,62,1,0,0
EMP-4904,Sales,Low,129,2,0,0
EMP-4905,Finance,Critical,111,3,1,0
EMP-4906,Engineering,Low,317,8,1,1
EMP-4907,Sales,Medium,63,1,0,0
EMP-4908,Marketing,Critical,370,10,1,1
EMP-4909,Finance,Low,339,10,0,1
EMP-4910,HR,Medium,158,2,1,0
EMP-4911,Finance,Critical,55,0,1,0
EMP-4912,HR,Critical,90,1,1,0
EMP-4913,Engineering,High,301,11,0,1
EMP-4914,Sales,Low,301,5,0,0
EMP-4915,Engineering,Medium,219,11,1,0
EMP-4916,Sales,Medium,346,3,1,1
EMP-4917,Finance,High,193,10,0,0
EMP-4918,Sales,Low,195,5,1,0
EMP-4919,HR,Low,64,1,1,0
EMP-4920,Marketing,High,251,7,1,1
EMP-4921,IT,Critical,56,0,1,1
EMP-4922,HR,Critical,295,11,0,1
EMP-4923,HR,Medium,179,1,1,0
EMP-4924,Engineering,Medium,199,6,1,1
EMP-4925,IT,High,98,4,1,0
EMP-4926,Marketing,Critical,128,1,1,0
EMP-4927,Engineering,Critical,197,4,0,0
EMP-4928,Engineering,Critical,201,6,1,1
EMP-4929,IT,High,213,3,0,1
EMP-4930,Sales,Critical,57,0,0,0
EMP-4931,Marketing,Medium,90,4,1,0
EMP-4932,Engineering,High,326,11,1,1
EMP-4933,IT,Medium,58,0,1,0
EMP-4934,Engineering,Critical,316,9,1,1
EMP-4935,Finance,High,129,1,1,1
EMP-4936,Sales,Critical,240,6,1,1
EMP-4937,Marketing,Critical,198,11,0,0
EMP-4938,Engineering,Critical,295,7,1,1
EMP-4939,Sales,Medium,171,2,0,0
EMP-4940,Sales,Critical,95,2,1,0
EMP-4941,Finance,Medium,36,1,1,0
EMP-4942,IT,Medium,109,4,1,0
EMP-4943,Sales,High,107,1,1,1
EMP-4944,Engineering,Medium,262,8,0,1
EMP-4945,Marketing,Low,281,6,1,1
EMP-4946,Finance,Low,254,3,1,1
EMP-4947,Finance,High,359,10,1,1
EMP-4948,HR,High,101,4,1,0
EMP-4949,Finance,Medium,103,4,0,1
EMP-4950,IT,Medium,160,3,1,0
EMP-4951,Finance,High,215,5,1,1
EMP-4952,HR,Critical,58,1,1,0
EMP-4953,Engineering,High,225,11,0,1
EMP-4954,Sales,Critical,310,3,0,0
EMP-4955,Sales,Low,62,1,0,0
EMP-4956,Sales,Low,310,7,1,1
EMP-4957,Engineering,High,379,11,1,1
EMP-4958,Finance,Low,63,1,1,0
EMP-4959,Engineering,Medium,114,3,1,0
EMP-4960,IT,High,358,12,1,1
EMP-4961,Sales,Medium,229,6,1,1
EMP-4962,IT,Low,97,3,1,0
EMP-4963,Marketing,Low,175,4,1,0
EMP-4964,Marketing,Medium,292,8,1,1
EMP-4965,HR,Medium,210,4,0,1
EMP-4966,IT,Medium,115,4,0,0
EMP-4967,HR,Low,211,11,1,0
EMP-4968,Engineering,Critical,285,9,0,1
EMP-4969,Engineering,Critical,254,5,0,1
EMP-4970,Finance,Critical,150,1,1,0
EMP-4971,HR,High,260,4,1,0
EMP-4972,Marketing,Low,143,2,1,0
EMP-4973,Marketing,Low,159,4,0,0
EMP-4974,IT,Low,350,12,0,1
EMP-4975,Engineering,Critical,192,4,1,1
EMP-4976,Marketing,Low,36,1,0,0
EMP-4977,HR,Low,301,4,1,1
EMP-4978,Engineering,High,108,1,1,0
EMP-4979,HR,High,211,8,1,1
EMP-4980,Sales,Critical,167,4,1,0
EMP-4981,Finance,Critical,262,6,1,1
EMP-4982,Marketing,Low,325,11,1,0
EMP-4983,Marketing,Medium,297,12,1,0
EMP-4984,HR,Medium,86,1,1,0
EMP-4985,Marketing,Low,316,3,1,0
EMP-4986,Finance,Medium,117,4,1,0
EMP-4987,Marketing,Critical,52,0,1,1
EMP-4988,IT,Low,118,1,1,0
EMP-4989,Marketing,High,80,1,0,0
EMP-4990,Engineering,Low,315,8,0,0
EMP-4991,Engineering,Low,42,1,1,0
EMP-4992,IT,Critical,255,11,0,1
EMP-4993,Sales,Medium,270,5,1,0
EMP-4994,HR,Critical,132,2,1,1
EMP-4995,HR,High,349,5,1,0
EMP-4996,Finance,Low,220,6,1,1
EMP-4997,HR,Low,187,8,0,0
EMP-4998,Finance,High,262,3,0,0
EMP-4999,IT,High,104,1,1,1
EMP-5000,Finance,Critical,234,9,1,1
