employee_id,department,role,database_name,days_to_expiry,total_rotations,successful_rotations,failed_rotations,reminders_ignored,avg_response_hours,login_frequency_per_week,password_strength_score,uses_mfa,breach_risk_score,caused_breach
EMP-0001,Data Science,Engineer,PostgreSQL,57,0,0,0,1,69,34,5,1,0,0
EMP-0002,Engineering,Manager,Redis,-1,12,11,1,6,8,16,10,0,0,0
EMP-0003,Finance,Developer,Oracle,-37,10,10,0,8,30,23,9,0,100,1
EMP-0004,Security,Engineer,MariaDB,18,14,9,5,0,51,7,8,0,0,0
EMP-0005,Security,Tech Lead,SQL Server,-20,6,4,2,12,6,33,7,1,100,1
EMP-0006,Operations,Intern,Oracle,-23,0,0,0,12,64,24,4,0,100,1
EMP-0007,QA,Analyst,Redis,112,3,2,1,0,35,34,8,1,0,0
EMP-0008,Security,Senior Developer,SQL Server,-8,15,12,3,12,30,21,3,0,85.0,1
EMP-0009,HR,Intern,MariaDB,54,12,12,0,0,61,10,9,1,0,0
EMP-0010,Finance,Developer,Redis,107,9,5,4,2,46,22,9,1,0,0
EMP-0011,HR,Manager,CockroachDB,39,4,3,1,2,23,14,10,0,0,0
EMP-0012,Data Science,Tech Lead,SQL Server,46,0,0,0,1,7,15,10,0,0,0
EMP-0013,QA,Intern,CockroachDB,75,10,10,0,0,146,16,7,1,0,0
EMP-0014,QA,Tech Lead,Oracle,67,6,4,2,1,23,26,2,1,0,0
EMP-0015,QA,Manager,MySQL,118,13,8,5,0,11,16,2,1,0,0
EMP-0016,QA,Engineer,Redis,21,4,2,2,0,28,22,3,1,0,0
EMP-0017,Engineering,Tech Lead,Oracle,10,7,5,2,2,28,12,4,0,0,0
EMP-0018,QA,Engineer,MongoDB,-14,14,7,7,9,59,13,6,0,100,1
EMP-0019,QA,Developer,MongoDB,90,10,6,4,2,12,30,3,0,10.0,0
EMP-0020,Engineering,Senior Developer,CockroachDB,-5,6,5,1,6,25,37,4,0,40.17,0
EMP-0021,Engineering,Tech Lead,MariaDB,94,5,5,0,0,19,24,10,1,0,0
EMP-0022,Infrastructure,Engineer,CockroachDB,125,10,9,1,1,63,12,10,1,0,0
EMP-0023,Engineering,Tech Lead,Redis,146,15,9,6,2,26,1,9,0,0,0
EMP-0024,Infrastructure,Engineer,Oracle,95,5,4,1,2,32,19,8,1,0,0
EMP-0025,Operations,Intern,Oracle,63,3,2,1,0,67,37,2,1,0,0
EMP-0026,HR,Engineer,PostgreSQL,3,14,14,0,3,34,40,5,0,0,0
EMP-0027,Infrastructure,Manager,PostgreSQL,12,0,0,0,0,6,25,2,1,0,0
EMP-0028,Finance,Junior Developer,CockroachDB,15,13,9,4,1,91,28,10,1,0,0
EMP-0029,QA,Tech Lead,Oracle,119,2,1,1,2,27,21,10,1,0,0
EMP-0030,Data Science,Intern,MySQL,48,12,9,3,1,76,2,7,0,0,0
EMP-0031,Infrastructure,Senior Developer,PostgreSQL,-34,14,10,4,4,19,37,9,1,86.17,1
EMP-0032,Infrastructure,Engineer,PostgreSQL,141,0,0,0,0,41,35,4,0,0,0
EMP-0033,Operations,Developer,CockroachDB,-22,5,4,1,4,51,37,10,0,76.5,1
EMP-0034,Finance,Engineer,PostgreSQL,-35,15,15,0,8,25,11,6,1,55.17,0
EMP-0035,Engineering,Junior Developer,MySQL,30,4,3,1,0,152,17,2,1,0,0
EMP-0036,Finance,Developer,MongoDB,-28,6,6,0,6,62,30,2,0,100,1
EMP-0037,Data Science,Analyst,Oracle,18,8,5,3,1,48,22,3,0,2.0,0
EMP-0038,Operations,Junior Developer,Oracle,92,11,6,5,0,101,4,10,1,0,0
EMP-0039,Data Science,Manager,MariaDB,-35,6,4,2,7,9,17,9,1,100,1
EMP-0040,HR,Manager,MongoDB,6,2,1,1,3,5,3,5,1,0,0
EMP-0041,Security,Junior Developer,Oracle,55,2,2,0,1,74,33,3,1,0,0
EMP-0042,Operations,Junior Developer,Redis,112,5,3,2,1,35,26,6,0,0,0
EMP-0043,HR,Junior Developer,PostgreSQL,80,12,6,6,2,26,38,9,1,0,0
EMP-0044,Security,Developer,MySQL,79,7,7,0,1,62,33,7,1,0,0
EMP-0045,Finance,Senior Developer,Redis,-39,4,2,2,9,1,20,2,0,100,1
EMP-0046,Infrastructure,Tech Lead,Redis,0,2,2,0,2,21,36,7,0,0,0
EMP-0047,QA,Junior Developer,SQL Server,10,10,10,0,0,84,1,3,1,0,0
EMP-0048,Engineering,Tech Lead,MariaDB,26,3,2,1,2,9,19,10,0,0,0
EMP-0049,QA,Tech Lead,MySQL,104,11,11,0,2,9,6,9,0,0,0
EMP-0050,Engineering,Junior Developer,CockroachDB,20,0,0,0,0,146,7,3,1,0,0
EMP-0051,Infrastructure,Analyst,PostgreSQL,7,8,6,2,1,28,36,9,1,0,0
EMP-0052,Security,Engineer,PostgreSQL,123,3,3,0,0,47,1,6,0,0,0
EMP-0053,QA,Engineer,MySQL,96,10,8,2,1,53,18,3,1,0,0
EMP-0054,Infrastructure,Manager,CockroachDB,1,15,8,7,5,23,22,9,1,12.83,0
EMP-0055,Operations,Engineer,MongoDB,-27,0,0,0,6,69,16,8,0,100,1
EMP-0056,Engineering,Manager,Redis,119,14,12,2,1,22,27,4,1,0,0
EMP-0057,Security,Developer,MongoDB,20,13,11,2,0,42,13,3,1,0,0
EMP-0058,Engineering,Junior Developer,Oracle,11,14,8,6,1,138,13,10,1,0,0
EMP-0059,Data Science,Junior Developer,CockroachDB,135,8,7,1,0,137,38,6,0,0,0
EMP-0060,QA,Analyst,MongoDB,137,10,7,3,0,40,16,4,1,0,0
EMP-0061,HR,Senior Developer,MariaDB,30,1,1,0,0,27,33,10,1,0,0
EMP-0062,Operations,Developer,MariaDB,92,7,4,3,0,67,4,7,0,0,0
EMP-0063,QA,Developer,PostgreSQL,65,0,0,0,0,51,14,7,1,0,0
EMP-0064,Operations,Developer,MariaDB,81,3,3,0,2,66,3,6,0,0,0
EMP-0065,Engineering,Engineer,CockroachDB,109,4,2,2,0,47,6,4,1,0,0
EMP-0066,Infrastructure,Tech Lead,Redis,123,14,13,1,2,20,15,2,1,0,0
EMP-0067,Finance,Analyst,PostgreSQL,11,14,7,7,1,66,7,7,0,21.0,0
EMP-0068,Data Science,Junior Developer,Oracle,-8,14,10,4,12,168,5,10,1,83.0,1
EMP-0069,Security,Senior Developer,MySQL,101,6,4,2,2,25,6,5,1,0,0
EMP-0070,Operations,Engineer,PostgreSQL,144,13,12,1,0,72,34,8,1,0,0
EMP-0071,QA,Tech Lead,SQL Server,-38,3,2,1,10,1,2,10,1,100,1
EMP-0072,QA,Junior Developer,MySQL,132,0,0,0,1,70,12,9,1,0,0
EMP-0073,Infrastructure,Analyst,PostgreSQL,41,12,8,4,1,58,22,6,0,0,0
EMP-0074,Security,Intern,MongoDB,-5,10,8,2,7,99,37,9,1,5.5,0
EMP-0075,Engineering,Analyst,MySQL,114,2,1,1,2,34,16,8,1,0,0
EMP-0076,HR,Tech Lead,SQL Server,-15,15,13,2,3,17,20,6,1,0,0
EMP-0077,Infrastructure,Junior Developer,Redis,9,3,2,1,0,42,20,10,0,0,0
EMP-0078,Operations,Junior Developer,PostgreSQL,2,15,8,7,2,79,12,10,1,0,0
EMP-0079,Operations,Senior Developer,Redis,34,14,14,0,1,17,28,7,0,0,0
EMP-0080,Data Science,Junior Developer,MariaDB,29,7,7,0,0,108,6,3,1,0,0
EMP-0081,Infrastructure,Developer,Redis,140,10,5,5,0,48,36,10,1,0,0
EMP-0082,Security,Manager,CockroachDB,22,10,9,1,1,17,39,2,0,0,0
EMP-0083,Data Science,Tech Lead,CockroachDB,46,11,9,2,2,36,27,5,0,0,0
EMP-0084,Finance,Senior Developer,Oracle,51,14,12,2,0,15,11,2,0,0,0
EMP-0085,Engineering,Engineer,Redis,81,7,7,0,2,40,23,2,0,0,0
EMP-0086,Operations,Tech Lead,Redis,69,15,13,2,0,20,37,10,1,0,0
EMP-0087,QA,Manager,SQL Server,-17,10,7,3,4,31,34,3,1,56.17,0
EMP-0088,QA,Tech Lead,MySQL,22,3,3,0,0,13,20,7,0,0,0
EMP-0089,Finance,Intern,MySQL,95,13,7,6,2,157,34,5,1,17.17,0
EMP-0090,Engineering,Manager,SQL Server,84,4,3,1,1,2,18,8,0,0,0
EMP-0091,Security,Senior Developer,SQL Server,80,6,5,1,0,27,22,5,0,0,0
EMP-0092,Engineering,Manager,PostgreSQL,-1,12,12,0,10,32,19,6,0,0,0
EMP-0093,HR,Tech Lead,MySQL,40,7,5,2,1,20,37,10,1,0,0
EMP-0094,Infrastructure,Tech Lead,Redis,1,8,6,2,5,21,34,5,1,0,0
EMP-0095,Engineering,Intern,CockroachDB,-31,4,3,1,6,110,15,6,1,100,1
EMP-0096,Engineering,Analyst,MySQL,84,12,9,3,0,26,1,10,1,0,0
EMP-0097,Operations,Engineer,Redis,11,9,9,0,2,58,25,5,0,0,0
EMP-0098,Finance,Intern,MySQL,124,9,5,4,1,112,21,4,0,20.67,0
EMP-0099,QA,Manager,SQL Server,96,14,10,4,0,34,19,3,0,0,0
EMP-0100,Data Science,Tech Lead,Oracle,-37,12,6,6,9,34,33,10,1,100,1
EMP-0101,HR,Engineer,CockroachDB,40,7,6,1,0,14,28,5,0,0,0
EMP-0102,Security,Engineer,PostgreSQL,133,11,10,1,1,31,36,10,0,0,0
EMP-0103,Data Science,Junior Developer,SQL Server,10,13,10,3,2,134,16,10,1,0,0
EMP-0104,Operations,Manager,PostgreSQL,111,2,2,0,2,11,29,3,1,0,0
EMP-0105,Infrastructure,Manager,MySQL,8,9,5,4,2,36,39,9,1,0,0
EMP-0106,Data Science,Analyst,Redis,134,1,1,0,0,35,4,5,1,0,0
EMP-0107,Security,Manager,Redis,108,13,13,0,2,16,18,3,1,0,0
EMP-0108,QA,Developer,Oracle,111,8,5,3,1,65,6,6,1,0,0
EMP-0109,Operations,Intern,MySQL,100,3,3,0,0,104,34,8,1,0,0
EMP-0110,Data Science,Developer,MongoDB,107,11,10,1,0,44,5,2,1,0,0
EMP-0111,Engineering,Intern,SQL Server,54,1,1,0,2,61,13,3,1,0,0
EMP-0112,HR,Manager,PostgreSQL,96,4,3,1,1,32,11,4,1,0,0
EMP-0113,HR,Engineer,CockroachDB,-12,4,2,2,9,17,13,7,0,100,1
EMP-0114,Security,Developer,MySQL,19,15,15,0,2,12,3,7,1,0,0
EMP-0115,HR,Tech Lead,PostgreSQL,4,13,7,6,2,21,13,10,0,0,0
EMP-0116,Data Science,Developer,PostgreSQL,17,1,1,0,0,50,3,9,0,0,0
EMP-0117,Finance,Engineer,MySQL,147,6,3,3,1,30,20,4,1,0,0
EMP-0118,Security,Junior Developer,CockroachDB,76,14,14,0,2,167,16,2,0,0,0
EMP-0119,HR,Analyst,CockroachDB,147,6,3,3,0,28,14,9,1,0,0
EMP-0120,Engineering,Intern,MariaDB,6,8,8,0,1,67,23,5,1,0,0
EMP-0121,HR,Analyst,SQL Server,84,12,8,4,1,41,3,3,1,0,0
EMP-0122,Engineering,Analyst,SQL Server,61,15,10,5,1,37,13,5,1,0,0
EMP-0123,Security,Intern,MySQL,-29,3,3,0,11,152,5,6,1,100,1
EMP-0124,Data Science,Engineer,Oracle,74,4,2,2,0,49,40,10,0,0,0
EMP-0125,Infrastructure,Junior Developer,MongoDB,23,3,2,1,2,72,36,7,1,0,0
EMP-0126,HR,Manager,Oracle,22,2,1,1,1,25,28,6,0,0,0
EMP-0127,Finance,Engineer,MariaDB,-14,3,2,1,4,27,13,8,0,64.5,1
EMP-0128,HR,Tech Lead,MySQL,123,6,3,3,0,16,12,10,1,0,0
EMP-0129,Engineering,Tech Lead,MariaDB,113,14,12,2,0,11,16,3,1,0,0
EMP-0130,Operations,Intern,MariaDB,38,10,8,2,0,108,35,8,1,0,0
EMP-0131,Finance,Engineer,MongoDB,-24,14,12,2,6,43,16,6,1,42.17,0
EMP-0132,Security,Developer,MySQL,106,13,8,5,0,50,36,8,1,0,0
EMP-0133,Engineering,Senior Developer,MongoDB,72,9,8,1,1,22,18,9,1,0,0
EMP-0134,Engineering,Engineer,CockroachDB,23,2,1,1,1,22,1,2,0,9.67,1
EMP-0135,QA,Analyst,Redis,49,8,5,3,0,21,18,8,0,0,0
EMP-0136,QA,Engineer,SQL Server,76,5,3,2,2,53,36,2,0,20.83,0
EMP-0137,Security,Senior Developer,MySQL,75,6,4,2,2,34,19,2,0,9.67,0
EMP-0138,Engineering,Analyst,MySQL,54,12,7,5,2,47,38,2,1,0,0
EMP-0139,Infrastructure,Tech Lead,MariaDB,122,15,15,0,2,17,7,4,0,0,0
EMP-0140,Data Science,Intern,MySQL,-19,7,6,1,9,147,31,10,1,89.5,1
EMP-0141,HR,Analyst,Oracle,28,8,5,3,2,33,23,9,1,0,0
EMP-0142,Engineering,Analyst,MariaDB,-21,7,5,2,6,40,6,3,1,97.67,1
EMP-0143,Security,Developer,CockroachDB,133,1,1,0,1,22,33,5,1,0,0
EMP-0144,Operations,Tech Lead,SQL Server,93,15,11,4,1,11,13,2,1,0,0
EMP-0145,Finance,Manager,CockroachDB,-27,11,6,5,5,34,39,5,0,100,1
EMP-0146,Engineering,Senior Developer,CockroachDB,-32,12,6,6,3,25,20,8,1,100,1
EMP-0147,Finance,Analyst,Redis,43,1,1,0,0,65,22,2,1,0,0
EMP-0148,Infrastructure,Intern,MySQL,111,12,10,2,0,152,2,9,0,0,0
EMP-0149,Infrastructure,Manager,MariaDB,-9,3,2,1,7,6,19,2,1,70.0,1
EMP-0150,QA,Manager,CockroachDB,28,12,11,1,0,15,28,3,1,0,0
EMP-0151,Operations,Senior Developer,MySQL,52,2,2,0,0,13,26,3,1,0,0
EMP-0152,Security,Intern,MongoDB,107,1,1,0,1,36,11,2,1,0,0
EMP-0153,Operations,Intern,CockroachDB,-13,3,2,1,3,61,36,3,0,76.17,1
EMP-0154,HR,Intern,Oracle,-22,9,6,3,3,121,32,5,1,81.17,1
EMP-0155,Security,Intern,Redis,48,11,10,1,2,47,6,8,1,0,0
EMP-0156,Security,Intern,Redis,107,14,13,1,1,81,8,7,1,0,0
EMP-0157,Data Science,Developer,MySQL,89,2,1,1,2,62,13,6,1,0,0
EMP-0158,HR,Intern,SQL Server,67,12,12,0,0,88,38,8,0,0,0
EMP-0159,Infrastructure,Tech Lead,SQL Server,-9,5,3,2,5,21,17,5,0,69.5,1
EMP-0160,Engineering,Engineer,CockroachDB,42,5,5,0,2,60,2,4,1,0,0
EMP-0161,Engineering,Analyst,Oracle,49,10,7,3,1,20,34,7,0,0,0
EMP-0162,Data Science,Manager,CockroachDB,135,4,4,0,1,11,34,8,1,0,0
EMP-0163,Data Science,Intern,MariaDB,82,7,5,2,1,34,16,2,1,0,0
EMP-0164,QA,Engineer,CockroachDB,53,5,4,1,0,54,24,9,1,0,0
EMP-0165,Data Science,Engineer,Oracle,137,13,11,2,0,20,17,4,0,0,1
EMP-0166,Engineering,Manager,Oracle,126,1,1,0,0,15,7,6,1,0,0
EMP-0167,Engineering,Manager,Redis,52,11,8,3,2,27,10,8,1,0,0
EMP-0168,Operations,Engineer,MongoDB,89,4,2,2,2,24,10,10,0,0,0
EMP-0169,Security,Developer,SQL Server,62,4,2,2,1,44,28,3,0,13.33,1
EMP-0170,Infrastructure,Tech Lead,Oracle,149,3,3,0,0,1,2,7,0,0,0
EMP-0171,Finance,Analyst,SQL Server,-11,9,7,2,3,69,25,5,0,33.5,0
EMP-0172,QA,Engineer,MongoDB,47,12,6,6,2,32,10,6,1,0.33,0
EMP-0173,Data Science,Manager,Redis,-38,14,10,4,9,11,7,4,1,100,1
EMP-0174,Data Science,Tech Lead,MongoDB,-39,10,9,1,7,2,8,7,1,100,1
EMP-0175,Finance,Manager,SQL Server,19,11,7,4,2,32,5,5,1,0,0
EMP-0176,Infrastructure,Engineer,Redis,-32,3,2,1,9,18,9,8,0,100,1
EMP-0177,Finance,Intern,Oracle,140,0,0,0,0,123,7,8,0,0,0
EMP-0178,Operations,Analyst,MySQL,107,2,1,1,1,57,28,7,0,0,0
EMP-0179,QA,Intern,MariaDB,147,1,1,0,2,167,11,9,1,0,0
EMP-0180,Operations,Junior Developer,SQL Server,13,3,3,0,0,99,30,2,1,0,0
EMP-0181,Engineering,Intern,Redis,119,5,3,2,1,165,8,9,0,1.5,0
EMP-0182,Finance,Tech Lead,MongoDB,136,14,10,4,2,30,38,4,1,0,1
EMP-0183,Infrastructure,Developer,Oracle,145,15,10,5,2,42,33,9,1,0,0
EMP-0184,Security,Tech Lead,PostgreSQL,93,3,3,0,2,24,7,4,1,0,0
EMP-0185,QA,Engineer,CockroachDB,84,1,1,0,1,18,37,3,1,0,0
EMP-0186,Data Science,Engineer,MariaDB,16,6,5,1,0,69,8,9,0,0,0
EMP-0187,HR,Junior Developer,PostgreSQL,-10,7,7,0,7,142,4,8,1,20.67,0
EMP-0188,Finance,Analyst,MySQL,81,7,6,1,1,61,15,9,1,0,0
EMP-0189,Operations,Developer,CockroachDB,35,14,11,3,2,59,24,8,1,0,0
EMP-0190,Engineering,Senior Developer,PostgreSQL,10,10,8,2,2,27,36,9,0,0,0
EMP-0191,HR,Developer,MySQL,112,15,12,3,2,23,21,8,1,0,0
EMP-0192,HR,Developer,MongoDB,13,14,9,5,2,57,10,7,1,0,0
EMP-0193,Security,Junior Developer,Oracle,111,7,5,2,1,31,40,3,1,0,0
EMP-0194,Engineering,Intern,PostgreSQL,97,15,12,3,1,135,19,7,1,0,0
EMP-0195,Engineering,Tech Lead,Redis,-23,4,3,1,9,21,32,2,0,100,1
EMP-0196,Engineering,Manager,PostgreSQL,134,9,8,1,2,11,39,8,1,0,0
EMP-0197,HR,Senior Developer,Oracle,63,11,6,5,1,22,27,7,1,0,0
EMP-0198,Finance,Analyst,PostgreSQL,112,6,5,1,1,28,32,2,1,0,0
EMP-0199,Operations,Intern,SQL Server,31,7,7,0,0,28,1,6,0,0,0
EMP-0200,Data Science,Junior Developer,MySQL,-40,5,3,2,12,150,7,5,0,100,1
EMP-0201,Operations,Senior Developer,Oracle,149,1,1,0,0,10,26,10,1,0,0
EMP-0202,Finance,Tech Lead,CockroachDB,43,15,15,0,2,5,8,3,0,0,0
EMP-0203,Security,Engineer,SQL Server,50,8,8,0,1,71,23,5,1,0,0
EMP-0204,Operations,Engineer,Oracle,-6,5,3,2,3,69,11,9,1,4.5,0
EMP-0205,Infrastructure,Intern,Redis,66,15,9,6,0,161,33,3,1,0,0
EMP-0206,Finance,Engineer,MariaDB,12,10,9,1,0,23,32,4,1,0,0
EMP-0207,HR,Developer,Oracle,1,12,9,3,2,62,38,3,1,0,0
EMP-0208,Finance,Engineer,MariaDB,-11,9,7,2,5,23,5,5,1,20.83,0
EMP-0209,Security,Junior Developer,PostgreSQL,85,14,12,2,0,122,32,10,1,0,0
EMP-0210,Infrastructure,Intern,MySQL,10,0,0,0,1,94,5,4,0,9.67,0
EMP-0211,QA,Senior Developer,MongoDB,18,12,12,0,1,24,17,2,1,0,0
EMP-0212,HR,Analyst,PostgreSQL,133,3,2,1,2,43,40,3,0,11.17,0
EMP-0213,Infrastructure,Intern,CockroachDB,116,1,1,0,2,143,22,9,1,0,0
EMP-0214,HR,Intern,CockroachDB,64,14,11,3,2,33,7,6,1,0,0
EMP-0215,Finance,Tech Lead,MongoDB,77,6,6,0,2,2,35,2,1,0,0
EMP-0216,Operations,Developer,SQL Server,9,5,4,1,0,35,13,4,0,0,0
EMP-0217,Data Science,Analyst,CockroachDB,-3,15,15,0,3,60,40,5,1,0,0
EMP-0218,HR,Tech Lead,Redis,121,6,3,3,2,18,27,7,0,7.0,0
EMP-0219,Infrastructure,Intern,MySQL,135,9,6,3,1,168,23,3,1,0,0
EMP-0220,Operations,Manager,Oracle,-32,13,12,1,7,32,6,10,0,79.33,1
EMP-0221,HR,Manager,Redis,94,7,6,1,0,23,13,7,1,0,0
EMP-0222,Engineering,Junior Developer,PostgreSQL,126,4,3,1,1,51,21,6,1,0,0
EMP-0223,Finance,Junior Developer,PostgreSQL,65,3,2,1,1,60,39,2,1,0,0
EMP-0224,Finance,Intern,CockroachDB,-8,13,11,2,7,162,39,6,1,16.0,0
EMP-0225,Data Science,Junior Developer,Redis,107,11,9,2,2,52,37,5,1,0,0
EMP-0226,HR,Intern,Redis,67,0,0,0,0,139,27,8,1,0,0
EMP-0227,HR,Analyst,Oracle,110,6,5,1,2,16,4,6,1,0,0
EMP-0228,Data Science,Junior Developer,Redis,134,8,7,1,0,35,13,7,1,0,0
EMP-0229,QA,Tech Lead,CockroachDB,-19,12,10,2,11,31,28,2,1,100,1
EMP-0230,Data Science,Developer,MariaDB,30,1,1,0,1,64,12,8,1,0,0
EMP-0231,Security,Intern,PostgreSQL,141,11,8,3,0,106,21,5,0,0,0
EMP-0232,Data Science,Developer,PostgreSQL,55,15,14,1,0,30,18,3,1,0,0
EMP-0233,HR,Developer,Oracle,59,0,0,0,1,63,17,10,1,0,0
EMP-0234,Infrastructure,Junior Developer,MongoDB,12,14,14,0,2,96,3,7,1,0,0
EMP-0235,QA,Analyst,Redis,80,9,8,1,1,15,34,6,1,0,0
EMP-0236,QA,Senior Developer,SQL Server,-17,10,8,2,9,10,10,9,0,83.67,1
EMP-0237,HR,Tech Lead,Oracle,14,13,8,5,1,24,36,5,1,0,0
EMP-0238,Infrastructure,Developer,SQL Server,98,2,1,1,1,57,27,7,0,0,0
EMP-0239,HR,Analyst,SQL Server,59,15,10,5,1,50,22,5,1,0,0
EMP-0240,Engineering,Senior Developer,Redis,143,15,13,2,0,29,13,9,0,0,0
EMP-0241,QA,Analyst,CockroachDB,6,6,4,2,4,41,19,9,0,2.83,0
EMP-0242,Operations,Developer,SQL Server,67,3,2,1,0,42,33,9,0,0,0
EMP-0243,Operations,Junior Developer,MongoDB,-17,10,5,5,11,155,39,4,0,100,1
EMP-0244,Data Science,Analyst,SQL Server,89,5,5,0,1,40,8,5,1,0,0
EMP-0245,Finance,Tech Lead,CockroachDB,-25,3,2,1,8,2,22,2,0,100,1
EMP-0246,Security,Junior Developer,PostgreSQL,6,11,8,3,2,109,8,3,0,0,0
EMP-0247,Data Science,Senior Developer,CockroachDB,89,1,1,0,0,32,33,4,0,0,0
EMP-0248,Engineering,Junior Developer,PostgreSQL,133,14,13,1,1,91,32,6,1,0,0
EMP-0249,Engineering,Developer,Oracle,-2,7,7,0,4,64,2,9,1,0,0
EMP-0250,Finance,Manager,CockroachDB,35,9,7,2,2,31,24,7,0,0,0
EMP-0251,HR,Developer,Redis,-18,8,5,3,8,53,23,10,1,91.83,1
EMP-0252,QA,Senior Developer,PostgreSQL,128,12,9,3,2,11,13,8,1,0,0
EMP-0253,HR,Engineer,MySQL,70,6,3,3,1,64,12,4,1,0,0
EMP-0254,QA,Engineer,MongoDB,-12,7,4,3,12,40,15,7,1,100,1
EMP-0255,Engineering,Junior Developer,Oracle,5,13,12,1,5,72,24,6,1,0,1
EMP-0256,Data Science,Tech Lead,SQL Server,24,5,4,1,2,22,8,8,0,0,0
EMP-0257,Engineering,Manager,MySQL,74,7,5,2,2,13,12,10,1,0,0
EMP-0258,HR,Junior Developer,CockroachDB,-30,2,1,1,7,165,28,8,1,100,1
EMP-0259,QA,Manager,MariaDB,45,4,4,0,1,30,5,10,1,0,0
EMP-0260,Finance,Junior Developer,MySQL,-13,1,1,0,3,60,37,10,1,19.0,0
EMP-0261,Operations,Analyst,PostgreSQL,150,15,9,6,2,54,23,7,0,1.0,0
EMP-0262,Finance,Junior Developer,MariaDB,-30,1,1,0,6,88,36,5,0,100,1
EMP-0263,Operations,Analyst,MariaDB,60,13,11,2,1,34,1,10,0,0,0
EMP-0264,Infrastructure,Manager,MongoDB,-29,14,7,7,4,35,34,8,1,100,1
EMP-0265,HR,Senior Developer,PostgreSQL,8,6,5,1,2,30,30,9,1,0,0
EMP-0266,Finance,Senior Developer,SQL Server,103,1,1,0,0,15,24,5,0,0,0
EMP-0267,Data Science,Developer,MariaDB,144,12,8,4,0,35,34,2,0,0,0
EMP-0268,Infrastructure,Developer,Redis,130,7,7,0,1,29,16,10,0,0,0
EMP-0269,Finance,Junior Developer,Oracle,-38,5,5,0,6,164,8,8,1,100,1
EMP-0270,QA,Developer,Oracle,82,15,9,6,1,19,16,3,0,1.17,0
EMP-0271,Infrastructure,Developer,MySQL,4,10,9,1,1,31,31,6,1,0,0
EMP-0272,Operations,Manager,CockroachDB,-10,0,0,0,9,2,2,4,0,100,1
EMP-0273,Operations,Manager,PostgreSQL,-37,6,3,3,3,21,27,3,1,100,1
EMP-0274,Finance,Engineer,PostgreSQL,9,2,2,0,0,20,3,10,1,0,0
EMP-0275,Security,Manager,MySQL,14,7,5,2,2,17,16,7,1,0,0
EMP-0276,Infrastructure,Junior Developer,CockroachDB,117,2,1,1,1,76,6,4,0,10.67,0
EMP-0277,Finance,Tech Lead,MongoDB,124,10,6,4,0,35,38,8,1,0,0
EMP-0278,HR,Analyst,MongoDB,143,2,1,1,1,15,14,4,1,0,0
EMP-0279,Data Science,Intern,MySQL,103,10,6,4,1,45,31,2,1,0,0
EMP-0280,Engineering,Senior Developer,SQL Server,-31,4,4,0,12,5,22,2,1,100,1
EMP-0281,Data Science,Junior Developer,PostgreSQL,10,9,7,2,2,112,30,2,1,0,0
EMP-0282,Infrastructure,Analyst,Oracle,46,6,5,1,2,27,4,8,0,0,0
EMP-0283,Finance,Tech Lead,MongoDB,92,6,5,1,0,31,3,10,0,0,0
EMP-0284,Engineering,Analyst,MongoDB,-15,15,10,5,7,37,3,2,1,83.17,1
EMP-0285,Operations,Engineer,MariaDB,49,9,8,1,0,58,2,9,0,0,1
EMP-0286,Data Science,Engineer,MySQL,19,7,7,0,1,60,20,8,1,0,0
EMP-0287,Finance,Developer,MongoDB,25,3,3,0,2,35,32,5,0,0,0
EMP-0288,Security,Developer,MongoDB,132,12,9,3,2,30,18,9,0,0,0
EMP-0289,Data Science,Junior Developer,MariaDB,74,3,3,0,2,47,3,8,1,0,0
EMP-0290,Data Science,Tech Lead,SQL Server,148,12,10,2,2,8,15,8,1,0,0
EMP-0291,Finance,Developer,MySQL,60,6,6,0,1,20,25,10,0,0,0
EMP-0292,Infrastructure,Tech Lead,SQL Server,74,5,5,0,2,16,16,3,1,0,0
EMP-0293,Data Science,Junior Developer,MySQL,64,8,5,3,0,117,24,6,1,0,0
EMP-0294,Operations,Junior Developer,MariaDB,2,7,6,1,3,26,24,9,1,0,0
EMP-0295,Engineering,Junior Developer,Oracle,29,13,8,5,2,167,28,6,1,0,0
EMP-0296,Operations,Engineer,CockroachDB,-7,10,8,2,6,28,37,7,1,0,0
EMP-0297,Engineering,Manager,SQL Server,28,14,9,5,2,31,13,10,0,0,0
EMP-0298,Finance,Senior Developer,MongoDB,50,3,2,1,0,35,35,4,0,0,0
EMP-0299,Infrastructure,Intern,MariaDB,111,11,6,5,2,83,3,5,0,25.83,0
EMP-0300,Security,Junior Developer,PostgreSQL,113,14,8,6,2,26,25,2,1,0,0
EMP-0301,HR,Junior Developer,PostgreSQL,-3,11,10,1,8,72,7,4,0,20.0,0
EMP-0302,Finance,Analyst,Redis,47,2,2,0,0,61,20,5,0,0,0
EMP-0303,Infrastructure,Intern,MongoDB,112,5,4,1,0,38,26,2,1,0,0
EMP-0304,Finance,Engineer,MongoDB,38,7,4,3,2,32,12,10,1,0,0
EMP-0305,QA,Senior Developer,Redis,89,15,10,5,0,26,19,4,1,0,0
EMP-0306,Finance,Developer,MongoDB,146,5,4,1,2,32,30,7,1,0,0
EMP-0307,Infrastructure,Developer,Redis,60,6,6,0,2,44,4,5,0,0,0
EMP-0308,Security,Tech Lead,MySQL,133,7,4,3,0,24,26,9,1,0,0
EMP-0309,Finance,Senior Developer,MySQL,23,9,5,4,0,4,5,6,0,0,0
EMP-0310,Finance,Developer,MongoDB,17,5,4,1,0,14,6,2,0,0,0
EMP-0311,Security,Intern,MariaDB,12,1,1,0,1,46,38,6,1,0,0
EMP-0312,Infrastructure,Analyst,MongoDB,74,2,1,1,2,41,13,8,1,0,0
EMP-0313,HR,Analyst,MariaDB,21,1,1,0,0,48,5,9,1,0,0
EMP-0314,Data Science,Senior Developer,Oracle,47,14,10,4,0,24,22,5,1,0,0
EMP-0315,Finance,Intern,MariaDB,28,15,13,2,1,167,27,2,0,0,0
EMP-0316,Operations,Analyst,MySQL,22,5,3,2,0,13,13,2,0,0,0
EMP-0317,Engineering,Intern,SQL Server,79,5,5,0,0,139,30,8,1,0,0
EMP-0318,Operations,Developer,SQL Server,16,15,11,4,2,37,16,6,0,0,1
EMP-0319,HR,Tech Lead,PostgreSQL,23,2,2,0,1,16,35,5,1,0,0
EMP-0320,Data Science,Analyst,SQL Server,-3,1,1,0,9,17,18,6,1,47.83,0
EMP-0321,QA,Engineer,MariaDB,21,4,2,2,1,16,38,10,0,0,0
EMP-0322,Infrastructure,Manager,CockroachDB,141,6,4,2,2,13,11,4,1,0,0
EMP-0323,Infrastructure,Engineer,CockroachDB,23,7,4,3,1,41,40,3,0,8.83,0
EMP-0324,Operations,Junior Developer,CockroachDB,-30,15,11,4,7,110,8,5,0,100,1
EMP-0325,Finance,Senior Developer,Oracle,150,10,7,3,0,18,17,10,1,0,0
EMP-0326,Infrastructure,Senior Developer,MariaDB,42,8,5,3,1,7,8,7,0,0,0
EMP-0327,HR,Senior Developer,Oracle,116,4,3,1,1,31,39,10,1,0,0
EMP-0328,Finance,Tech Lead,MariaDB,62,11,9,2,2,1,36,4,1,0,0
EMP-0329,Finance,Engineer,Redis,103,13,7,6,0,52,22,5,1,0,0
EMP-0330,Engineering,Engineer,Oracle,36,3,3,0,1,52,38,3,0,0,0
EMP-0331,Engineering,Analyst,MongoDB,102,14,13,1,0,46,25,6,1,0,0
EMP-0332,Engineering,Senior Developer,MongoDB,63,4,3,1,0,23,40,6,1,0,0
EMP-0333,Security,Developer,MongoDB,-11,11,6,5,10,47,34,8,1,100,1
EMP-0334,Engineering,Manager,MongoDB,18,10,10,0,1,3,21,9,0,0,0
EMP-0335,Operations,Analyst,MariaDB,87,14,10,4,2,61,2,8,0,0,0
EMP-0336,Data Science,Analyst,MongoDB,110,9,9,0,2,18,3,6,1,0,0
EMP-0337,Security,Tech Lead,MariaDB,72,2,2,0,1,5,22,7,0,0,0
EMP-0338,Operations,Manager,SQL Server,52,13,11,2,0,4,6,6,0,0,0
EMP-0339,QA,Manager,Redis,121,2,2,0,0,1,21,9,1,0,0
EMP-0340,Data Science,Junior Developer,CockroachDB,111,12,10,2,0,91,8,6,1,0,0
EMP-0341,QA,Analyst,PostgreSQL,121,1,1,0,0,57,12,3,1,0,0
EMP-0342,Data Science,Analyst,Oracle,131,3,2,1,0,70,32,9,1,0,0
EMP-0343,Data Science,Analyst,CockroachDB,-20,3,3,0,6,30,15,4,1,80.0,1
EMP-0344,Engineering,Tech Lead,MySQL,96,15,9,6,2,13,17,2,1,0,0
EMP-0345,Operations,Engineer,MariaDB,-31,9,7,2,3,49,40,6,1,81.17,1
EMP-0346,Operations,Tech Lead,MariaDB,85,8,5,3,2,32,25,2,1,0,0
EMP-0347,Engineering,Developer,PostgreSQL,132,8,4,4,2,27,26,10,1,0,0
EMP-0348,HR,Tech Lead,PostgreSQL,12,13,8,5,1,1,9,6,1,0,0
EMP-0349,Infrastructure,Junior Developer,CockroachDB,126,13,7,6,2,137,20,4,0,42.83,0
EMP-0350,Finance,Senior Developer,MySQL,84,12,8,4,1,4,18,10,0,0,0
EMP-0351,Infrastructure,Junior Developer,Oracle,93,5,5,0,2,65,6,2,1,0,0
EMP-0352,Engineering,Developer,SQL Server,-28,15,13,2,3,58,36,9,0,35.67,0
EMP-0353,Finance,Junior Developer,MariaDB,50,9,5,4,1,152,18,10,0,3.33,0
EMP-0354,Engineering,Junior Developer,Redis,39,11,9,2,0,28,31,7,0,0,0
EMP-0355,Security,Senior Developer,Redis,64,0,0,0,2,14,26,5,0,2.33,0
EMP-0356,Infrastructure,Junior Developer,SQL Server,146,5,4,1,1,58,31,3,1,0,0
EMP-0357,Engineering,Engineer,CockroachDB,36,7,6,1,2,18,24,6,0,0,0
EMP-0358,Operations,Junior Developer,Redis,70,14,7,7,1,123,24,8,1,1.5,0
EMP-0359,Engineering,Intern,SQL Server,34,1,1,0,1,59,15,4,0,0,0
EMP-0360,HR,Intern,SQL Server,-32,5,5,0,3,79,2,3,0,100,1
EMP-0361,Engineering,Senior Developer,CockroachDB,92,13,10,3,1,17,30,10,0,0,0
EMP-0362,Finance,Tech Lead,MySQL,110,6,4,2,1,22,22,7,1,0,0
EMP-0363,Operations,Manager,Redis,84,10,7,3,2,19,6,6,1,0,0
EMP-0364,Engineering,Senior Developer,SQL Server,-24,15,9,6,9,7,16,8,1,100,1
EMP-0365,Data Science,Senior Developer,MariaDB,54,4,2,2,2,23,2,10,1,0,0
EMP-0366,Operations,Manager,MongoDB,-31,3,3,0,10,11,20,3,1,100,1
EMP-0367,Infrastructure,Senior Developer,SQL Server,-22,5,4,1,4,36,33,9,1,53.0,0
EMP-0368,Infrastructure,Developer,Oracle,115,11,9,2,0,72,38,5,1,0,0
EMP-0369,Data Science,Tech Lead,Oracle,83,7,5,2,1,11,7,8,0,0,0
EMP-0370,Engineering,Intern,MySQL,109,8,7,1,0,108,5,5,1,0,0
EMP-0371,Finance,Intern,PostgreSQL,86,11,9,2,0,157,27,8,0,0,0
EMP-0372,Engineering,Junior Developer,MongoDB,44,5,4,1,2,69,10,9,1,0,0
EMP-0373,Operations,Intern,MariaDB,13,9,7,2,2,105,37,7,0,0,0
EMP-0374,Infrastructure,Analyst,Oracle,25,14,13,1,2,33,11,7,1,0,0
EMP-0375,HR,Senior Developer,MariaDB,145,5,5,0,0,36,1,10,0,0,0
EMP-0376,Engineering,Junior Developer,CockroachDB,-15,0,0,0,7,65,24,3,1,100,1
EMP-0377,HR,Tech Lead,Redis,88,2,2,0,2,19,39,2,0,0,0
EMP-0378,Security,Junior Developer,Oracle,65,2,2,0,2,49,37,5,0,0,0
EMP-0379,Finance,Engineer,MySQL,113,8,7,1,1,21,18,7,0,0,0
EMP-0380,QA,Senior Developer,SQL Server,92,12,6,6,0,33,21,9,0,0,0
EMP-0381,Data Science,Analyst,PostgreSQL,-31,6,3,3,7,59,21,10,0,100,1
EMP-0382,Finance,Engineer,CockroachDB,60,14,13,1,0,59,13,3,1,0,0
EMP-0383,Engineering,Manager,SQL Server,54,12,9,3,1,31,29,7,0,0,0
EMP-0384,Data Science,Junior Developer,PostgreSQL,13,7,5,2,2,94,39,4,1,0,0
EMP-0385,Operations,Manager,SQL Server,-13,12,11,1,8,15,8,9,0,22.5,0
EMP-0386,QA,Junior Developer,SQL Server,37,6,4,2,0,108,13,6,1,0,0
EMP-0387,Security,Tech Lead,Redis,-38,11,11,0,11,30,4,10,0,100,1
EMP-0388,Engineering,Intern,PostgreSQL,77,14,7,7,0,165,35,2,0,47.5,0
EMP-0389,Operations,Tech Lead,Oracle,42,14,13,1,0,8,10,3,1,0,0
EMP-0390,Engineering,Tech Lead,MySQL,139,14,11,3,1,21,32,4,1,0,0
EMP-0391,QA,Manager,Redis,-35,15,12,3,5,11,13,8,1,74.83,1
EMP-0392,Finance,Intern,MongoDB,-35,12,12,0,4,151,16,9,1,48.17,0
EMP-0393,Engineering,Analyst,PostgreSQL,13,6,4,2,0,56,37,7,1,0,0
EMP-0394,QA,Junior Developer,CockroachDB,127,0,0,0,2,30,22,3,1,0,0
EMP-0395,Security,Manager,MySQL,-37,15,11,4,9,26,40,5,0,100,1
EMP-0396,Finance,Analyst,PostgreSQL,142,2,1,1,2,44,31,2,1,0,0
EMP-0397,Infrastructure,Developer,PostgreSQL,100,15,12,3,0,22,35,4,0,0,0
EMP-0398,QA,Junior Developer,MySQL,105,1,1,0,1,81,32,7,1,0,0
EMP-0399,HR,Developer,Oracle,134,10,10,0,0,30,16,3,1,0,1
EMP-0400,QA,Intern,Oracle,43,1,1,0,1,70,26,8,1,0,0
EMP-0401,HR,Junior Developer,PostgreSQL,74,12,12,0,2,130,10,6,0,0,0
EMP-0402,QA,Intern,SQL Server,93,0,0,0,1,160,33,8,1,0,0
EMP-0403,HR,Junior Developer,CockroachDB,-38,13,11,2,11,73,10,3,0,100,1
EMP-0404,HR,Analyst,MariaDB,102,15,12,3,1,26,39,3,1,0,0
EMP-0405,Operations,Manager,SQL Server,84,13,10,3,2,36,5,6,0,0,0
EMP-0406,Infrastructure,Intern,MongoDB,-6,5,4,1,11,31,31,7,1,66.17,1
EMP-0407,Data Science,Manager,SQL Server,6,2,1,1,5,30,2,8,0,27.0,0
EMP-0408,Infrastructure,Intern,Redis,1,2,1,1,3,82,6,2,1,14.67,0
EMP-0409,Operations,Engineer,Redis,2,8,8,0,2,42,18,4,0,0,0
EMP-0410,Infrastructure,Tech Lead,Oracle,71,10,5,5,0,28,34,9,0,0,0
EMP-0411,Finance,Engineer,PostgreSQL,126,5,5,0,2,35,26,3,1,0,0
EMP-0412,Security,Senior Developer,PostgreSQL,95,6,3,3,0,31,1,5,0,0,0
EMP-0413,Infrastructure,Developer,MongoDB,-30,2,2,0,6,57,15,8,1,100,0
EMP-0414,Infrastructure,Senior Developer,SQL Server,-6,10,10,0,4,33,9,10,0,0,0
EMP-0415,Operations,Analyst,SQL Server,63,6,5,1,0,16,13,3,0,0,0
EMP-0416,Infrastructure,Intern,MariaDB,72,10,10,0,1,127,40,6,0,0,0
EMP-0417,Data Science,Manager,Oracle,63,3,2,1,2,10,3,6,0,0,0
EMP-0418,Data Science,Engineer,MariaDB,130,6,4,2,2,18,11,2,1,0,0
EMP-0419,Security,Analyst,MariaDB,21,7,4,3,0,66,37,8,0,0,0
EMP-0420,Infrastructure,Intern,CockroachDB,96,9,8,1,0,73,7,4,0,0,0
EMP-0421,Finance,Senior Developer,MariaDB,61,1,1,0,1,4,16,2,0,0,0
EMP-0422,Data Science,Manager,PostgreSQL,-20,5,3,2,10,9,22,7,1,100,1
EMP-0423,Infrastructure,Developer,MariaDB,145,8,8,0,1,19,40,9,1,0,0
EMP-0424,HR,Engineer,SQL Server,46,6,3,3,0,64,7,9,1,0,0
EMP-0425,Engineering,Analyst,SQL Server,109,13,13,0,2,12,26,10,1,0,0
EMP-0426,Infrastructure,Senior Developer,MariaDB,141,7,7,0,0,14,5,4,1,0,0
EMP-0427,Engineering,Tech Lead,PostgreSQL,62,10,10,0,1,22,3,6,1,0,0
EMP-0428,Finance,Intern,SQL Server,46,3,2,1,2,68,29,5,0,7.33,0
EMP-0429,Operations,Manager,CockroachDB,6,2,2,0,3,4,28,8,1,0,0
EMP-0430,HR,Manager,MongoDB,125,15,14,1,1,5,32,10,0,0,0
EMP-0431,Security,Analyst,MariaDB,55,2,1,1,0,47,5,3,0,0,0
EMP-0432,HR,Analyst,SQL Server,37,6,4,2,0,64,31,6,1,0,0
EMP-0433,HR,Senior Developer,PostgreSQL,3,9,9,0,1,21,34,7,1,0,0
EMP-0434,Data Science,Senior Developer,Redis,91,14,12,2,2,26,16,7,1,0,0
EMP-0435,Operations,Tech Lead,MariaDB,104,9,6,3,0,23,40,8,1,0,0
EMP-0436,HR,Analyst,Oracle,10,4,4,0,1,48,19,10,1,0,0
EMP-0437,Operations,Junior Developer,CockroachDB,94,5,4,1,2,136,16,10,0,0,0
EMP-0438,Security,Developer,MariaDB,106,1,1,0,0,70,10,2,0,0,0
EMP-0439,Operations,Manager,PostgreSQL,25,11,10,1,0,33,33,9,0,0,0
EMP-0440,Engineering,Junior Developer,Redis,53,10,8,2,1,147,39,9,1,0,0
EMP-0441,Security,Analyst,MariaDB,124,1,1,0,0,53,9,3,1,0,0
EMP-0442,Finance,Tech Lead,Oracle,8,8,8,0,0,33,8,10,1,0,0
EMP-0443,QA,Intern,Redis,125,5,4,1,0,72,26,7,0,0,0
EMP-0444,Operations,Senior Developer,Redis,36,3,2,1,1,5,25,6,1,0,0
EMP-0445,Finance,Junior Developer,MySQL,51,9,5,4,1,125,13,9,0,2.83,0
EMP-0446,Operations,Intern,CockroachDB,50,4,3,1,0,106,11,10,1,0,0
EMP-0447,Data Science,Intern,MySQL,49,11,9,2,0,97,8,6,1,0,0
EMP-0448,Data Science,Manager,PostgreSQL,129,1,1,0,2,33,29,4,0,1.5,0
EMP-0449,Security,Engineer,MySQL,-29,6,5,1,8,25,9,4,1,100,0
EMP-0450,HR,Senior Developer,CockroachDB,77,14,11,3,2,4,11,8,1,0,0
EMP-0451,HR,Developer,SQL Server,61,9,6,3,0,60,7,3,0,0,0
EMP-0452,Data Science,Developer,SQL Server,-12,8,7,1,11,63,12,8,1,67.5,1
EMP-0453,Engineering,Junior Developer,Oracle,57,2,2,0,0,113,36,3,1,0,0
EMP-0454,Security,Tech Lead,Oracle,18,10,5,5,1,16,39,4,0,16.67,0
EMP-0455,HR,Analyst,Oracle,113,4,4,0,2,23,15,8,0,0,0
EMP-0456,Operations,Manager,Redis,85,10,9,1,1,5,37,10,1,0,0
EMP-0457,Finance,Analyst,PostgreSQL,36,10,7,3,0,29,36,4,0,0,0
EMP-0458,Engineering,Senior Developer,Oracle,59,4,3,1,1,14,34,3,1,0,0
EMP-0459,Engineering,Engineer,PostgreSQL,47,4,3,1,2,24,39,5,1,0,0
EMP-0460,QA,Tech Lead,Oracle,21,2,1,1,1,33,12,8,0,0,0
EMP-0461,Finance,Developer,Redis,92,0,0,0,0,14,31,10,1,0,0
EMP-0462,Finance,Developer,MySQL,-32,11,9,2,3,71,9,10,0,81.83,1
EMP-0463,Security,Tech Lead,SQL Server,107,9,8,1,2,21,6,6,1,0,0
EMP-0464,Infrastructure,Analyst,Redis,112,6,3,3,1,24,39,7,1,0,0
EMP-0465,QA,Tech Lead,PostgreSQL,92,11,10,1,1,22,33,3,0,0,0
EMP-0466,Engineering,Tech Lead,MariaDB,127,1,1,0,0,4,19,9,1,0,0
EMP-0467,Data Science,Tech Lead,CockroachDB,13,6,3,3,1,34,25,9,1,0,0
EMP-0468,Infrastructure,Junior Developer,SQL Server,82,4,2,2,1,34,22,2,1,0,0
EMP-0469,Operations,Engineer,SQL Server,121,7,6,1,2,40,3,8,1,0,0
EMP-0470,Infrastructure,Developer,Redis,-8,10,9,1,8,18,6,7,1,2.0,0
EMP-0471,QA,Manager,PostgreSQL,127,8,4,4,2,31,21,7,1,0,0
EMP-0472,Finance,Tech Lead,MySQL,87,13,7,6,0,31,13,7,0,0,0
EMP-0473,Finance,Developer,Oracle,-1,4,3,1,6,49,16,7,1,7.17,0
EMP-0474,Engineering,Junior Developer,MariaDB,139,10,9,1,2,114,33,3,0,0,0
EMP-0475,Engineering,Manager,CockroachDB,-31,2,2,0,3,13,14,3,0,100,1
EMP-0476,Operations,Junior Developer,Oracle,-30,14,12,2,8,87,33,6,1,93.5,1
EMP-0477,QA,Junior Developer,Redis,53,10,9,1,0,40,34,4,0,0,0
EMP-0478,Finance,Junior Developer,MySQL,-39,6,3,3,12,161,28,3,1,100,1
EMP-0479,Infrastructure,Developer,Redis,65,2,1,1,1,34,29,3,0,7.67,0
EMP-0480,Infrastructure,Intern,PostgreSQL,118,1,1,0,1,151,21,10,1,0,0
EMP-0481,HR,Developer,MariaDB,95,0,0,0,0,42,7,7,1,0,0
EMP-0482,HR,Manager,MariaDB,27,13,10,3,0,1,38,6,1,0,0
EMP-0483,Finance,Senior Developer,CockroachDB,59,14,14,0,0,5,9,9,1,0,0
EMP-0484,Operations,Senior Developer,MongoDB,65,5,3,2,2,3,26,9,0,0,0
EMP-0485,HR,Engineer,MariaDB,31,0,0,0,2,16,16,3,1,0,0
EMP-0486,Finance,Developer,Redis,44,11,10,1,2,44,32,6,1,0,0
EMP-0487,Operations,Intern,MariaDB,118,10,9,1,0,71,1,8,1,0,0
EMP-0488,Security,Engineer,PostgreSQL,76,6,6,0,1,27,1,10,0,0,0
EMP-0489,Engineering,Junior Developer,Redis,4,13,8,5,1,41,7,3,0,0.83,0
EMP-0490,Infrastructure,Senior Developer,Redis,71,7,5,2,2,12,33,3,0,0,0
EMP-0491,Operations,Developer,SQL Server,-28,9,9,0,6,64,39,9,0,74.67,1
EMP-0492,Operations,Developer,Redis,1,11,10,1,2,58,6,2,1,0,0
EMP-0493,HR,Developer,SQL Server,113,8,7,1,2,71,36,6,1,0,0
EMP-0494,Operations,Engineer,MongoDB,100,6,3,3,1,55,27,9,1,0,0
EMP-0495,Data Science,Junior Developer,MariaDB,125,8,7,1,2,108,35,5,0,0,0
EMP-0496,Infrastructure,Developer,CockroachDB,-26,10,5,5,8,32,18,10,0,100,1
EMP-0497,Data Science,Engineer,Redis,79,13,7,6,0,49,29,6,0,0.17,0
EMP-0498,Operations,Manager,MySQL,-5,3,3,0,12,11,6,6,1,68.83,1
EMP-0499,QA,Junior Developer,PostgreSQL,-22,2,2,0,12,131,19,7,0,100,1
EMP-0500,HR,Junior Developer,SQL Server,14,12,10,2,1,27,31,4,1,0,0
EMP-0501,Infrastructure,Senior Developer,CockroachDB,-15,12,12,0,4,27,34,3,1,0,0
EMP-0502,Operations,Tech Lead,SQL Server,114,11,6,5,0,11,9,9,1,0,0
EMP-0503,QA,Manager,MySQL,91,3,3,0,0,22,1,3,1,0,0
EMP-0504,QA,Developer,Oracle,130,10,10,0,2,31,12,5,1,0,0
EMP-0505,QA,Junior Developer,CockroachDB,-20,10,6,4,5,156,27,4,1,100,1
EMP-0506,Finance,Manager,PostgreSQL,29,7,4,3,0,12,33,5,1,0,0
EMP-0507,HR,Tech Lead,Redis,116,11,6,5,0,16,37,9,1,0,0
EMP-0508,Engineering,Developer,MariaDB,86,5,4,1,1,23,1,4,0,0,0
EMP-0509,Security,Engineer,Redis,71,13,13,0,0,55,21,2,0,0,0
EMP-0510,Operations,Intern,CockroachDB,114,7,4,3,0,67,3,5,1,0,0
EMP-0511,Infrastructure,Engineer,PostgreSQL,77,14,13,1,0,66,6,2,0,0,0
EMP-0512,QA,Manager,CockroachDB,5,1,1,0,1,19,9,5,0,0,0
EMP-0513,Engineering,Tech Lead,MongoDB,35,12,12,0,0,12,15,3,0,0,0
EMP-0514,Data Science,Manager,Oracle,96,1,1,0,0,24,10,7,1,0,0
EMP-0515,Operations,Developer,Redis,109,5,3,2,1,64,12,4,0,4.67,0
EMP-0516,Finance,Tech Lead,SQL Server,133,10,8,2,2,2,39,7,1,0,0
EMP-0517,Engineering,Senior Developer,MongoDB,69,11,7,4,1,28,29,2,1,0,0
EMP-0518,Security,Senior Developer,MySQL,-22,10,10,0,11,8,20,10,1,54.33,0
EMP-0519,Finance,Analyst,PostgreSQL,132,6,6,0,2,18,16,10,0,0,0
EMP-0520,Finance,Intern,Oracle,-3,1,1,0,3,66,16,2,0,37.0,0
EMP-0521,HR,Junior Developer,Oracle,-40,12,6,6,6,87,36,2,1,100,1
EMP-0522,Data Science,Engineer,SQL Server,65,1,1,0,2,23,31,8,1,0,0
EMP-0523,Engineering,Intern,MongoDB,69,6,4,2,2,115,20,5,1,0,0
EMP-0524,Infrastructure,Junior Developer,Oracle,-31,2,1,1,3,40,12,10,1,99.67,1
EMP-0525,Security,Analyst,MariaDB,-20,11,6,5,7,51,29,7,1,100,1
EMP-0526,Engineering,Developer,MongoDB,11,11,9,2,1,38,19,2,0,0,0
EMP-0527,Data Science,Analyst,CockroachDB,112,1,1,0,2,15,13,6,0,0,0
EMP-0528,Infrastructure,Senior Developer,MySQL,25,10,10,0,0,16,35,6,0,0,1
EMP-0529,Finance,Junior Developer,MariaDB,116,1,1,0,0,98,19,7,1,0,0
EMP-0530,Operations,Manager,Redis,-36,1,1,0,10,1,1,4,0,100,1
EMP-0531,QA,Senior Developer,Oracle,8,10,7,3,2,11,2,5,1,0,0
EMP-0532,Operations,Engineer,PostgreSQL,136,11,8,3,1,34,27,10,1,0,0
EMP-0533,Operations,Engineer,PostgreSQL,-9,15,14,1,7,24,29,7,1,0,1
EMP-0534,Infrastructure,Senior Developer,Oracle,111,4,3,1,1,30,6,10,1,0,0
EMP-0535,Data Science,Junior Developer,SQL Server,71,1,1,0,0,108,32,2,0,2.0,0
EMP-0536,Operations,Analyst,MariaDB,-26,0,0,0,8,46,11,5,1,100,1
EMP-0537,HR,Engineer,CockroachDB,139,12,12,0,2,51,18,6,1,0,1
EMP-0538,HR,Intern,MongoDB,19,9,8,1,1,129,20,3,1,0,0
EMP-0539,HR,Developer,Redis,45,14,12,2,0,48,37,4,0,0,0
EMP-0540,Finance,Intern,Oracle,68,6,6,0,1,60,10,7,1,0,0
EMP-0541,Security,Tech Lead,PostgreSQL,8,6,3,3,0,29,34,5,0,0,0
EMP-0542,Engineering,Developer,MySQL,-28,6,6,0,4,70,18,7,1,62.67,1
EMP-0543,Data Science,Senior Developer,Oracle,70,7,7,0,2,27,28,3,1,0,0
EMP-0544,Data Science,Junior Developer,PostgreSQL,33,10,6,4,0,85,30,10,0,0,0
EMP-0545,Security,Analyst,Oracle,-39,9,9,0,4,42,10,2,1,98.0,1
EMP-0546,Engineering,Intern,MongoDB,71,4,3,1,1,120,19,9,0,0,0
EMP-0547,Infrastructure,Senior Developer,SQL Server,139,8,5,3,1,28,8,2,1,0,0
EMP-0548,Operations,Tech Lead,PostgreSQL,45,6,5,1,0,10,21,2,1,0,0
EMP-0549,Data Science,Analyst,MariaDB,110,10,5,5,1,41,10,9,1,0,0
EMP-0550,QA,Developer,MariaDB,133,1,1,0,2,37,32,9,1,0,0
EMP-0551,Engineering,Analyst,SQL Server,31,11,10,1,1,63,26,2,1,0,0
EMP-0552,Security,Intern,MariaDB,-35,3,3,0,7,31,36,7,1,100,1
EMP-0553,HR,Senior Developer,Redis,84,4,4,0,0,2,27,10,0,0,0
EMP-0554,QA,Senior Developer,Oracle,-37,9,8,1,3,6,22,8,1,70.0,1
EMP-0555,QA,Junior Developer,MariaDB,85,14,11,3,1,111,13,7,1,0,0
EMP-0556,Finance,Analyst,MySQL,23,12,9,3,2,13,35,7,1,0,0
EMP-0557,QA,Senior Developer,SQL Server,81,6,5,1,2,4,32,4,1,0,0
EMP-0558,Infrastructure,Intern,CockroachDB,40,12,9,3,0,76,9,9,1,0,0
EMP-0559,Security,Junior Developer,Redis,136,15,13,2,0,110,18,9,1,0,0
EMP-0560,Data Science,Tech Lead,SQL Server,-5,15,14,1,12,11,32,6,0,17.83,0
EMP-0561,Infrastructure,Intern,CockroachDB,20,4,4,0,0,167,18,4,1,0,0
EMP-0562,Engineering,Senior Developer,MongoDB,87,11,10,1,1,24,31,7,1,0,0
EMP-0563,Engineering,Developer,Redis,5,0,0,0,3,45,4,5,1,0,0
EMP-0564,Operations,Developer,MongoDB,142,10,5,5,1,42,28,5,1,0,0
EMP-0565,Security,Developer,CockroachDB,84,6,3,3,1,63,8,6,0,8.5,0
EMP-0566,Data Science,Analyst,PostgreSQL,0,7,4,3,3,53,39,6,1,0,0
EMP-0567,QA,Senior Developer,Oracle,93,7,6,1,2,14,21,8,0,0,0
EMP-0568,Engineering,Junior Developer,Redis,54,6,4,2,0,55,24,10,1,0,0
EMP-0569,HR,Manager,MariaDB,-33,13,9,4,6,30,5,6,1,100,1
EMP-0570,Data Science,Manager,MariaDB,64,3,2,1,1,6,16,8,1,0,0
EMP-0571,Data Science,Manager,PostgreSQL,29,14,14,0,2,22,40,8,0,0,0
EMP-0572,QA,Developer,Oracle,42,1,1,0,0,60,16,6,1,0,0
EMP-0573,Finance,Analyst,SQL Server,73,3,3,0,1,19,16,4,1,0,0
EMP-0574,Data Science,Manager,MariaDB,-28,3,3,0,11,26,15,4,0,100,1
EMP-0575,Infrastructure,Junior Developer,MongoDB,85,3,3,0,1,96,36,4,1,0,0
EMP-0576,Security,Tech Lead,CockroachDB,140,0,0,0,0,10,1,4,1,0,0
EMP-0577,Infrastructure,Junior Developer,Oracle,-34,5,5,0,9,120,33,5,1,100,0
EMP-0578,QA,Manager,PostgreSQL,-9,2,2,0,10,12,16,2,0,100,1
EMP-0579,HR,Senior Developer,MySQL,44,14,7,7,2,17,14,6,0,26.83,0
EMP-0580,Operations,Tech Lead,MariaDB,94,3,2,1,1,6,25,9,0,0,0
EMP-0581,QA,Analyst,Oracle,136,15,13,2,2,32,31,3,0,0,0
EMP-0582,HR,Engineer,MariaDB,25,10,7,3,0,14,39,7,0,0,0
EMP-0583,Engineering,Senior Developer,SQL Server,70,5,4,1,2,23,4,7,1,0,0
EMP-0584,Security,Junior Developer,MongoDB,-17,3,2,1,5,99,24,10,1,65.5,1
EMP-0585,Finance,Developer,MongoDB,42,10,7,3,2,53,26,4,0,0,0
EMP-0586,Engineering,Engineer,PostgreSQL,-20,14,10,4,4,67,28,7,1,46.17,0
EMP-0587,HR,Senior Developer,Oracle,-3,14,12,2,4,33,16,4,1,0,0
EMP-0588,Infrastructure,Junior Developer,MySQL,-3,1,1,0,11,50,4,4,0,100,1
EMP-0589,Security,Intern,Oracle,99,15,8,7,2,104,14,2,1,24.33,0
EMP-0590,Engineering,Tech Lead,CockroachDB,106,11,9,2,0,3,33,5,1,0,0
EMP-0591,Engineering,Tech Lead,MongoDB,14,15,12,3,2,2,10,9,0,0,0
EMP-0592,HR,Tech Lead,SQL Server,105,14,11,3,0,7,29,6,0,0,0
EMP-0593,HR,Engineer,SQL Server,79,0,0,0,0,13,9,4,1,0,0
EMP-0594,Operations,Tech Lead,PostgreSQL,6,15,8,7,4,35,32,8,1,8.83,0
EMP-0595,Finance,Junior Developer,CockroachDB,102,1,1,0,0,76,18,3,1,0,0
EMP-0596,Operations,Engineer,Oracle,113,5,3,2,1,48,10,10,1,0,0
EMP-0597,Operations,Analyst,Oracle,45,6,6,0,0,52,33,6,1,0,0
EMP-0598,QA,Intern,PostgreSQL,125,13,10,3,1,148,39,5,1,0,0
EMP-0599,Data Science,Developer,Redis,110,9,5,4,2,67,11,2,1,6.17,0
EMP-0600,HR,Manager,MongoDB,-8,6,4,2,7,18,26,7,1,44.0,0
EMP-0601,Operations,Intern,SQL Server,-23,13,10,3,3,65,24,3,1,51.83,0
EMP-0602,Data Science,Engineer,Redis,-26,10,10,0,3,16,32,7,0,28.67,0
EMP-0603,QA,Intern,PostgreSQL,15,7,4,3,2,127,16,3,1,8.17,0
EMP-0604,Operations,Senior Developer,PostgreSQL,18,0,0,0,2,5,14,6,1,0,0
EMP-0605,Security,Tech Lead,MariaDB,145,9,5,4,2,17,4,9,1,0,0
EMP-0606,Infrastructure,Tech Lead,Oracle,39,3,3,0,1,2,16,8,1,0,0
EMP-0607,Security,Junior Developer,CockroachDB,-31,0,0,0,6,56,26,5,1,100,1
EMP-0608,Finance,Tech Lead,MongoDB,77,9,9,0,1,5,27,6,1,0,0
EMP-0609,Security,Analyst,Oracle,-8,0,0,0,9,60,8,3,1,95.0,1
EMP-0610,Engineering,Senior Developer,MariaDB,18,2,1,1,0,33,8,10,1,0,0
EMP-0611,Data Science,Intern,MongoDB,147,6,3,3,0,72,28,4,1,0,0
EMP-0612,Engineering,Engineer,SQL Server,-33,11,8,3,11,50,9,7,0,100,1
EMP-0613,QA,Tech Lead,Redis,106,14,7,7,2,32,3,7,1,0.33,0
EMP-0614,Operations,Tech Lead,PostgreSQL,45,12,9,3,0,15,27,5,0,0,0
EMP-0615,HR,Manager,MongoDB,32,4,2,2,0,11,39,7,1,0,0
EMP-0616,Operations,Engineer,SQL Server,139,0,0,0,0,69,8,8,0,0,0
EMP-0617,Security,Intern,MongoDB,43,5,3,2,0,111,17,10,0,0,0
EMP-0618,Infrastructure,Junior Developer,MariaDB,43,4,2,2,1,57,26,9,0,0,0
EMP-0619,Data Science,Senior Developer,Oracle,123,3,3,0,0,34,27,9,1,0,0
EMP-0620,Data Science,Intern,MariaDB,93,7,4,3,2,145,11,9,0,12.17,0
EMP-0621,Security,Tech Lead,MariaDB,-20,14,14,0,12,31,8,9,1,32.17,0
EMP-0622,Security,Engineer,Redis,48,1,1,0,2,27,1,2,0,8.5,0
EMP-0623,Infrastructure,Senior Developer,MariaDB,24,12,9,3,0,34,12,4,1,0,0
EMP-0624,Engineering,Engineer,Redis,116,11,6,5,1,31,9,6,1,0,0
EMP-0625,HR,Analyst,CockroachDB,-13,2,1,1,3,63,16,2,1,63.5,1
EMP-0626,Operations,Manager,MongoDB,-15,12,10,2,3,34,5,3,1,2.67,0
EMP-0627,Finance,Tech Lead,PostgreSQL,105,1,1,0,2,15,33,4,1,0,0
EMP-0628,Infrastructure,Junior Developer,MongoDB,-12,1,1,0,12,114,39,3,1,100,1
EMP-0629,HR,Developer,MySQL,117,6,3,3,2,52,37,10,0,0.67,0
EMP-0630,Infrastructure,Junior Developer,Oracle,134,5,3,2,1,37,8,5,1,0,0
EMP-0631,HR,Engineer,CockroachDB,37,7,6,1,1,52,36,9,1,0,0
EMP-0632,Engineering,Manager,MongoDB,94,0,0,0,0,18,1,2,0,0,0
EMP-0633,QA,Intern,MongoDB,97,8,5,3,2,160,34,8,1,0,0
EMP-0634,Security,Manager,Oracle,53,6,5,1,0,1,24,5,1,0,0
EMP-0635,Data Science,Senior Developer,MongoDB,-9,13,11,2,5,17,27,3,1,0,0
EMP-0636,Infrastructure,Developer,PostgreSQL,91,12,11,1,2,61,20,9,1,0,0
EMP-0637,Infrastructure,Manager,MongoDB,-34,7,7,0,8,6,39,3,1,100,1
EMP-0638,Operations,Senior Developer,MySQL,80,0,0,0,0,35,5,6,0,0,0
EMP-0639,Security,Manager,SQL Server,34,15,14,1,0,26,5,10,1,0,0
EMP-0640,QA,Developer,PostgreSQL,112,2,1,1,1,49,28,4,1,0,0
EMP-0641,Data Science,Developer,Redis,-36,5,3,2,10,55,28,7,1,100,1
EMP-0642,HR,Senior Developer,MariaDB,96,4,2,2,2,29,39,7,1,0,0
EMP-0643,Operations,Manager,SQL Server,-17,12,12,0,6,15,25,7,0,6.5,0
EMP-0644,Engineering,Engineer,PostgreSQL,143,9,5,4,1,69,40,4,1,0,0
EMP-0645,QA,Intern,MongoDB,-25,8,6,2,4,147,14,4,1,99.5,1
EMP-0646,QA,Intern,MongoDB,2,4,3,1,5,83,39,9,1,0,0
EMP-0647,QA,Senior Developer,Oracle,-10,14,14,0,9,30,29,5,0,3.0,0
EMP-0648,Security,Analyst,Redis,31,15,12,3,2,53,25,5,1,0,1
EMP-0649,QA,Junior Developer,PostgreSQL,15,8,5,3,1,68,28,9,0,0,0
EMP-0650,HR,Engineer,SQL Server,-22,9,5,4,10,50,40,6,0,100,1
EMP-0651,Data Science,Intern,Oracle,137,7,5,2,0,77,10,3,1,0,0
EMP-0652,HR,Tech Lead,CockroachDB,-33,12,12,0,5,4,21,7,0,58.67,0
EMP-0653,Security,Manager,PostgreSQL,39,3,2,1,1,17,16,7,1,0,0
EMP-0654,Security,Intern,SQL Server,122,14,7,7,0,141,8,10,0,11.5,0
EMP-0655,QA,Developer,MongoDB,66,5,4,1,1,53,12,3,1,0,0
EMP-0656,Finance,Senior Developer,MongoDB,132,14,11,3,1,22,37,8,0,0,0
EMP-0657,HR,Engineer,PostgreSQL,103,14,7,7,1,70,32,9,1,0,0
EMP-0658,Finance,Junior Developer,Oracle,4,12,12,0,2,59,20,7,1,0,0
EMP-0659,Infrastructure,Senior Developer,MySQL,48,0,0,0,0,29,4,2,0,0,0
EMP-0660,QA,Manager,Oracle,-36,8,4,4,8,1,28,8,1,100,1
EMP-0661,Operations,Senior Developer,MySQL,-38,8,7,1,8,17,30,6,0,100,1
EMP-0662,Engineering,Tech Lead,SQL Server,100,6,4,2,2,3,33,3,0,0.5,0
EMP-0663,Infrastructure,Junior Developer,PostgreSQL,21,3,2,1,1,131,37,10,1,0,0
EMP-0664,QA,Intern,MariaDB,91,8,4,4,2,88,27,5,1,5.67,0
EMP-0665,Security,Engineer,SQL Server,97,15,11,4,2,22,31,9,0,0,0
EMP-0666,Operations,Junior Developer,MySQL,-3,14,10,4,6,54,15,4,1,8.0,1
EMP-0667,Data Science,Intern,SQL Server,52,4,3,1,1,31,28,8,1,0,0
EMP-0668,HR,Intern,CockroachDB,84,3,3,0,1,39,10,8,1,0,0
EMP-0669,QA,Analyst,MariaDB,-22,10,7,3,9,28,33,9,1,100,1
EMP-0670,HR,Manager,SQL Server,101,13,9,4,0,3,13,9,0,0,0
EMP-0671,HR,Intern,MySQL,101,2,1,1,0,111,12,9,0,0,0
EMP-0672,Infrastructure,Developer,MySQL,3,15,14,1,1,19,23,5,0,0,0
EMP-0673,Infrastructure,Engineer,PostgreSQL,7,0,0,0,3,33,31,5,0,15.5,0
EMP-0674,Infrastructure,Developer,CockroachDB,-16,13,12,1,8,13,38,10,1,0,0
EMP-0675,Operations,Engineer,PostgreSQL,-29,12,10,2,7,63,12,3,1,100,1
EMP-0676,Security,Tech Lead,Redis,2,10,9,1,2,8,20,3,0,0,0
EMP-0677,Infrastructure,Engineer,CockroachDB,27,11,8,3,2,39,27,10,1,0,0
EMP-0678,Finance,Engineer,Redis,-19,10,7,3,12,13,19,5,0,100,1
EMP-0679,Engineering,Senior Developer,MongoDB,60,15,10,5,1,16,3,8,1,0,0
EMP-0680,Finance,Manager,MariaDB,118,6,5,1,0,23,39,10,1,0,0
EMP-0681,QA,Engineer,Oracle,102,12,6,6,1,51,9,6,1,0,0
EMP-0682,QA,Manager,MySQL,88,11,11,0,1,33,17,3,1,0,0
EMP-0683,QA,Manager,PostgreSQL,136,14,14,0,2,6,37,4,0,0,0
EMP-0684,Engineering,Junior Developer,CockroachDB,104,11,10,1,2,151,2,9,1,0,0
EMP-0685,QA,Developer,Redis,-30,0,0,0,11,40,10,10,1,100,1
EMP-0686,Operations,Junior Developer,MariaDB,-28,4,3,1,11,153,12,2,1,100,1
EMP-0687,QA,Junior Developer,MariaDB,149,8,5,3,0,96,13,10,0,0,0
EMP-0688,Infrastructure,Intern,MariaDB,48,9,9,0,1,35,8,4,0,0,0
EMP-0689,Finance,Junior Developer,CockroachDB,62,7,4,3,2,146,16,7,0,20.33,0
EMP-0690,Infrastructure,Manager,MongoDB,136,14,8,6,0,12,6,5,1,0,0
EMP-0691,Finance,Junior Developer,MariaDB,67,5,5,0,0,162,3,2,1,0,0
EMP-0692,Security,Manager,MariaDB,112,9,8,1,1,6,36,5,0,0,0
EMP-0693,Security,Tech Lead,PostgreSQL,59,7,7,0,1,26,31,6,1,0,0
EMP-0694,Infrastructure,Intern,CockroachDB,-24,15,14,1,8,109,29,3,1,57.17,0
EMP-0695,Data Science,Senior Developer,PostgreSQL,38,5,3,2,0,12,18,9,0,0,0
EMP-0696,Security,Manager,MariaDB,113,2,2,0,1,18,11,8,0,0,0
EMP-0697,Security,Senior Developer,MongoDB,18,0,0,0,0,18,25,3,1,0,0
EMP-0698,HR,Senior Developer,MongoDB,78,9,7,2,2,21,37,2,1,0,0
EMP-0699,Engineering,Junior Developer,SQL Server,11,13,12,1,1,160,1,8,1,0,0
EMP-0700,Finance,Engineer,PostgreSQL,68,4,3,1,0,19,23,5,0,0,0
EMP-0701,QA,Tech Lead,MariaDB,-19,10,6,4,10,10,28,6,1,100,1
EMP-0702,Data Science,Analyst,Oracle,57,5,3,2,0,26,9,5,0,0,0
EMP-0703,Engineering,Intern,MongoDB,-22,2,1,1,10,77,40,3,1,100,1
EMP-0704,Infrastructure,Developer,SQL Server,20,1,1,0,0,13,2,5,1,0,0
EMP-0705,Engineering,Intern,MongoDB,53,12,6,6,0,32,5,7,0,1.33,0
EMP-0706,Data Science,Engineer,Oracle,-4,5,3,2,3,47,2,5,1,8.83,0
EMP-0707,Security,Manager,CockroachDB,105,11,7,4,0,4,3,6,1,0,0
EMP-0708,HR,Manager,MySQL,-19,4,3,1,9,29,29,3,1,100,1
EMP-0709,Engineering,Senior Developer,CockroachDB,4,5,3,2,2,17,19,8,0,0,0
EMP-0710,HR,Engineer,CockroachDB,119,3,3,0,2,55,6,9,0,0,0
EMP-0711,Data Science,Manager,MongoDB,49,6,3,3,0,1,1,3,1,0,0
EMP-0712,Engineering,Manager,MariaDB,89,15,13,2,0,25,38,10,1,0,0
EMP-0713,Data Science,Developer,Redis,91,15,9,6,1,44,20,2,1,0,0
EMP-0714,HR,Manager,Oracle,138,2,1,1,1,35,40,4,1,0,0
EMP-0715,HR,Developer,Oracle,75,12,8,4,1,53,36,8,0,0,0
EMP-0716,HR,Tech Lead,MariaDB,-6,7,7,0,10,25,16,10,0,32.17,0
EMP-0717,Infrastructure,Analyst,MariaDB,76,15,9,6,1,16,8,8,1,0,0
EMP-0718,Finance,Analyst,Oracle,-1,1,1,0,12,24,37,2,0,100,1
EMP-0719,HR,Engineer,Redis,103,7,4,3,1,29,27,5,0,0,0
EMP-0720,Finance,Intern,SQL Server,124,1,1,0,0,126,14,4,0,0,0
EMP-0721,Security,Intern,MongoDB,57,2,1,1,0,168,17,7,1,0,0
EMP-0722,Infrastructure,Tech Lead,MySQL,132,3,2,1,2,20,17,10,1,0,0
EMP-0723,Data Science,Intern,Oracle,48,0,0,0,1,124,2,5,1,0,0
EMP-0724,Data Science,Analyst,Oracle,117,15,12,3,1,58,6,5,0,0,0
EMP-0725,Engineering,Developer,MongoDB,76,0,0,0,2,14,12,7,0,0,0
EMP-0726,HR,Junior Developer,MongoDB,101,0,0,0,0,34,35,5,0,0,0
EMP-0727,Security,Junior Developer,PostgreSQL,35,15,8,7,0,111,22,5,1,0,0
EMP-0728,Data Science,Intern,MongoDB,80,14,13,1,0,143,25,6,0,0,0
EMP-0729,QA,Analyst,CockroachDB,121,10,6,4,2,17,13,9,1,0,0
EMP-0730,HR,Junior Developer,MariaDB,48,11,7,4,0,109,24,2,0,2.17,0
EMP-0731,HR,Developer,Redis,-12,7,6,1,4,50,31,3,0,48.33,0
EMP-0732,Engineering,Senior Developer,CockroachDB,65,7,4,3,1,32,32,2,1,0,0
EMP-0733,Finance,Tech Lead,PostgreSQL,139,12,10,2,2,12,10,4,0,0,0
EMP-0734,Finance,Developer,MySQL,-38,6,3,3,9,49,4,9,1,100,1
EMP-0735,Security,Analyst,MariaDB,106,1,1,0,1,50,14,9,1,0,0
EMP-0736,Operations,Developer,SQL Server,-20,15,11,4,8,53,13,3,0,100,0
EMP-0737,Security,Junior Developer,PostgreSQL,31,4,4,0,1,123,16,6,0,0,0
EMP-0738,Engineering,Engineer,Oracle,-20,2,1,1,6,69,7,10,0,100,1
EMP-0739,Operations,Intern,MongoDB,134,0,0,0,0,83,33,9,1,0,0
EMP-0740,Operations,Manager,Redis,-18,12,10,2,4,28,10,9,0,24.67,0
EMP-0741,Data Science,Tech Lead,MariaDB,92,11,9,2,1,23,24,7,0,0,0
EMP-0742,Finance,Intern,SQL Server,90,1,1,0,1,122,37,7,1,0,0
EMP-0743,Finance,Analyst,Oracle,76,13,12,1,2,31,18,8,0,0,0
EMP-0744,Finance,Junior Developer,Oracle,27,1,1,0,1,168,5,3,0,18.0,0
EMP-0745,Security,Developer,Oracle,39,9,7,2,2,20,21,4,0,0,0
EMP-0746,Finance,Manager,SQL Server,132,6,6,0,0,25,7,8,1,0,0
EMP-0747,QA,Junior Developer,MariaDB,107,5,5,0,1,149,9,10,1,0,0
EMP-0748,QA,Tech Lead,SQL Server,-23,5,3,2,10,9,18,10,0,100,1
EMP-0749,HR,Engineer,Oracle,117,5,5,0,2,47,4,3,1,0,0
EMP-0750,Infrastructure,Tech Lead,MySQL,67,1,1,0,1,16,40,3,0,0,0
EMP-0751,Data Science,Analyst,Oracle,122,4,4,0,2,27,28,8,0,0,0
EMP-0752,Engineering,Intern,Redis,145,6,3,3,0,94,17,2,0,19.67,0
EMP-0753,Data Science,Intern,Oracle,86,0,0,0,0,53,10,9,1,0,0
EMP-0754,Infrastructure,Intern,Redis,93,13,7,6,1,69,12,2,0,29.5,0
EMP-0755,Finance,Manager,PostgreSQL,93,0,0,0,0,33,1,8,1,0,0
EMP-0756,QA,Senior Developer,SQL Server,77,12,6,6,2,7,23,2,1,12.17,0
EMP-0757,Finance,Intern,MongoDB,64,12,12,0,1,46,6,2,1,0,0
EMP-0758,HR,Developer,MongoDB,0,4,3,1,4,19,6,8,0,0,0
EMP-0759,Finance,Analyst,CockroachDB,120,13,7,6,1,17,36,3,0,16.83,0
EMP-0760,Operations,Tech Lead,MariaDB,150,4,3,1,2,10,16,7,0,0,0
EMP-0761,Engineering,Junior Developer,MongoDB,15,1,1,0,0,162,9,6,1,0,0
EMP-0762,Operations,Intern,PostgreSQL,84,3,2,1,2,149,19,5,1,0,0
EMP-0763,Infrastructure,Manager,MySQL,147,14,7,7,0,26,12,4,1,0,0
EMP-0764,QA,Senior Developer,MySQL,102,14,8,6,0,19,37,6,0,0,0
EMP-0765,Data Science,Tech Lead,MySQL,-7,7,5,2,5,19,28,9,0,29.17,0
EMP-0766,Engineering,Intern,MariaDB,93,8,5,3,2,159,40,3,1,5.5,0
EMP-0767,HR,Engineer,MongoDB,121,8,8,0,0,21,20,6,1,0,0
EMP-0768,HR,Developer,CockroachDB,-30,0,0,0,7,16,22,5,1,100,1
EMP-0769,Operations,Analyst,Oracle,1,2,1,1,3,51,16,10,0,2.5,0
EMP-0770,Finance,Manager,MongoDB,-40,0,0,0,12,17,9,8,1,100,1
EMP-0771,Finance,Analyst,PostgreSQL,141,11,11,0,2,55,31,6,0,0,0
EMP-0772,Data Science,Manager,Oracle,22,0,0,0,0,17,21,6,1,0,0
EMP-0773,HR,Senior Developer,MySQL,-8,13,12,1,4,29,28,4,1,0,0
EMP-0774,Data Science,Developer,MongoDB,28,3,3,0,0,58,6,3,1,0,0
EMP-0775,Data Science,Intern,Redis,-1,4,3,1,9,96,40,10,1,33.0,0
EMP-0776,QA,Manager,MariaDB,6,0,0,0,2,4,32,2,1,0,0
EMP-0777,Security,Analyst,SQL Server,149,9,6,3,2,39,22,4,0,0,0
EMP-0778,Finance,Manager,CockroachDB,-7,13,7,6,8,5,7,2,1,91.83,1
EMP-0779,Operations,Analyst,Oracle,110,13,12,1,2,23,22,8,1,0,0
EMP-0780,Security,Analyst,CockroachDB,-20,10,8,2,8,43,31,3,1,90.17,1
EMP-0781,Engineering,Engineer,MySQL,141,2,1,1,2,42,36,3,0,19.0,0
EMP-0782,Operations,Intern,Oracle,19,4,3,1,1,95,32,8,0,0,0
EMP-0783,Infrastructure,Tech Lead,Oracle,134,6,3,3,0,22,17,4,0,0,0
EMP-0784,Infrastructure,Senior Developer,Oracle,-39,15,15,0,6,36,17,7,0,74.0,1
EMP-0785,Finance,Senior Developer,Oracle,49,2,1,1,0,11,30,2,1,0,0
EMP-0786,HR,Analyst,MariaDB,56,15,11,4,2,59,20,8,0,0,0
EMP-0787,Operations,Engineer,MongoDB,22,11,11,0,2,26,36,8,1,0,0
EMP-0788,QA,Senior Developer,CockroachDB,69,15,11,4,2,31,11,3,1,0,0
EMP-0789,Engineering,Tech Lead,CockroachDB,14,1,1,0,2,9,21,9,0,0,0
EMP-0790,Engineering,Tech Lead,SQL Server,-35,0,0,0,7,10,16,5,1,100,1
EMP-0791,Infrastructure,Developer,CockroachDB,87,8,8,0,1,18,21,4,0,0,0
EMP-0792,QA,Manager,Oracle,133,12,12,0,2,7,25,9,0,0,0
EMP-0793,Infrastructure,Developer,PostgreSQL,-24,8,5,3,11,59,6,9,1,100,1
EMP-0794,Data Science,Senior Developer,MariaDB,116,9,8,1,0,31,16,4,1,0,0
EMP-0795,Security,Developer,MariaDB,101,14,7,7,0,36,18,9,0,0,0
EMP-0796,Data Science,Tech Lead,Redis,110,7,4,3,2,4,16,8,0,0,0
EMP-0797,Security,Engineer,Oracle,94,12,7,5,2,69,6,7,1,0,0
EMP-0798,Infrastructure,Developer,MongoDB,58,13,11,2,1,26,27,5,1,0,0
EMP-0799,HR,Intern,MongoDB,14,4,2,2,1,153,31,10,1,0,0
EMP-0800,Finance,Intern,PostgreSQL,141,9,8,1,0,139,3,7,1,0,0
EMP-0801,Engineering,Manager,SQL Server,10,11,9,2,2,6,17,9,1,0,0
EMP-0802,Operations,Tech Lead,Oracle,75,14,12,2,0,29,29,10,0,0,0
EMP-0803,Finance,Engineer,SQL Server,-13,12,11,1,3,40,7,9,0,0,0
EMP-0804,Infrastructure,Analyst,MySQL,54,15,8,7,0,63,39,5,1,0,0
EMP-0805,Engineering,Junior Developer,CockroachDB,61,7,7,0,1,106,14,10,1,0,0
EMP-0806,QA,Senior Developer,SQL Server,102,8,7,1,0,7,39,4,0,0,0
EMP-0807,Engineering,Senior Developer,SQL Server,120,14,12,2,2,2,8,9,1,0,0
EMP-0808,Operations,Intern,Oracle,42,6,6,0,2,62,23,3,1,0,0
EMP-0809,Finance,Developer,MariaDB,113,0,0,0,1,51,28,5,0,0,0
EMP-0810,QA,Senior Developer,Oracle,42,8,5,3,1,36,2,10,1,0,0
EMP-0811,Data Science,Manager,Redis,122,1,1,0,1,6,26,7,1,0,0
EMP-0812,Infrastructure,Engineer,MongoDB,-18,3,2,1,9,65,4,6,1,100,1
EMP-0813,HR,Junior Developer,SQL Server,141,3,2,1,1,40,17,8,1,0,0
EMP-0814,Operations,Tech Lead,Oracle,-35,2,2,0,11,23,21,2,1,100,1
EMP-0815,Finance,Intern,PostgreSQL,63,11,10,1,0,35,20,2,1,0,0
EMP-0816,Engineering,Junior Developer,MySQL,54,13,8,5,2,156,2,5,0,22.0,0
EMP-0817,Security,Manager,CockroachDB,149,13,13,0,0,28,16,9,1,0,0
EMP-0818,QA,Analyst,SQL Server,69,12,8,4,0,35,31,8,1,0,0
EMP-0819,Data Science,Developer,SQL Server,67,15,14,1,0,15,26,6,1,0,0
EMP-0820,Operations,Analyst,Redis,0,11,10,1,5,54,22,2,1,0,0
EMP-0821,HR,Junior Developer,CockroachDB,106,10,9,1,2,29,15,5,1,0,0
EMP-0822,Engineering,Analyst,MongoDB,39,8,6,2,2,17,23,2,0,0,0
EMP-0823,Operations,Junior Developer,PostgreSQL,54,7,7,0,1,139,18,5,1,0,0
EMP-0824,Security,Engineer,MySQL,40,10,10,0,2,68,15,4,1,0,0
EMP-0825,Security,Tech Lead,SQL Server,-32,13,13,0,11,12,36,3,1,99.0,1
EMP-0826,Security,Intern,PostgreSQL,57,4,3,1,2,39,12,7,1,0,0
EMP-0827,Security,Junior Developer,MariaDB,117,9,6,3,1,146,18,2,0,14.33,0
EMP-0828,Finance,Engineer,SQL Server,2,9,9,0,4,56,14,7,1,0,0
EMP-0829,Finance,Manager,MongoDB,-16,14,7,7,12,29,26,9,0,100,1
EMP-0830,Infrastructure,Senior Developer,Redis,97,11,7,4,1,8,34,2,1,0,0
EMP-0831,Finance,Senior Developer,Redis,36,11,8,3,2,31,3,5,1,0,0
EMP-0832,Finance,Analyst,CockroachDB,136,0,0,0,0,46,24,10,0,0,0
EMP-0833,Infrastructure,Manager,Redis,61,6,5,1,2,20,3,3,0,0,0
EMP-0834,Data Science,Intern,MongoDB,59,6,6,0,0,67,29,6,0,0,0
EMP-0835,Finance,Senior Developer,MariaDB,96,11,11,0,2,29,38,10,0,0,0
EMP-0836,Security,Analyst,Oracle,-3,2,1,1,12,43,37,9,0,100,1
EMP-0837,Finance,Manager,MariaDB,97,15,10,5,2,6,38,3,0,0,0
EMP-0838,Engineering,Manager,MySQL,140,13,11,2,0,4,7,10,0,0,0
EMP-0839,Security,Intern,MariaDB,114,1,1,0,1,45,15,3,1,0,0
EMP-0840,Security,Manager,SQL Server,62,9,7,2,2,6,32,10,1,0,0
EMP-0841,Security,Tech Lead,Oracle,-9,8,7,1,11,3,40,8,1,45.5,0
EMP-0842,Finance,Developer,MySQL,31,7,5,2,1,38,19,8,0,0,1
EMP-0843,Operations,Tech Lead,SQL Server,110,6,4,2,2,20,36,2,1,0,0
EMP-0844,Engineering,Intern,MongoDB,12,13,11,2,0,114,20,9,1,0,0
EMP-0845,Data Science,Analyst,MongoDB,-1,1,1,0,6,51,10,3,1,27.5,0
EMP-0846,Security,Manager,PostgreSQL,86,4,3,1,2,8,11,5,1,0,0
EMP-0847,HR,Manager,MariaDB,57,5,5,0,2,32,17,2,1,0,0
EMP-0848,Operations,Analyst,MariaDB,97,11,11,0,1,52,1,9,1,0,0
EMP-0849,Operations,Intern,Oracle,4,12,8,4,4,113,26,4,1,1.83,0
EMP-0850,QA,Engineer,MySQL,54,2,1,1,0,55,24,4,1,0,0
EMP-0851,QA,Manager,PostgreSQL,3,12,11,1,5,13,12,6,1,0,0
EMP-0852,HR,Intern,PostgreSQL,-10,8,8,0,11,148,1,9,0,74.67,1
EMP-0853,Data Science,Senior Developer,MariaDB,126,1,1,0,0,25,6,8,1,0,0
EMP-0854,HR,Junior Developer,CockroachDB,66,2,1,1,0,148,36,3,0,16.67,0
EMP-0855,QA,Senior Developer,Redis,19,15,9,6,2,34,16,2,0,17.67,0
EMP-0856,Security,Senior Developer,MySQL,56,9,9,0,0,28,32,8,1,0,0
EMP-0857,Engineering,Senior Developer,MongoDB,-33,9,7,2,10,8,17,9,0,100,1
EMP-0858,QA,Analyst,CockroachDB,143,2,1,1,0,14,10,7,0,0,0
EMP-0859,HR,Tech Lead,PostgreSQL,-7,1,1,0,7,13,37,3,1,55.17,0
EMP-0860,HR,Intern,MariaDB,30,9,5,4,1,129,32,3,1,2.5,0
EMP-0861,QA,Tech Lead,MongoDB,-39,2,1,1,8,32,23,9,1,100,1
EMP-0862,QA,Junior Developer,SQL Server,75,15,13,2,0,138,36,2,0,0,0
EMP-0863,Operations,Engineer,SQL Server,54,1,1,0,2,55,35,4,0,5.17,0
EMP-0864,Operations,Engineer,Oracle,-12,6,6,0,10,70,30,6,0,87.67,1
EMP-0865,Engineering,Engineer,MongoDB,63,14,11,3,0,51,22,4,0,0,0
EMP-0866,Operations,Intern,SQL Server,2,0,0,0,4,149,8,8,1,7.83,0
EMP-0867,Infrastructure,Engineer,MySQL,109,3,3,0,1,12,39,4,1,0,0
EMP-0868,Data Science,Intern,Redis,133,7,5,2,0,152,9,10,0,0,0
EMP-0869,Finance,Analyst,MySQL,138,3,2,1,0,20,15,4,0,0,0
EMP-0870,QA,Junior Developer,Oracle,43,1,1,0,2,118,17,9,1,0,0
EMP-0871,Engineering,Engineer,CockroachDB,135,1,1,0,2,62,24,3,1,0,0
EMP-0872,Finance,Senior Developer,MongoDB,99,9,8,1,1,21,25,2,1,0,0
EMP-0873,Operations,Tech Lead,MongoDB,55,6,5,1,2,30,37,5,0,0,0
EMP-0874,Operations,Intern,MySQL,101,5,4,1,0,163,24,8,1,0,0
EMP-0875,Finance,Engineer,MongoDB,145,1,1,0,1,21,10,9,0,0,0
EMP-0876,HR,Analyst,SQL Server,36,3,3,0,1,53,8,6,0,0,0
EMP-0877,Operations,Developer,MySQL,18,3,2,1,0,35,38,2,0,0,0
EMP-0878,Engineering,Tech Lead,CockroachDB,-20,3,2,1,9,25,33,7,1,100,1
EMP-0879,Infrastructure,Manager,PostgreSQL,36,14,7,7,0,17,7,5,1,0,0
EMP-0880,Security,Junior Developer,Redis,58,11,7,4,0,37,10,10,1,0,0
EMP-0881,Infrastructure,Tech Lead,SQL Server,56,1,1,0,2,3,36,8,1,0,0
EMP-0882,Engineering,Manager,MySQL,110,14,12,2,0,25,35,9,1,0,0
EMP-0883,QA,Tech Lead,PostgreSQL,-10,7,5,2,6,35,6,2,1,56.83,0
EMP-0884,Security,Tech Lead,MariaDB,33,12,12,0,0,28,36,6,1,0,0
EMP-0885,Data Science,Manager,CockroachDB,130,15,12,3,1,12,32,9,0,0,0
EMP-0886,Finance,Developer,Redis,99,6,5,1,0,27,38,8,1,0,0
EMP-0887,Security,Intern,MongoDB,112,15,13,2,2,74,5,6,1,0,0
EMP-0888,Operations,Developer,Redis,-5,12,12,0,10,30,8,9,1,0,0
EMP-0889,Engineering,Engineer,Redis,112,8,6,2,2,36,16,2,0,0,0
EMP-0890,Finance,Tech Lead,MySQL,83,3,3,0,0,29,2,6,0,0,0
EMP-0891,Operations,Engineer,MongoDB,148,3,2,1,0,61,32,9,1,0,0
EMP-0892,HR,Developer,MariaDB,22,7,6,1,0,12,17,8,1,0,0
EMP-0893,Finance,Developer,MongoDB,6,15,10,5,1,24,33,3,0,0,0
EMP-0894,Security,Analyst,SQL Server,142,1,1,0,2,23,28,2,0,7.83,0
EMP-0895,Infrastructure,Junior Developer,Oracle,16,1,1,0,0,87,14,3,0,0,0
EMP-0896,QA,Engineer,CockroachDB,15,6,4,2,2,52,27,6,1,0,0
EMP-0897,QA,Manager,SQL Server,-26,4,2,2,6,17,39,5,0,100,1
EMP-0898,Data Science,Senior Developer,MongoDB,12,0,0,0,0,12,38,5,1,0,0
EMP-0899,Data Science,Engineer,MySQL,-26,5,5,0,8,26,39,7,0,100,1
EMP-0900,QA,Manager,MySQL,-24,9,8,1,10,16,26,3,0,100,1
EMP-0901,Finance,Developer,Redis,144,7,6,1,0,57,13,2,0,0,0
EMP-0902,Security,Intern,CockroachDB,9,15,13,2,1,84,12,6,1,0,0
EMP-0903,Engineering,Analyst,SQL Server,110,2,1,1,1,18,11,7,0,0,0
EMP-0904,Operations,Developer,Redis,79,13,8,5,1,12,8,3,1,0,0
EMP-0905,QA,Intern,MongoDB,81,2,2,0,2,156,22,5,1,0,0
EMP-0906,Security,Developer,MongoDB,82,3,3,0,1,64,36,7,1,0,0
EMP-0907,Security,Manager,MongoDB,67,10,10,0,0,15,4,6,1,0,0
EMP-0908,Data Science,Manager,MariaDB,8,0,0,0,2,6,7,6,1,0,0
EMP-0909,Operations,Senior Developer,SQL Server,-27,13,9,4,9,31,29,8,1,100,1
EMP-0910,Engineering,Tech Lead,MariaDB,4,6,4,2,3,10,38,2,0,15.67,0
EMP-0911,Infrastructure,Manager,MongoDB,77,7,5,2,1,36,20,3,1,0,0
EMP-0912,QA,Intern,Oracle,-18,2,2,0,5,93,13,7,0,93.5,1
EMP-0913,Infrastructure,Developer,MySQL,-32,4,3,1,9,65,2,6,1,100,1
EMP-0914,QA,Developer,CockroachDB,-7,0,0,0,9,26,4,7,0,94.33,1
EMP-0915,Operations,Senior Developer,PostgreSQL,131,1,1,0,0,28,27,3,1,0,0
EMP-0916,Engineering,Senior Developer,Redis,91,4,4,0,2,5,37,2,0,0,1
EMP-0917,Finance,Manager,MySQL,75,12,8,4,0,8,20,8,0,0,0
EMP-0918,Operations,Tech Lead,Redis,148,13,12,1,0,31,36,3,0,0,0
EMP-0919,Finance,Developer,PostgreSQL,41,14,14,0,1,12,9,9,1,0,0
EMP-0920,Engineering,Manager,CockroachDB,-38,0,0,0,3,28,8,3,1,100,1
EMP-0921,Data Science,Senior Developer,Oracle,19,8,5,3,2,34,1,9,0,0,0
EMP-0922,QA,Junior Developer,PostgreSQL,50,3,2,1,2,36,3,8,0,0,0
EMP-0923,Security,Senior Developer,MariaDB,138,11,7,4,0,20,40,10,0,0,0
EMP-0924,Finance,Tech Lead,Redis,42,4,3,1,0,29,3,6,1,0,0
EMP-0925,Data Science,Engineer,MariaDB,33,2,1,1,2,52,17,6,0,8.67,0
EMP-0926,QA,Junior Developer,MongoDB,68,8,5,3,0,104,40,7,0,0,0
EMP-0927,HR,Manager,MySQL,144,7,7,0,2,16,14,8,1,0,0
EMP-0928,Operations,Senior Developer,MariaDB,-33,1,1,0,9,8,27,7,0,100,1
EMP-0929,Engineering,Developer,PostgreSQL,53,15,9,6,1,54,9,6,1,0,0
EMP-0930,Data Science,Engineer,Redis,72,11,10,1,1,12,31,8,0,0,0
EMP-0931,Finance,Intern,Redis,76,6,4,2,0,128,21,9,1,0,0
EMP-0932,Data Science,Intern,CockroachDB,9,3,3,0,1,106,10,7,1,0,0
EMP-0933,Finance,Tech Lead,PostgreSQL,77,8,7,1,0,11,25,5,0,0,0
EMP-0934,Engineering,Developer,Oracle,-31,9,7,2,6,60,33,2,1,100,1
EMP-0935,HR,Manager,CockroachDB,-13,9,6,3,9,27,18,10,1,69.5,1
EMP-0936,Data Science,Analyst,MariaDB,34,0,0,0,2,49,18,6,1,0,0
EMP-0937,Operations,Developer,Oracle,37,5,3,2,2,56,31,2,1,0,0
EMP-0938,QA,Senior Developer,SQL Server,-6,3,2,1,10,21,27,9,1,62.5,1
EMP-0939,Security,Tech Lead,PostgreSQL,-16,4,4,0,3,22,4,6,0,41.67,0
EMP-0940,Operations,Engineer,MongoDB,117,9,6,3,2,20,40,3,0,0,0
EMP-0941,QA,Developer,SQL Server,-18,12,10,2,9,19,8,9,1,48.17,0
EMP-0942,Engineering,Junior Developer,Redis,62,5,5,0,1,115,38,3,1,0,0
EMP-0943,Data Science,Engineer,CockroachDB,54,10,6,4,0,59,16,6,1,0,0
EMP-0944,Data Science,Developer,Redis,112,2,2,0,1,72,15,9,0,0,0
EMP-0945,Engineering,Junior Developer,SQL Server,30,11,10,1,1,55,40,7,1,0,0
EMP-0946,Finance,Engineer,MongoDB,94,5,5,0,1,54,38,4,1,0,0
EMP-0947,QA,Intern,PostgreSQL,-25,1,1,0,5,34,5,6,0,100,1
EMP-0948,Security,Tech Lead,Redis,-1,3,3,0,8,28,23,6,1,15.67,0
EMP-0949,Finance,Senior Developer,SQL Server,-34,7,7,0,11,8,34,2,1,100,0
EMP-0950,Engineering,Engineer,PostgreSQL,135,12,8,4,1,39,5,6,1,0,0
EMP-0951,Data Science,Intern,MongoDB,11,9,7,2,2,136,38,3,1,0,0
EMP-0952,Data Science,Junior Developer,MongoDB,103,0,0,0,0,59,1,5,0,0,0
EMP-0953,Finance,Tech Lead,MariaDB,-39,15,10,5,11,15,3,6,0,100,1
EMP-0954,HR,Junior Developer,MySQL,9,12,9,3,2,125,27,7,1,0,0
EMP-0955,Infrastructure,Junior Developer,Oracle,-18,7,4,3,12,68,3,10,1,100,1
EMP-0956,Engineering,Developer,MongoDB,125,4,4,0,2,36,12,6,0,0,0
EMP-0957,Engineering,Developer,MongoDB,99,1,1,0,0,48,35,3,1,0,0
EMP-0958,HR,Tech Lead,MySQL,132,2,1,1,0,15,35,9,1,0,0
EMP-0959,Operations,Tech Lead,PostgreSQL,-15,7,4,3,8,3,27,10,1,79.5,1
EMP-0960,Operations,Tech Lead,MariaDB,-10,9,8,1,3,9,9,8,1,0,0
EMP-0961,QA,Intern,Redis,14,1,1,0,1,147,22,6,1,0,0
EMP-0962,Data Science,Senior Developer,MariaDB,85,10,7,3,0,36,35,3,1,0,0
EMP-0963,Engineering,Manager,SQL Server,-7,4,3,1,10,1,27,2,1,83.17,1
EMP-0964,QA,Engineer,Redis,134,11,6,5,1,24,10,4,0,10.0,0
EMP-0965,Engineering,Manager,SQL Server,99,10,5,5,2,30,33,9,1,0,0
EMP-0966,Infrastructure,Analyst,Redis,121,3,3,0,2,56,10,5,0,0,0
EMP-0967,Security,Manager,MySQL,60,6,4,2,2,13,38,4,0,0,0
EMP-0968,QA,Engineer,PostgreSQL,98,5,3,2,0,67,11,8,0,0,0
EMP-0969,Engineering,Engineer,PostgreSQL,-14,15,9,6,5,17,2,6,0,84.83,1
EMP-0970,Engineering,Tech Lead,SQL Server,10,1,1,0,2,17,22,9,1,0,0
EMP-0971,Finance,Manager,CockroachDB,51,14,7,7,2,20,27,4,1,10.33,0
EMP-0972,HR,Junior Developer,MySQL,29,3,2,1,2,108,15,3,0,22.0,0
EMP-0973,Data Science,Analyst,SQL Server,107,1,1,0,2,18,2,9,1,0,0
EMP-0974,Engineering,Analyst,MariaDB,139,12,7,5,2,35,28,8,1,0,0
EMP-0975,Finance,Manager,Redis,51,14,8,6,1,31,10,8,0,0,0
EMP-0976,HR,Tech Lead,MySQL,-36,4,3,1,5,9,26,9,1,100,1
EMP-0977,Data Science,Tech Lead,MongoDB,53,2,2,0,1,26,13,9,0,0,0
EMP-0978,Data Science,Junior Developer,MongoDB,28,3,2,1,1,96,13,9,0,0,0
EMP-0979,HR,Manager,Oracle,-21,13,13,0,6,14,27,10,0,2.33,0
EMP-0980,Finance,Engineer,SQL Server,24,5,5,0,0,30,21,5,1,0,0
EMP-0981,Security,Analyst,PostgreSQL,115,1,1,0,1,63,3,3,0,0.5,0
EMP-0982,QA,Engineer,PostgreSQL,140,13,13,0,2,18,18,8,0,0,0
EMP-0983,HR,Senior Developer,SQL Server,122,15,10,5,2,12,33,9,1,0,0
EMP-0984,Security,Developer,SQL Server,49,3,2,1,0,48,28,9,1,0,0
EMP-0985,HR,Intern,Oracle,-1,1,1,0,6,66,32,5,1,22.0,0
EMP-0986,Infrastructure,Tech Lead,PostgreSQL,41,11,7,4,0,14,14,8,0,0,0
EMP-0987,Infrastructure,Senior Developer,MariaDB,-40,5,4,1,3,18,20,5,0,100,1
EMP-0988,Data Science,Senior Developer,MySQL,123,13,8,5,2,10,39,5,1,0,0
EMP-0989,QA,Senior Developer,Redis,105,9,7,2,1,25,33,3,1,0,0
EMP-0990,HR,Intern,MariaDB,97,7,6,1,0,121,29,8,1,0,0
EMP-0991,HR,Engineer,Oracle,52,4,2,2,1,71,9,5,1,0,0
EMP-0992,Engineering,Intern,Oracle,96,6,5,1,0,135,13,8,1,0,0
EMP-0993,Data Science,Senior Developer,MariaDB,-20,10,7,3,11,9,39,3,0,100,1
EMP-0994,QA,Junior Developer,MongoDB,107,15,12,3,0,127,29,8,0,0,0
EMP-0995,Finance,Developer,PostgreSQL,35,13,9,4,2,21,10,5,1,0,0
EMP-0996,HR,Tech Lead,PostgreSQL,50,2,2,0,0,14,31,10,1,0,0
EMP-0997,Finance,Senior Developer,MariaDB,-5,4,4,0,5,2,11,5,0,18.33,0
EMP-0998,Data Science,Developer,PostgreSQL,141,4,2,2,2,41,11,4,1,0,0
EMP-0999,Data Science,Engineer,SQL Server,81,11,6,5,0,19,3,7,1,0,0
EMP-1000,HR,Developer,MongoDB,129,14,14,0,0,72,22,3,1,0,0
EMP-1001,Data Science,Senior Developer,Redis,8,14,10,4,1,27,6,5,0,0,0
EMP-1002,QA,Tech Lead,MongoDB,129,8,6,2,1,15,2,4,0,0,0
EMP-1003,QA,Tech Lead,Oracle,38,6,4,2,1,24,31,2,1,0,0
EMP-1004,Infrastructure,Developer,MySQL,67,0,0,0,1,15,28,3,1,0,0
EMP-1005,Engineering,Tech Lead,MySQL,35,2,1,1,0,5,34,2,1,0,0
EMP-1006,Infrastructure,Manager,MariaDB,29,6,5,1,2,10,39,4,1,0,0
EMP-1007,Security,Analyst,PostgreSQL,-16,2,1,1,11,17,15,7,1,100,1
EMP-1008,Operations,Analyst,MariaDB,89,15,9,6,0,30,23,10,1,0,0
EMP-1009,Infrastructure,Tech Lead,MySQL,100,12,9,3,2,14,7,8,0,0,0
EMP-1010,Data Science,Manager,Redis,100,11,10,1,1,13,15,5,1,0,0
EMP-1011,Infrastructure,Tech Lead,MariaDB,16,1,1,0,1,23,36,6,0,0,0
EMP-1012,Security,Tech Lead,PostgreSQL,2,13,11,2,5,2,29,8,1,0,0
EMP-1013,Engineering,Junior Developer,Oracle,25,9,7,2,0,105,30,6,0,0,0
EMP-1014,Engineering,Senior Developer,MySQL,1,9,8,1,5,24,40,4,1,0,0
EMP-1015,Security,Intern,MySQL,-28,7,4,3,6,120,40,8,0,100,1
EMP-1016,Engineering,Manager,MariaDB,59,10,9,1,1,32,11,10,1,0,0
EMP-1017,Operations,Analyst,SQL Server,-2,2,2,0,5,36,5,7,0,20.0,0
EMP-1018,Data Science,Manager,MariaDB,-11,8,6,2,7,22,22,10,1,28.67,0
EMP-1019,Infrastructure,Senior Developer,SQL Server,121,12,9,3,0,34,20,8,1,0,0
EMP-1020,Infrastructure,Developer,Redis,16,2,1,1,2,54,5,9,0,0,0
EMP-1021,QA,Analyst,MySQL,40,9,6,3,2,43,5,9,0,0,0
EMP-1022,Engineering,Analyst,MySQL,22,14,8,6,2,30,5,2,0,25.0,0
EMP-1023,QA,Tech Lead,SQL Server,86,3,3,0,2,12,28,3,1,0,0
EMP-1024,QA,Manager,SQL Server,15,4,2,2,1,35,13,8,0,0,0
EMP-1025,Engineering,Junior Developer,PostgreSQL,86,10,6,4,2,62,39,7,1,0,0
EMP-1026,Engineering,Engineer,Redis,91,7,4,3,2,43,8,5,0,11.17,0
EMP-1027,Operations,Manager,MongoDB,129,12,9,3,2,19,23,10,0,0,0
EMP-1028,Infrastructure,Junior Developer,PostgreSQL,103,0,0,0,0,106,34,6,1,0,0
EMP-1029,Finance,Tech Lead,Oracle,118,8,6,2,1,12,31,5,1,0,0
EMP-1030,Finance,Analyst,Redis,76,2,1,1,0,46,5,8,0,0,0
EMP-1031,Finance,Analyst,Redis,134,12,7,5,1,29,18,2,1,0,0
EMP-1032,Finance,Tech Lead,MongoDB,56,7,4,3,1,20,15,3,1,0,0
EMP-1033,Data Science,Senior Developer,MySQL,5,5,4,1,2,2,33,3,0,0,0
EMP-1034,Data Science,Junior Developer,MySQL,-40,9,9,0,10,56,22,6,0,100,1
EMP-1035,Data Science,Tech Lead,Redis,134,4,2,2,0,12,21,7,0,0,0
EMP-1036,HR,Manager,CockroachDB,5,2,2,0,5,28,23,3,0,26.67,0
EMP-1037,Data Science,Analyst,PostgreSQL,-14,13,13,0,5,69,26,3,1,0,0
EMP-1038,Security,Senior Developer,MariaDB,92,13,7,6,1,36,39,5,1,0,0
EMP-1039,Operations,Developer,MariaDB,3,8,5,3,4,51,21,7,1,0,0
EMP-1040,Data Science,Intern,CockroachDB,80,14,14,0,0,95,7,6,1,0,0
EMP-1041,Finance,Senior Developer,Oracle,-40,6,4,2,3,3,1,5,1,100,1
EMP-1042,Data Science,Senior Developer,MySQL,-32,13,12,1,3,9,19,3,1,38.5,0
EMP-1043,Operations,Tech Lead,Redis,-23,11,7,4,4,10,5,9,0,89.67,1
EMP-1044,HR,Manager,MySQL,118,0,0,0,2,18,40,7,1,0,0
EMP-1045,QA,Intern,Redis,62,5,5,0,1,125,33,10,1,0,0
EMP-1046,Security,Senior Developer,SQL Server,87,8,6,2,1,14,6,4,0,0,0
EMP-1047,QA,Analyst,Redis,27,1,1,0,0,21,1,6,0,0,0
EMP-1048,Finance,Manager,MariaDB,101,9,9,0,1,11,3,4,0,0,0
EMP-1049,Engineering,Junior Developer,MariaDB,103,0,0,0,1,46,28,6,1,0,0
EMP-1050,Infrastructure,Intern,SQL Server,78,6,3,3,2,45,7,3,0,27.5,0
EMP-1051,Finance,Analyst,Oracle,-35,4,4,0,9,71,36,2,1,100,1
EMP-1052,Infrastructure,Engineer,PostgreSQL,124,13,10,3,1,64,37,8,1,0,0
EMP-1053,Operations,Intern,SQL Server,35,0,0,0,2,124,37,9,1,0,0
EMP-1054,Data Science,Analyst,MySQL,145,7,6,1,1,38,15,3,0,0,0
EMP-1055,Data Science,Engineer,MySQL,-23,6,6,0,5,44,8,5,1,56.33,0
EMP-1056,HR,Tech Lead,Redis,99,13,13,0,2,23,38,4,0,0,0
EMP-1057,Data Science,Intern,PostgreSQL,18,11,6,5,2,118,19,5,1,6.67,0
EMP-1058,Operations,Junior Developer,Redis,102,9,5,4,0,140,24,6,1,0,0
EMP-1059,Engineering,Junior Developer,PostgreSQL,41,3,3,0,2,133,5,4,1,0,0
EMP-1060,Finance,Engineer,PostgreSQL,116,2,1,1,2,68,26,7,1,0,0
EMP-1061,Data Science,Engineer,SQL Server,-22,1,1,0,6,46,38,2,0,100,1
EMP-1062,Engineering,Junior Developer,SQL Server,28,5,5,0,1,66,23,3,0,0,0
EMP-1063,QA,Analyst,Oracle,-35,5,5,0,10,34,30,2,0,100,1
EMP-1064,Data Science,Manager,PostgreSQL,147,7,7,0,0,28,2,6,0,0,0
EMP-1065,Infrastructure,Engineer,Redis,46,11,6,5,1,33,30,6,1,0,0
EMP-1066,QA,Senior Developer,MySQL,76,15,10,5,1,25,6,5,1,0,0
EMP-1067,Finance,Analyst,MySQL,41,14,8,6,2,42,33,3,1,0,0
EMP-1068,Operations,Analyst,SQL Server,90,10,10,0,2,51,33,8,1,0,0
EMP-1069,Data Science,Intern,CockroachDB,48,10,7,3,0,36,22,9,1,0,0
EMP-1070,QA,Engineer,PostgreSQL,128,3,2,1,2,27,34,5,0,0.5,0
EMP-1071,Finance,Engineer,MongoDB,44,0,0,0,0,31,16,5,0,0,0
EMP-1072,Operations,Senior Developer,MySQL,5,9,6,3,2,17,35,10,0,0,0
EMP-1073,Finance,Tech Lead,PostgreSQL,32,0,0,0,2,28,26,4,0,8.67,0
EMP-1074,Finance,Analyst,MariaDB,43,3,2,1,1,25,29,5,1,0,0
EMP-1075,QA,Manager,Oracle,141,11,9,2,1,36,27,5,0,0,0
EMP-1076,HR,Junior Developer,SQL Server,128,12,9,3,0,34,4,9,1,0,0
EMP-1077,Security,Intern,MongoDB,115,13,8,5,1,125,34,10,1,0,0
EMP-1078,Engineering,Engineer,CockroachDB,67,10,10,0,0,19,38,10,1,0,0
EMP-1079,Operations,Junior Developer,SQL Server,114,5,3,2,2,34,27,3,1,0,0
EMP-1080,Infrastructure,Junior Developer,CockroachDB,59,0,0,0,1,120,11,10,0,0,0
EMP-1081,QA,Senior Developer,Oracle,150,1,1,0,0,14,31,2,0,0,0
EMP-1082,QA,Analyst,Redis,102,4,3,1,2,47,32,7,1,0,0
EMP-1083,Engineering,Senior Developer,MongoDB,63,15,11,4,1,4,26,3,1,0,0
EMP-1084,Security,Manager,CockroachDB,123,2,2,0,0,22,6,4,1,0,0
EMP-1085,Finance,Engineer,SQL Server,13,11,7,4,0,22,14,7,1,0,0
EMP-1086,HR,Senior Developer,MongoDB,26,0,0,0,1,31,9,5,1,0,0
EMP-1087,Security,Analyst,Oracle,53,7,7,0,2,52,8,7,1,0,0
EMP-1088,Security,Senior Developer,Redis,70,13,12,1,2,35,1,8,1,0,0
EMP-1089,Finance,Tech Lead,MariaDB,-27,8,4,4,7,15,12,2,1,100,1
EMP-1090,Operations,Junior Developer,PostgreSQL,-31,6,5,1,4,132,26,4,1,100,1
EMP-1091,Security,Tech Lead,SQL Server,143,12,9,3,0,14,9,9,1,0,0
EMP-1092,Security,Tech Lead,Oracle,-21,13,8,5,5,1,35,10,0,90.17,1
EMP-1093,Finance,Engineer,MySQL,32,0,0,0,2,50,5,5,1,0,0
EMP-1094,Infrastructure,Analyst,CockroachDB,15,9,8,1,0,45,14,2,1,0,0
EMP-1095,Engineering,Intern,SQL Server,100,13,10,3,1,143,3,10,0,0,0
EMP-1096,Security,Tech Lead,Redis,105,2,1,1,0,34,1,5,1,0,0
EMP-1097,QA,Analyst,Oracle,-9,11,8,3,11,33,15,3,1,86.5,1
EMP-1098,Finance,Tech Lead,MongoDB,101,9,9,0,1,9,23,8,1,0,1
EMP-1099,HR,Junior Developer,MySQL,-30,10,6,4,3,74,17,5,0,100,1
EMP-1100,Finance,Engineer,MongoDB,74,7,4,3,2,59,21,3,0,21.83,0
EMP-1101,Engineering,Intern,MySQL,36,0,0,0,1,77,7,6,0,0,0
EMP-1102,Finance,Analyst,MongoDB,121,2,2,0,1,14,29,4,1,0,0
EMP-1103,HR,Engineer,MySQL,146,3,2,1,1,30,19,2,0,3.0,0
EMP-1104,Finance,Senior Developer,CockroachDB,126,11,9,2,0,11,24,7,0,0,0
EMP-1105,Security,Analyst,PostgreSQL,107,2,2,0,0,24,33,4,1,0,0
EMP-1106,Operations,Manager,PostgreSQL,-32,3,3,0,3,11,25,2,1,100,1
EMP-1107,Security,Manager,MariaDB,45,9,5,4,1,36,2,4,1,0,0
EMP-1108,Infrastructure,Engineer,MySQL,-28,12,12,0,12,13,17,5,0,100,1
EMP-1109,Infrastructure,Manager,MongoDB,74,4,2,2,0,29,5,4,0,0,0
EMP-1110,Infrastructure,Intern,MySQL,34,10,6,4,0,49,32,7,0,0,0
EMP-1111,HR,Manager,MariaDB,-1,7,4,3,8,29,1,8,0,60.83,1
EMP-1112,Engineering,Junior Developer,Oracle,95,9,7,2,1,121,13,5,1,0,0
EMP-1113,QA,Analyst,SQL Server,123,5,5,0,0,31,19,5,1,0,0
EMP-1114,Finance,Intern,PostgreSQL,-27,2,2,0,7,39,23,2,1,100,1
EMP-1115,Infrastructure,Tech Lead,MariaDB,150,6,6,0,2,16,27,8,1,0,0
EMP-1116,QA,Analyst,MySQL,-11,14,11,3,7,18,4,6,1,16.0,0
EMP-1117,Security,Intern,PostgreSQL,16,13,12,1,2,75,24,3,1,0,0
EMP-1118,Infrastructure,Tech Lead,SQL Server,-14,1,1,0,8,30,19,2,0,100,1
EMP-1119,Data Science,Senior Developer,Oracle,106,8,5,3,0,19,17,3,1,0,0
EMP-1120,Data Science,Intern,MariaDB,136,15,8,7,0,83,39,10,1,0,0
EMP-1121,HR,Senior Developer,CockroachDB,-11,6,4,2,9,22,35,2,1,96.67,1
EMP-1122,Operations,Junior Developer,Redis,49,11,9,2,1,157,18,8,1,0,0
EMP-1123,QA,Developer,SQL Server,24,15,8,7,0,50,2,8,0,0,0
EMP-1124,Security,Engineer,MySQL,76,14,8,6,1,20,8,9,1,0,0
EMP-1125,Operations,Tech Lead,MySQL,137,0,0,0,0,24,30,6,0,0,0
EMP-1126,Engineering,Intern,MongoDB,25,11,11,0,0,116,5,2,1,0,0
EMP-1127,QA,Senior Developer,CockroachDB,134,13,12,1,0,21,16,2,0,0,0
EMP-1128,Data Science,Engineer,MySQL,82,9,7,2,1,35,35,4,0,0,0
EMP-1129,HR,Intern,CockroachDB,40,13,9,4,0,67,34,5,1,0,0
EMP-1130,Data Science,Developer,CockroachDB,-6,11,11,0,4,49,11,9,1,0,0
EMP-1131,QA,Developer,MySQL,129,15,12,3,1,61,20,7,0,0,0
EMP-1132,Finance,Intern,CockroachDB,-20,1,1,0,6,79,40,10,1,80.17,1
EMP-1133,Finance,Developer,PostgreSQL,92,7,4,3,2,21,11,7,1,0,0
EMP-1134,HR,Tech Lead,CockroachDB,67,15,15,0,0,9,37,4,0,0,0
EMP-1135,HR,Manager,MySQL,27,12,10,2,1,11,40,4,1,0,0
EMP-1136,Security,Intern,MongoDB,125,0,0,0,2,78,22,6,1,0,0
EMP-1137,Security,Senior Developer,MariaDB,125,2,1,1,0,18,5,2,1,0,0
EMP-1138,Data Science,Tech Lead,PostgreSQL,-27,0,0,0,8,1,12,2,0,100,1
EMP-1139,Security,Manager,Oracle,-24,14,12,2,9,21,7,4,1,76.5,1
EMP-1140,HR,Junior Developer,Oracle,-37,15,8,7,7,82,1,5,1,100,1
EMP-1141,HR,Intern,MySQL,101,2,1,1,0,162,25,3,1,0,0
EMP-1142,Data Science,Junior Developer,MariaDB,105,15,9,6,0,50,2,3,1,0,0
EMP-1143,Security,Junior Developer,MariaDB,77,3,3,0,2,43,24,3,1,0,0
EMP-1144,QA,Manager,Oracle,40,4,4,0,0,4,37,7,1,0,0
EMP-1145,Infrastructure,Junior Developer,Redis,75,2,1,1,0,31,15,8,1,0,0
EMP-1146,Engineering,Senior Developer,MariaDB,117,12,12,0,0,32,38,7,1,0,0
EMP-1147,Finance,Developer,CockroachDB,88,12,7,5,0,71,31,5,1,0,0
EMP-1148,Infrastructure,Intern,SQL Server,72,2,2,0,1,51,33,6,0,0,0
EMP-1149,Data Science,Analyst,CockroachDB,32,6,5,1,2,35,14,3,1,0,0
EMP-1150,Infrastructure,Intern,Redis,28,14,12,2,0,141,39,10,1,0,0
EMP-1151,Finance,Intern,Oracle,-5,8,6,2,3,82,31,6,0,15.67,0
EMP-1152,Security,Manager,Redis,52,13,10,3,1,12,6,2,0,0,0
EMP-1153,Infrastructure,Senior Developer,Redis,10,0,0,0,2,26,9,8,0,0,1
EMP-1154,Data Science,Tech Lead,Oracle,119,6,4,2,2,17,2,7,1,0,0
EMP-1155,Infrastructure,Junior Developer,SQL Server,118,12,12,0,2,168,18,5,0,0,0
EMP-1156,Operations,Senior Developer,SQL Server,93,9,8,1,1,3,2,5,1,0,0
EMP-1157,Infrastructure,Engineer,MariaDB,141,6,4,2,0,36,20,2,1,0,0
EMP-1158,Security,Engineer,CockroachDB,-40,9,9,0,12,50,2,4,1,100,1
EMP-1159,Infrastructure,Intern,CockroachDB,71,9,8,1,2,74,30,2,1,0,0
EMP-1160,Data Science,Junior Developer,PostgreSQL,74,3,2,1,2,116,1,6,0,11.33,0
EMP-1161,Engineering,Tech Lead,MySQL,12,13,7,6,0,36,33,9,0,0,0
EMP-1162,Operations,Tech Lead,MySQL,52,1,1,0,0,23,13,7,0,0,0
EMP-1163,Engineering,Engineer,Redis,-33,5,3,2,9,58,29,4,0,100,1
EMP-1164,Engineering,Developer,MongoDB,62,15,14,1,2,53,8,4,1,0,0
EMP-1165,Security,Engineer,Redis,72,6,6,0,0,26,40,2,1,0,0
EMP-1166,QA,Senior Developer,CockroachDB,-23,0,0,0,12,17,38,2,0,100,1
EMP-1167,Operations,Engineer,Redis,4,9,9,0,5,57,7,4,0,0,0
EMP-1168,Engineering,Tech Lead,CockroachDB,123,4,4,0,2,10,11,10,0,0,0
EMP-1169,Infrastructure,Junior Developer,Redis,-40,4,4,0,12,134,30,4,1,100,1
EMP-1170,Data Science,Engineer,CockroachDB,7,2,2,0,1,54,26,9,0,0,0
EMP-1171,Finance,Tech Lead,CockroachDB,-3,8,5,3,6,30,19,3,0,61.0,1
EMP-1172,Operations,Intern,MariaDB,21,8,5,3,0,57,38,8,1,0,0
EMP-1173,Operations,Manager,PostgreSQL,146,13,7,6,0,5,11,6,1,0,0
EMP-1174,HR,Junior Developer,MySQL,92,5,3,2,0,65,25,3,1,0,0
EMP-1175,Data Science,Tech Lead,SQL Server,-13,12,9,3,12,32,36,4,1,100,1
EMP-1176,Engineering,Senior Developer,MySQL,-28,6,5,1,4,20,34,8,0,95.33,1
EMP-1177,Finance,Intern,MongoDB,17,1,1,0,1,46,7,3,1,0,0
EMP-1178,Security,Developer,MariaDB,80,15,11,4,0,57,34,2,1,0,0
EMP-1179,Infrastructure,Senior Developer,MariaDB,-17,4,2,2,4,7,6,9,1,56.17,0
EMP-1180,Infrastructure,Intern,MariaDB,119,11,10,1,2,118,8,6,0,0,0
EMP-1181,Operations,Engineer,Redis,109,3,2,1,1,50,8,3,1,0,0
EMP-1182,Finance,Manager,MongoDB,-1,11,6,5,4,32,11,4,1,20.33,0
EMP-1183,Operations,Senior Developer,MariaDB,-37,7,6,1,7,2,34,3,1,100,1
EMP-1184,Security,Senior Developer,MongoDB,37,3,3,0,0,15,18,10,1,0,0
EMP-1185,HR,Tech Lead,Redis,69,2,2,0,2,8,37,5,1,0,0
EMP-1186,Finance,Manager,SQL Server,103,9,8,1,2,34,12,10,1,0,0
EMP-1187,Data Science,Intern,MariaDB,7,0,0,0,3,99,13,5,0,26.5,0
EMP-1188,QA,Developer,MySQL,8,2,2,0,1,54,14,4,0,0,0
EMP-1189,QA,Intern,MySQL,1,6,4,2,5,106,22,6,0,35.67,0
EMP-1190,Data Science,Junior Developer,SQL Server,97,14,13,1,0,65,14,2,1,0,0
EMP-1191,Operations,Manager,CockroachDB,131,10,7,3,1,8,23,5,1,0,0
EMP-1192,Data Science,Developer,MySQL,66,12,8,4,2,48,7,9,0,0,0
EMP-1193,HR,Intern,MySQL,39,11,11,0,2,114,2,8,0,0,0
EMP-1194,Engineering,Engineer,CockroachDB,102,15,10,5,2,29,25,2,1,0,1
EMP-1195,Data Science,Tech Lead,Oracle,91,8,8,0,0,18,1,8,0,0,0
EMP-1196,Operations,Senior Developer,MySQL,67,15,15,0,1,12,13,10,0,0,0
EMP-1197,Security,Junior Developer,MySQL,-35,10,5,5,3,71,30,9,1,100,1
EMP-1198,Engineering,Intern,PostgreSQL,42,9,8,1,0,71,36,7,1,0,0
EMP-1199,Data Science,Tech Lead,CockroachDB,102,14,10,4,1,24,6,8,0,0,0
EMP-1200,Security,Intern,Redis,129,14,13,1,0,69,2,9,0,0,0
EMP-1201,Finance,Senior Developer,Oracle,90,7,4,3,1,24,17,7,0,0,0
EMP-1202,Finance,Tech Lead,SQL Server,137,2,2,0,1,17,5,10,1,0,0
EMP-1203,QA,Engineer,MySQL,25,8,6,2,2,35,24,4,1,0,0
EMP-1204,Engineering,Senior Developer,Oracle,104,7,5,2,0,11,36,2,0,0,0
EMP-1205,QA,Senior Developer,Oracle,-34,15,9,6,8,24,12,2,1,100,1
EMP-1206,Operations,Analyst,MySQL,148,5,4,1,1,52,5,9,1,0,0
EMP-1207,HR,Analyst,MariaDB,-4,7,4,3,4,16,8,10,1,0,0
EMP-1208,Finance,Junior Developer,Redis,93,15,11,4,2,40,7,10,1,0,0
EMP-1209,Operations,Developer,MariaDB,3,1,1,0,3,45,36,4,0,13.5,0
EMP-1210,Data Science,Junior Developer,MySQL,141,15,9,6,1,33,18,2,0,7.5,0
EMP-1211,QA,Manager,SQL Server,-1,11,10,1,12,11,7,2,1,24.83,0
EMP-1212,Infrastructure,Manager,CockroachDB,38,1,1,0,1,7,12,2,1,0,0
EMP-1213,Operations,Manager,PostgreSQL,-24,10,9,1,12,14,39,8,1,100,1
EMP-1214,Operations,Engineer,SQL Server,-15,12,6,6,3,20,16,8,1,60.33,1
EMP-1215,Engineering,Senior Developer,CockroachDB,114,8,8,0,0,16,2,3,1,0,0
EMP-1216,Infrastructure,Senior Developer,Oracle,131,15,10,5,2,16,22,4,0,0,0
EMP-1217,Engineering,Tech Lead,Redis,113,5,4,1,1,8,19,4,1,0,0
EMP-1218,Engineering,Senior Developer,MongoDB,-3,6,3,3,7,9,7,2,0,87.5,1
EMP-1219,HR,Analyst,Oracle,40,3,3,0,2,41,36,7,1,0,0
EMP-1220,Finance,Junior Developer,MySQL,7,11,8,3,2,24,40,8,0,0,0
EMP-1221,Security,Junior Developer,MySQL,-5,4,3,1,8,103,39,6,1,56.17,0
EMP-1222,Operations,Engineer,MongoDB,40,12,7,5,2,44,18,5,1,0,0
EMP-1223,Infrastructure,Developer,MariaDB,128,6,4,2,2,44,35,10,1,0,0
EMP-1224,Infrastructure,Analyst,MongoDB,90,13,13,0,2,46,4,3,1,0,0
EMP-1225,Infrastructure,Analyst,Oracle,-9,9,8,1,11,26,22,10,0,58.33,0
EMP-1226,QA,Manager,MySQL,-11,7,6,1,10,7,9,8,0,77.17,1
EMP-1227,HR,Engineer,MariaDB,27,11,8,3,2,69,30,9,0,0,0
EMP-1228,Operations,Junior Developer,Oracle,-9,12,11,1,11,150,38,2,1,62.0,1
EMP-1229,Security,Manager,MariaDB,85,13,7,6,1,27,5,8,1,0,0
EMP-1230,Infrastructure,Tech Lead,CockroachDB,8,15,10,5,2,14,3,4,1,0,0
EMP-1231,Engineering,Engineer,MariaDB,11,1,1,0,2,24,19,8,1,0,0
EMP-1232,Data Science,Developer,MongoDB,85,5,4,1,0,38,4,5,1,0,0
EMP-1233,Data Science,Manager,MySQL,-19,12,10,2,10,24,4,9,1,63.0,1
EMP-1234,Security,Analyst,PostgreSQL,107,4,4,0,2,55,33,6,1,0,0
EMP-1235,Finance,Intern,SQL Server,92,1,1,0,0,52,27,8,0,0,0
EMP-1236,HR,Analyst,MariaDB,128,11,8,3,0,41,37,2,1,0,0
EMP-1237,Finance,Engineer,CockroachDB,45,0,0,0,2,45,14,6,1,0,0
EMP-1238,Security,Engineer,SQL Server,40,5,3,2,2,68,23,6,1,0,0
EMP-1239,HR,Senior Developer,SQL Server,136,12,11,1,1,26,17,6,0,0,0
EMP-1240,Operations,Manager,MySQL,1,10,7,3,2,4,32,9,0,0,0
EMP-1241,Operations,Intern,MongoDB,20,10,8,2,2,89,17,6,1,0,0
EMP-1242,QA,Engineer,MySQL,69,5,5,0,0,62,27,4,1,0,0
EMP-1243,Security,Intern,CockroachDB,37,3,2,1,2,95,9,8,1,0,0
EMP-1244,QA,Developer,Redis,103,4,3,1,0,52,7,2,0,0,0
EMP-1245,Infrastructure,Junior Developer,CockroachDB,15,13,8,5,1,81,12,9,1,0,0
EMP-1246,Finance,Engineer,Oracle,82,9,7,2,0,36,14,10,1,0,0
EMP-1247,Engineering,Senior Developer,MariaDB,-25,15,14,1,4,36,8,6,1,0,0
EMP-1248,Security,Junior Developer,MariaDB,12,12,6,6,1,89,7,9,0,12.83,0
EMP-1249,QA,Junior Developer,Redis,-32,5,3,2,7,110,34,5,1,100,1
EMP-1250,HR,Engineer,SQL Server,54,0,0,0,1,24,11,6,1,0,0
EMP-1251,Operations,Junior Developer,SQL Server,-21,1,1,0,6,140,9,9,1,98.33,1
EMP-1252,Infrastructure,Engineer,PostgreSQL,16,8,4,4,1,12,2,4,1,0,0
EMP-1253,QA,Intern,Redis,59,13,11,2,2,159,17,5,1,0,0
EMP-1254,Security,Developer,SQL Server,27,2,1,1,0,16,36,2,0,0,0
EMP-1255,HR,Senior Developer,MongoDB,50,2,1,1,0,24,35,3,0,0,0
EMP-1256,Infrastructure,Intern,PostgreSQL,104,13,12,1,0,38,4,6,1,0,0
EMP-1257,Operations,Manager,MariaDB,145,14,7,7,0,2,16,4,1,0,0
EMP-1258,Finance,Intern,SQL Server,-39,10,10,0,7,144,12,8,0,100,1
EMP-1259,Infrastructure,Engineer,SQL Server,87,6,6,0,1,25,15,2,1,0,0
EMP-1260,Operations,Developer,PostgreSQL,2,2,2,0,4,39,29,4,1,0,0
EMP-1261,Security,Engineer,CockroachDB,63,10,6,4,1,61,14,10,1,0,0
EMP-1262,Data Science,Analyst,MySQL,-13,2,1,1,7,53,33,4,1,93.83,1
EMP-1263,Data Science,Manager,PostgreSQL,97,9,5,4,0,18,11,7,1,0,0
EMP-1264,Engineering,Tech Lead,MariaDB,11,8,5,3,1,24,14,4,1,0,0
EMP-1265,Data Science,Engineer,Redis,130,1,1,0,0,41,17,3,1,0,0
EMP-1266,Operations,Tech Lead,PostgreSQL,52,14,14,0,2,35,25,6,0,0,0
EMP-1267,QA,Junior Developer,CockroachDB,7,2,1,1,3,165,27,5,1,16.5,1
EMP-1268,Engineering,Engineer,SQL Server,-2,2,2,0,3,15,1,5,1,0,0
EMP-1269,Operations,Developer,MariaDB,63,15,8,7,2,29,10,7,0,16.83,0
EMP-1270,Finance,Analyst,PostgreSQL,89,6,3,3,0,23,23,10,0,0,0
EMP-1271,Security,Analyst,Redis,111,14,7,7,2,57,10,2,0,49.5,0
EMP-1272,Finance,Analyst,CockroachDB,135,5,3,2,2,30,31,2,1,0,0
EMP-1273,QA,Analyst,MySQL,24,12,6,6,0,64,36,8,1,0,0
EMP-1274,QA,Junior Developer,SQL Server,98,7,6,1,2,102,6,2,1,0,0
EMP-1275,Operations,Analyst,Redis,-40,13,8,5,9,31,17,9,1,100,1
EMP-1276,HR,Manager,CockroachDB,45,13,10,3,0,3,33,8,1,0,0
EMP-1277,Operations,Manager,Oracle,1,14,11,3,3,34,2,5,0,0,0
EMP-1278,Finance,Junior Developer,PostgreSQL,7,5,4,1,2,168,36,3,1,0,0
EMP-1279,HR,Analyst,SQL Server,64,9,8,1,0,69,20,3,1,0,0
EMP-1280,Operations,Analyst,MariaDB,-36,12,8,4,3,71,17,5,0,100,1
EMP-1281,HR,Developer,Redis,108,5,3,2,1,16,4,5,0,0,0
EMP-1282,Security,Analyst,Oracle,13,15,8,7,0,69,5,10,0,0,0
EMP-1283,HR,Manager,MySQL,89,1,1,0,1,35,2,5,1,0,0
EMP-1284,Security,Manager,Redis,76,1,1,0,1,10,18,9,0,0,0
EMP-1285,QA,Senior Developer,SQL Server,65,2,2,0,0,7,26,2,0,0,0
EMP-1286,Security,Analyst,MariaDB,95,10,10,0,2,62,8,8,1,0,0
EMP-1287,Finance,Analyst,CockroachDB,143,4,3,1,0,72,28,6,0,0,0
EMP-1288,Infrastructure,Junior Developer,Redis,135,8,5,3,0,95,29,7,1,0,0
EMP-1289,Infrastructure,Engineer,SQL Server,54,5,3,2,2,66,20,3,1,0,0
EMP-1290,Data Science,Developer,MariaDB,-7,9,9,0,7,31,9,3,1,0,0
EMP-1291,Security,Engineer,MongoDB,10,11,6,5,1,52,7,4,0,14.67,0
EMP-1292,Operations,Intern,MariaDB,145,13,10,3,0,132,12,7,0,0,0
EMP-1293,Finance,Manager,PostgreSQL,39,1,1,0,2,22,6,8,1,0,0
EMP-1294,Infrastructure,Tech Lead,PostgreSQL,19,0,0,0,1,36,8,4,0,0,0
EMP-1295,Finance,Manager,MySQL,-8,9,6,3,7,35,13,5,1,50.83,0
EMP-1296,Infrastructure,Intern,Oracle,44,15,15,0,2,121,18,4,1,0,0
EMP-1297,Infrastructure,Manager,SQL Server,5,12,11,1,3,23,2,2,0,0,0
EMP-1298,Data Science,Engineer,PostgreSQL,-35,1,1,0,5,59,8,7,1,100,1
EMP-1299,Data Science,Analyst,MariaDB,101,1,1,0,0,46,15,3,1,0,0
EMP-1300,Data Science,Intern,Redis,39,8,8,0,1,162,10,6,0,0,0
EMP-1301,Operations,Tech Lead,MariaDB,100,4,3,1,1,30,32,7,0,0,0
EMP-1302,Infrastructure,Analyst,SQL Server,105,11,11,0,2,27,5,7,0,0,0
EMP-1303,QA,Engineer,MySQL,101,8,8,0,2,13,29,9,0,0,0
EMP-1304,Engineering,Junior Developer,Oracle,142,12,7,5,2,161,16,10,1,0,0
EMP-1305,QA,Manager,SQL Server,-11,11,11,0,7,1,36,10,1,0,0
EMP-1306,QA,Analyst,MySQL,6,12,12,0,3,25,6,5,1,0,0
EMP-1307,Infrastructure,Intern,SQL Server,70,11,9,2,1,116,9,8,1,0,0
EMP-1308,Infrastructure,Analyst,CockroachDB,82,13,12,1,2,46,24,8,1,0,0
EMP-1309,Finance,Developer,Redis,97,8,4,4,0,55,21,8,0,0,0
EMP-1310,Data Science,Tech Lead,MariaDB,74,2,1,1,0,21,40,4,1,0,0
EMP-1311,Data Science,Junior Developer,MariaDB,73,15,11,4,0,94,35,9,1,0,0
EMP-1312,Data Science,Tech Lead,MySQL,-16,3,2,1,10,15,4,5,1,100,1
EMP-1313,Data Science,Junior Developer,CockroachDB,5,14,11,3,1,62,19,3,0,0,0
EMP-1314,Operations,Junior Developer,MongoDB,116,12,8,4,1,59,29,10,1,0,0
EMP-1315,Finance,Manager,MySQL,149,5,4,1,2,12,18,10,0,0,0
EMP-1316,Data Science,Manager,PostgreSQL,15,14,9,5,2,33,5,10,0,0,0
EMP-1317,Finance,Engineer,MySQL,-11,4,4,0,7,45,32,3,1,52.5,0
EMP-1318,Finance,Intern,MySQL,39,9,9,0,2,64,20,10,1,0,1
EMP-1319,Security,Tech Lead,MySQL,93,0,0,0,2,29,22,2,0,16.83,0
EMP-1320,Infrastructure,Senior Developer,PostgreSQL,1,13,9,4,4,14,23,4,1,0,0
EMP-1321,Engineering,Analyst,PostgreSQL,39,7,6,1,0,54,15,3,1,0,0
EMP-1322,Data Science,Manager,Oracle,148,4,2,2,1,4,23,10,0,0,0
EMP-1323,Finance,Junior Developer,Redis,-2,12,7,5,11,43,35,5,0,100,1
EMP-1324,Operations,Tech Lead,MongoDB,54,8,4,4,2,24,12,5,1,0,0
EMP-1325,Data Science,Analyst,PostgreSQL,-39,10,5,5,3,19,8,10,1,100,1
EMP-1326,Engineering,Engineer,PostgreSQL,113,0,0,0,2,19,7,3,1,0,0
EMP-1327,HR,Manager,PostgreSQL,87,3,2,1,0,3,29,3,0,0,0
EMP-1328,Infrastructure,Intern,CockroachDB,-15,12,9,3,12,127,31,10,1,100,1
EMP-1329,Finance,Analyst,CockroachDB,-12,12,12,0,4,38,27,6,0,0,0
EMP-1330,Infrastructure,Intern,Oracle,-36,5,5,0,5,42,39,8,0,100,1
EMP-1331,Security,Analyst,MongoDB,-32,6,3,3,4,60,38,8,0,100,1
EMP-1332,Engineering,Tech Lead,MariaDB,68,4,2,2,1,2,11,2,1,0,0
EMP-1333,Data Science,Intern,PostgreSQL,93,10,10,0,2,121,23,10,0,0,0
EMP-1334,Finance,Analyst,CockroachDB,26,10,6,4,2,52,35,9,1,0,0
EMP-1335,HR,Junior Developer,MySQL,79,3,2,1,0,35,8,8,1,0,0
EMP-1336,HR,Analyst,PostgreSQL,122,2,2,0,2,44,25,4,1,0,0
EMP-1337,Infrastructure,Intern,MariaDB,-33,12,7,5,12,60,15,3,1,100,1
EMP-1338,Data Science,Analyst,Oracle,135,11,6,5,1,16,12,7,1,0,0
EMP-1339,QA,Developer,MySQL,145,15,12,3,0,13,11,4,1,0,0
EMP-1340,Data Science,Tech Lead,PostgreSQL,115,8,8,0,1,18,13,10,1,0,0
EMP-1341,Infrastructure,Senior Developer,PostgreSQL,67,1,1,0,2,3,11,2,0,4.5,0
EMP-1342,Security,Developer,MariaDB,137,11,9,2,2,51,6,8,1,0,0
EMP-1343,Security,Intern,PostgreSQL,29,6,3,3,2,41,5,4,1,0,0
EMP-1344,Engineering,Senior Developer,MySQL,19,5,4,1,1,13,5,6,1,0,0
EMP-1345,Operations,Engineer,MariaDB,104,15,11,4,2,38,36,7,0,0,0
EMP-1346,Engineering,Tech Lead,PostgreSQL,-32,10,10,0,7,1,19,3,0,100,1
EMP-1347,HR,Engineer,Oracle,89,14,13,1,0,18,26,8,0,0,0
EMP-1348,Data Science,Developer,MariaDB,83,13,10,3,0,62,20,4,1,0,0
EMP-1349,Security,Developer,MongoDB,-26,12,8,4,8,19,1,3,1,100,1
EMP-1350,Operations,Intern,MySQL,-4,5,5,0,8,99,13,9,0,36.5,0
EMP-1351,Infrastructure,Developer,Oracle,-13,6,6,0,11,72,8,9,1,65.0,1
EMP-1352,Data Science,Intern,CockroachDB,-10,12,10,2,5,57,6,9,0,7.5,0
EMP-1353,Data Science,Manager,CockroachDB,57,11,10,1,0,10,38,5,0,0,0
EMP-1354,Data Science,Intern,MongoDB,-11,13,7,6,6,44,26,4,1,86.33,1
EMP-1355,QA,Senior Developer,PostgreSQL,92,2,1,1,0,12,21,7,0,0,0
EMP-1356,HR,Developer,MariaDB,21,5,5,0,2,32,18,6,0,0,0
EMP-1357,Data Science,Senior Developer,Redis,-19,9,9,0,11,2,40,10,1,49.33,0
EMP-1358,HR,Junior Developer,MySQL,83,4,3,1,1,66,23,7,1,0,0
EMP-1359,QA,Analyst,CockroachDB,149,4,2,2,0,39,36,8,1,0,0
EMP-1360,Data Science,Junior Developer,MySQL,80,8,5,3,2,133,1,7,0,10.17,0
EMP-1361,Engineering,Analyst,MySQL,91,8,8,0,2,20,29,8,0,0,0
EMP-1362,Engineering,Engineer,Redis,-24,3,2,1,7,24,24,7,1,100,1
EMP-1363,Engineering,Intern,CockroachDB,-15,0,0,0,7,74,6,8,1,85.33,1
EMP-1364,QA,Analyst,Oracle,129,10,10,0,1,27,39,3,1,0,0
EMP-1365,QA,Tech Lead,MySQL,12,1,1,0,0,32,8,10,1,0,0
EMP-1366,Security,Senior Developer,MySQL,-37,6,4,2,6,3,23,8,1,100,1
EMP-1367,Security,Developer,MySQL,15,0,0,0,1,40,39,10,1,0,0
EMP-1368,Engineering,Tech Lead,SQL Server,-31,13,13,0,5,2,40,7,1,17.33,0
EMP-1369,Operations,Developer,MariaDB,-27,14,12,2,3,62,10,2,1,43.33,0
EMP-1370,Operations,Engineer,Oracle,122,15,10,5,1,22,19,5,1,0,0
EMP-1371,Finance,Analyst,PostgreSQL,68,2,1,1,1,46,7,10,1,0,0
EMP-1372,Security,Junior Developer,CockroachDB,49,9,8,1,1,80,4,8,0,0,0
EMP-1373,Operations,Intern,Redis,59,10,6,4,1,46,7,6,1,0,0
EMP-1374,Finance,Tech Lead,MariaDB,-6,14,14,0,4,2,37,4,1,0,0
EMP-1375,Security,Junior Developer,CockroachDB,131,13,11,2,1,28,23,6,1,0,0
EMP-1376,Data Science,Senior Developer,MySQL,-18,10,9,1,9,23,36,7,1,52.83,0
EMP-1377,Engineering,Developer,PostgreSQL,79,11,9,2,2,57,37,3,0,0,0
EMP-1378,HR,Senior Developer,SQL Server,92,14,13,1,1,34,21,8,0,0,0
EMP-1379,Data Science,Intern,PostgreSQL,136,1,1,0,2,68,25,9,0,0,0
EMP-1380,Infrastructure,Tech Lead,MongoDB,-35,6,4,2,3,24,28,10,1,100,1
EMP-1381,Operations,Developer,Redis,106,3,2,1,1,65,23,3,1,0,0
EMP-1382,Security,Analyst,MongoDB,109,5,3,2,1,72,15,2,1,0,0
EMP-1383,Security,Tech Lead,MongoDB,73,5,3,2,2,33,9,9,1,0,0
EMP-1384,Finance,Junior Developer,CockroachDB,-2,6,6,0,9,61,13,9,1,0,1
EMP-1385,Finance,Analyst,SQL Server,139,6,6,0,1,69,7,9,1,0,0
EMP-1386,Finance,Junior Developer,PostgreSQL,3,15,8,7,5,158,1,4,1,55.33,0
EMP-1387,HR,Developer,Oracle,-24,14,8,6,12,52,28,3,0,100,1
EMP-1388,Security,Analyst,MariaDB,89,6,5,1,0,32,4,3,0,0,0
EMP-1389,Data Science,Developer,CockroachDB,46,11,6,5,0,56,32,5,0,1.33,0
EMP-1390,Security,Tech Lead,Redis,96,9,5,4,0,21,24,6,1,0,0
EMP-1391,Engineering,Analyst,Oracle,141,6,4,2,1,27,36,8,1,0,1
EMP-1392,Security,Developer,Redis,73,15,12,3,0,23,26,8,0,0,0
EMP-1393,HR,Engineer,Oracle,51,14,13,1,1,33,7,10,1,0,0
EMP-1394,Security,Tech Lead,MySQL,14,4,4,0,0,25,31,5,1,0,0
EMP-1395,Engineering,Senior Developer,MongoDB,8,3,2,1,1,21,4,7,0,0,0
EMP-1396,Data Science,Tech Lead,MongoDB,-40,5,4,1,6,15,38,2,1,100,1
EMP-1397,Infrastructure,Analyst,Oracle,126,13,9,4,1,14,39,5,0,0,0
EMP-1398,Data Science,Senior Developer,MongoDB,66,12,6,6,2,35,12,2,1,16.83,0
EMP-1399,Infrastructure,Senior Developer,MySQL,-4,6,4,2,3,1,33,5,0,18.17,0
EMP-1400,Finance,Developer,Redis,9,6,5,1,2,15,16,8,1,0,0
EMP-1401,Finance,Analyst,Oracle,117,9,8,1,2,22,19,4,0,0,0
EMP-1402,Engineering,Developer,PostgreSQL,-35,4,2,2,8,71,26,8,1,100,0
EMP-1403,Engineering,Intern,CockroachDB,-6,2,2,0,5,164,37,6,1,36.33,0
EMP-1404,Security,Junior Developer,MongoDB,123,6,3,3,1,44,15,4,1,0,0
EMP-1405,Data Science,Junior Developer,MySQL,39,1,1,0,2,82,4,3,0,13.67,0
EMP-1406,Security,Developer,PostgreSQL,77,6,4,2,1,29,24,4,0,0,0
EMP-1407,Infrastructure,Tech Lead,MariaDB,7,4,3,1,5,17,1,8,0,8.83,0
EMP-1408,Operations,Manager,CockroachDB,6,11,8,3,4,18,38,2,1,0,0
EMP-1409,Infrastructure,Developer,MongoDB,64,6,5,1,0,36,35,10,1,0,0
EMP-1410,Finance,Developer,Redis,65,7,5,2,0,39,30,5,1,0,0
EMP-1411,HR,Developer,CockroachDB,-25,3,2,1,12,65,27,5,0,100,1
EMP-1412,Operations,Analyst,Redis,131,13,9,4,2,65,3,8,0,0,0
EMP-1413,HR,Junior Developer,SQL Server,-28,8,6,2,4,149,31,8,1,95.83,1
EMP-1414,Infrastructure,Analyst,MongoDB,143,5,5,0,2,55,6,4,1,0,0
EMP-1415,Operations,Junior Developer,MySQL,-11,0,0,0,8,111,9,3,1,100,1
EMP-1416,Data Science,Analyst,MariaDB,15,10,7,3,1,33,19,9,0,0,0
EMP-1417,Data Science,Engineer,Redis,8,7,5,2,1,40,36,6,0,0,0
EMP-1418,Infrastructure,Analyst,PostgreSQL,137,15,15,0,2,40,20,7,1,0,0
EMP-1419,Infrastructure,Tech Lead,SQL Server,-22,12,8,4,12,26,12,9,1,100,1
EMP-1420,Operations,Developer,CockroachDB,4,4,4,0,4,50,31,9,1,0,0
EMP-1421,HR,Junior Developer,Redis,64,10,10,0,1,167,17,7,0,0,0
EMP-1422,Infrastructure,Junior Developer,MySQL,55,4,2,2,0,154,31,2,0,25.67,0
EMP-1423,HR,Tech Lead,CockroachDB,21,9,7,2,0,13,2,4,0,0,0
EMP-1424,Infrastructure,Developer,MongoDB,132,6,6,0,2,65,30,4,1,0,0
EMP-1425,Data Science,Senior Developer,MariaDB,-27,1,1,0,7,29,13,6,1,100,1
EMP-1426,HR,Intern,Oracle,-15,7,4,3,8,25,22,5,1,100,1
EMP-1427,Engineering,Junior Developer,SQL Server,-28,9,5,4,5,89,6,9,1,100,1
EMP-1428,Engineering,Manager,CockroachDB,147,2,1,1,1,3,7,8,0,0,0
EMP-1429,Infrastructure,Senior Developer,Redis,35,13,8,5,1,13,12,10,0,0,0
EMP-1430,QA,Developer,Oracle,63,4,2,2,0,12,32,5,0,0,0
EMP-1431,Operations,Tech Lead,Redis,23,1,1,0,1,19,13,6,1,0,0
EMP-1432,QA,Manager,Redis,-27,6,4,2,5,3,11,10,0,100,1
EMP-1433,Security,Developer,MongoDB,63,1,1,0,1,35,27,7,1,0,0
EMP-1434,Engineering,Analyst,MariaDB,-15,4,2,2,12,40,28,9,1,100,1
EMP-1435,Security,Intern,SQL Server,-12,2,1,1,11,45,25,3,1,100,1
EMP-1436,Security,Tech Lead,PostgreSQL,42,5,5,0,0,10,33,5,0,0,0
EMP-1437,QA,Analyst,PostgreSQL,81,0,0,0,1,65,10,7,0,0,0
EMP-1438,Security,Analyst,Redis,119,12,7,5,1,51,35,9,0,0,0
EMP-1439,Infrastructure,Tech Lead,MongoDB,86,6,5,1,1,29,33,9,1,0,0
EMP-1440,HR,Engineer,SQL Server,105,7,4,3,2,44,34,3,1,0,0
EMP-1441,Infrastructure,Junior Developer,MongoDB,77,2,1,1,0,80,21,10,0,0,0
EMP-1442,Finance,Tech Lead,Redis,150,12,10,2,2,32,3,2,0,0,0
EMP-1443,Security,Engineer,CockroachDB,-17,0,0,0,8,57,20,10,1,92.5,1
EMP-1444,Security,Manager,Oracle,43,7,7,0,2,12,39,8,1,0,0
EMP-1445,Infrastructure,Developer,MariaDB,77,3,2,1,0,62,18,7,0,0,0
EMP-1446,Engineering,Developer,SQL Server,132,3,2,1,0,64,35,3,1,0,0
EMP-1447,QA,Intern,Oracle,92,2,1,1,0,130,34,7,1,0,0
EMP-1448,Engineering,Junior Developer,SQL Server,92,2,2,0,2,44,1,5,1,0,0
EMP-1449,Finance,Junior Developer,MySQL,-11,14,12,2,9,83,2,2,1,42.83,0
EMP-1450,Finance,Engineer,MySQL,-2,8,8,0,8,61,22,5,1,0,0
EMP-1451,HR,Manager,MariaDB,-27,1,1,0,6,35,27,3,1,100,0
EMP-1452,Infrastructure,Tech Lead,Redis,25,0,0,0,0,9,25,4,1,0,0
EMP-1453,Data Science,Intern,MongoDB,-28,9,7,2,8,103,14,7,1,100,1
EMP-1454,Operations,Tech Lead,CockroachDB,37,14,8,6,2,25,24,9,1,0,0
EMP-1455,Security,Tech Lead,Redis,41,8,8,0,1,33,6,6,1,0,0
EMP-1456,Finance,Engineer,MySQL,107,3,3,0,1,24,15,9,1,0,0
EMP-1457,HR,Senior Developer,MariaDB,137,15,15,0,2,28,15,5,1,0,0
EMP-1458,Data Science,Senior Developer,Oracle,-39,13,10,3,4,1,4,3,0,100,1
EMP-1459,Engineering,Intern,Oracle,1,5,4,1,3,77,7,9,0,0,0
EMP-1460,Data Science,Manager,MongoDB,-11,11,8,3,10,29,15,2,1,87.83,1
EMP-1461,Infrastructure,Manager,MariaDB,104,13,10,3,0,6,24,2,0,0,0
EMP-1462,HR,Developer,Redis,131,13,12,1,2,42,24,10,0,0,0
EMP-1463,Infrastructure,Junior Developer,MongoDB,44,7,4,3,0,44,39,8,0,0,0
EMP-1464,Security,Tech Lead,CockroachDB,89,5,4,1,0,23,15,5,0,0,0
EMP-1465,Operations,Tech Lead,PostgreSQL,79,4,2,2,0,2,2,9,0,0,0
EMP-1466,Operations,Analyst,CockroachDB,17,14,8,6,0,52,12,2,0,8.67,0
EMP-1467,Finance,Junior Developer,Redis,66,1,1,0,0,127,26,6,0,0,0
EMP-1468,Finance,Junior Developer,Redis,55,6,6,0,0,139,34,5,0,0,0
EMP-1469,QA,Analyst,SQL Server,37,11,9,2,0,31,26,2,1,0,0
EMP-1470,HR,Engineer,CockroachDB,101,6,4,2,2,69,12,6,1,0,0
EMP-1471,Operations,Analyst,CockroachDB,110,11,11,0,1,24,25,4,0,0,0
EMP-1472,Operations,Senior Developer,SQL Server,134,2,1,1,2,6,15,5,1,0,0
EMP-1473,Data Science,Manager,Oracle,56,7,4,3,0,3,36,2,0,0,0
EMP-1474,Infrastructure,Intern,SQL Server,-10,5,5,0,12,91,25,9,1,74.17,1
EMP-1475,Operations,Engineer,Redis,53,1,1,0,0,21,34,2,1,0,0
EMP-1476,HR,Manager,MongoDB,28,14,14,0,1,35,22,9,1,0,0
EMP-1477,HR,Tech Lead,Oracle,146,8,7,1,2,24,1,7,1,0,0
EMP-1478,Infrastructure,Senior Developer,MariaDB,29,11,11,0,2,17,7,8,1,0,0
EMP-1479,Engineering,Manager,Oracle,54,7,7,0,1,22,19,2,0,0,0
EMP-1480,Data Science,Intern,MySQL,-17,11,9,2,6,159,18,7,0,78.5,1
EMP-1481,HR,Analyst,PostgreSQL,59,1,1,0,0,66,25,9,1,0,0
EMP-1482,Data Science,Developer,Redis,119,7,4,3,0,65,20,3,0,2.83,0
EMP-1483,Operations,Engineer,SQL Server,52,12,8,4,2,43,15,7,1,0,0
EMP-1484,Data Science,Tech Lead,SQL Server,117,4,2,2,1,6,3,6,0,0,0
EMP-1485,Data Science,Intern,MariaDB,54,6,3,3,1,97,13,10,0,0,0
EMP-1486,Security,Manager,SQL Server,-12,14,10,4,5,23,25,3,1,32.83,0
EMP-1487,Security,Junior Developer,CockroachDB,87,14,10,4,1,81,16,3,0,0,0
EMP-1488,Operations,Engineer,MySQL,83,8,6,2,2,60,17,3,0,0,0
EMP-1489,Engineering,Manager,PostgreSQL,36,0,0,0,0,33,26,9,0,0,0
EMP-1490,HR,Intern,MariaDB,138,9,6,3,2,72,32,4,1,0,0
EMP-1491,Data Science,Tech Lead,MySQL,49,1,1,0,0,26,6,7,0,0,0
EMP-1492,Operations,Junior Developer,MongoDB,62,9,9,0,1,51,22,4,1,0,0
EMP-1493,HR,Intern,Redis,78,12,11,1,2,137,18,7,1,0,0
EMP-1494,HR,Manager,CockroachDB,43,12,8,4,1,31,6,5,0,0,0
EMP-1495,Security,Analyst,PostgreSQL,71,2,2,0,2,36,12,9,1,0,0
EMP-1496,Security,Engineer,SQL Server,67,6,5,1,1,27,19,5,1,0,0
EMP-1497,HR,Developer,MariaDB,128,4,3,1,2,34,24,5,1,0,0
EMP-1498,QA,Analyst,MariaDB,66,9,5,4,1,31,21,5,0,3.17,0
EMP-1499,Engineering,Tech Lead,Oracle,-5,0,0,0,10,15,37,6,1,73.5,1
EMP-1500,Infrastructure,Manager,MySQL,137,6,4,2,0,21,34,2,1,0,0
EMP-1501,Finance,Developer,Oracle,124,9,7,2,1,71,29,7,1,0,0
EMP-1502,HR,Manager,MongoDB,140,6,5,1,1,11,1,8,1,0,0
EMP-1503,Security,Senior Developer,SQL Server,30,15,14,1,2,30,30,2,0,0,0
EMP-1504,Security,Analyst,MariaDB,54,6,6,0,1,53,9,8,1,0,0
EMP-1505,Operations,Junior Developer,Oracle,148,8,4,4,2,125,20,8,0,24.83,0
EMP-1506,Data Science,Engineer,SQL Server,138,12,12,0,2,57,39,2,1,0,0
EMP-1507,Finance,Tech Lead,MongoDB,-40,2,1,1,7,27,32,4,0,100,1
EMP-1508,HR,Senior Developer,MongoDB,130,8,7,1,0,36,37,3,1,0,0
EMP-1509,HR,Tech Lead,CockroachDB,69,3,3,0,1,4,26,5,1,0,0
EMP-1510,Data Science,Senior Developer,Oracle,30,0,0,0,2,13,3,4,1,0,0
EMP-1511,Operations,Tech Lead,MariaDB,52,1,1,0,0,19,19,4,1,0,0
EMP-1512,Security,Intern,PostgreSQL,84,10,8,2,2,37,18,4,1,0,0
EMP-1513,Finance,Intern,MariaDB,-3,2,1,1,10,86,28,2,0,100,1
EMP-1514,Infrastructure,Tech Lead,CockroachDB,99,12,8,4,2,33,30,10,0,0,0
EMP-1515,Data Science,Senior Developer,MongoDB,74,11,10,1,2,6,7,2,1,0,0
EMP-1516,Security,Tech Lead,Redis,-18,5,4,1,9,25,12,4,1,100,1
EMP-1517,Engineering,Manager,Redis,18,14,12,2,0,30,12,5,0,0,0
EMP-1518,HR,Analyst,MySQL,15,11,9,2,1,41,20,5,0,0,0
EMP-1519,QA,Developer,CockroachDB,30,12,11,1,0,63,37,10,1,0,0
EMP-1520,QA,Developer,MariaDB,1,14,12,2,3,40,15,3,1,0,0
EMP-1521,Engineering,Manager,MariaDB,9,6,4,2,0,18,8,9,0,0,0
EMP-1522,HR,Senior Developer,CockroachDB,-35,8,8,0,3,5,40,9,0,70.83,1
EMP-1523,QA,Tech Lead,Redis,37,2,1,1,0,32,28,8,1,0,0
EMP-1524,QA,Manager,MySQL,94,3,3,0,0,16,6,9,0,0,0
EMP-1525,Data Science,Intern,MongoDB,69,8,6,2,2,96,18,9,0,0,0
EMP-1526,Data Science,Tech Lead,PostgreSQL,16,6,5,1,2,14,27,8,0,0,0
EMP-1527,QA,Senior Developer,MariaDB,87,2,2,0,1,35,19,5,1,0,0
EMP-1528,Data Science,Intern,Redis,140,4,2,2,1,141,26,3,1,4.5,0
EMP-1529,QA,Junior Developer,PostgreSQL,52,14,12,2,2,106,24,9,0,0,0
EMP-1530,Infrastructure,Junior Developer,PostgreSQL,104,8,7,1,1,116,8,2,1,0,0
EMP-1531,Finance,Analyst,SQL Server,90,0,0,0,1,27,38,5,1,0,0
EMP-1532,Engineering,Analyst,MongoDB,-19,8,6,2,7,54,11,2,1,98.0,1
EMP-1533,Operations,Senior Developer,Redis,-8,0,0,0,11,31,6,6,0,100,1
EMP-1534,HR,Engineer,PostgreSQL,150,8,6,2,0,34,32,2,1,0,1
EMP-1535,Engineering,Analyst,PostgreSQL,140,11,6,5,1,40,6,8,1,0,0
EMP-1536,Security,Tech Lead,PostgreSQL,-20,6,4,2,9,33,27,7,0,100,1
EMP-1537,Engineering,Engineer,SQL Server,-15,11,7,4,10,71,10,10,1,98.83,1
EMP-1538,QA,Tech Lead,Oracle,105,10,10,0,0,4,27,10,0,0,0
EMP-1539,HR,Engineer,CockroachDB,105,7,5,2,0,51,8,3,1,0,0
EMP-1540,Finance,Intern,PostgreSQL,136,3,3,0,0,134,12,6,0,0,0
EMP-1541,Security,Analyst,MongoDB,139,4,4,0,2,64,1,2,1,0,0
EMP-1542,QA,Developer,PostgreSQL,69,4,2,2,1,20,33,5,1,0,0
EMP-1543,Infrastructure,Analyst,MongoDB,115,4,3,1,0,41,29,5,1,0,0
EMP-1544,Operations,Junior Developer,Oracle,86,9,6,3,2,160,27,7,0,6.67,0
EMP-1545,Engineering,Developer,MongoDB,-6,13,10,3,5,21,39,4,0,17.5,0
EMP-1546,Engineering,Tech Lead,MongoDB,-28,2,2,0,5,27,14,6,1,100,1
EMP-1547,Finance,Manager,PostgreSQL,15,8,8,0,0,11,4,7,0,0,0
EMP-1548,Security,Analyst,MariaDB,131,13,7,6,2,57,19,10,1,0,0
EMP-1549,Infrastructure,Developer,MongoDB,72,6,4,2,2,37,40,2,0,10.17,0
EMP-1550,Data Science,Junior Developer,Oracle,115,1,1,0,2,70,18,8,1,0,0
EMP-1551,Engineering,Junior Developer,Oracle,8,9,9,0,2,27,34,4,1,0,0
EMP-1552,Data Science,Intern,Redis,-6,0,0,0,8,163,37,7,1,78.17,1
EMP-1553,Infrastructure,Junior Developer,MongoDB,137,4,2,2,2,127,38,4,1,8.17,0
EMP-1554,Operations,Manager,Redis,64,0,0,0,2,7,29,6,1,0,0
EMP-1555,Engineering,Developer,SQL Server,15,4,4,0,1,67,26,4,0,0,0
EMP-1556,Finance,Engineer,SQL Server,69,14,11,3,2,53,27,4,0,0,0
EMP-1557,Finance,Manager,MongoDB,34,7,4,3,0,16,33,10,1,0,0
EMP-1558,Security,Manager,SQL Server,-19,2,2,0,9,2,13,5,1,100,1
EMP-1559,QA,Junior Developer,SQL Server,55,11,6,5,0,93,14,9,1,0,0
EMP-1560,Security,Tech Lead,Oracle,147,1,1,0,0,33,13,10,0,0,0
EMP-1561,Operations,Engineer,PostgreSQL,38,14,14,0,0,38,14,4,1,0,0
EMP-1562,Data Science,Engineer,SQL Server,57,11,10,1,2,71,14,8,1,0,0
EMP-1563,Engineering,Tech Lead,Oracle,37,8,7,1,0,15,29,7,1,0,0
EMP-1564,Security,Analyst,MongoDB,4,7,6,1,4,72,33,10,1,0,0
EMP-1565,Operations,Analyst,Redis,145,6,6,0,0,51,10,3,1,0,0
EMP-1566,Operations,Developer,Redis,30,7,4,3,2,67,2,3,1,0,0
EMP-1567,HR,Developer,PostgreSQL,30,0,0,0,1,48,18,9,1,0,0
EMP-1568,QA,Developer,CockroachDB,16,15,10,5,2,63,24,6,0,0,0
EMP-1569,Engineering,Junior Developer,Oracle,63,14,10,4,2,124,2,8,0,0,0
EMP-1570,Operations,Junior Developer,MySQL,10,14,12,2,1,153,13,6,1,0,0
EMP-1571,Engineering,Manager,CockroachDB,16,14,7,7,1,2,18,10,0,0,0
EMP-1572,QA,Tech Lead,Redis,66,15,15,0,2,8,16,7,1,0,0
EMP-1573,Engineering,Engineer,PostgreSQL,136,7,6,1,0,38,13,7,1,0,1
EMP-1574,Infrastructure,Manager,MongoDB,121,9,6,3,2,30,6,3,1,0,0
EMP-1575,Operations,Manager,MongoDB,101,12,10,2,0,28,31,4,1,0,0
EMP-1576,HR,Manager,CockroachDB,57,12,7,5,0,12,21,4,1,0,0
EMP-1577,Security,Tech Lead,Oracle,49,1,1,0,0,1,9,7,1,0,0
EMP-1578,HR,Intern,MySQL,23,0,0,0,0,112,35,7,1,0,0
EMP-1579,QA,Senior Developer,Oracle,2,6,6,0,3,35,31,5,0,0,0
EMP-1580,Infrastructure,Junior Developer,MariaDB,77,0,0,0,1,39,5,9,1,0,0
EMP-1581,Infrastructure,Manager,Redis,38,1,1,0,0,17,35,8,1,0,0
EMP-1582,QA,Senior Developer,Redis,105,7,7,0,1,9,36,9,1,0,0
EMP-1583,Infrastructure,Manager,SQL Server,147,4,2,2,2,8,19,9,1,0,0
EMP-1584,QA,Engineer,Redis,145,5,5,0,2,53,30,9,1,0,0
EMP-1585,Data Science,Manager,MongoDB,97,3,3,0,1,21,21,8,0,0,0
EMP-1586,Infrastructure,Manager,Redis,98,8,8,0,0,29,16,4,1,0,0
EMP-1587,Infrastructure,Engineer,PostgreSQL,43,10,9,1,0,70,34,6,1,0,0
EMP-1588,Data Science,Tech Lead,MySQL,-25,4,2,2,10,36,13,5,1,100,1
EMP-1589,Finance,Analyst,CockroachDB,49,0,0,0,2,56,8,7,1,0,0
EMP-1590,Infrastructure,Intern,PostgreSQL,0,4,2,2,4,83,19,10,1,0,0
EMP-1591,Data Science,Developer,MariaDB,-23,15,14,1,5,21,12,8,0,13.5,0
EMP-1592,Finance,Engineer,PostgreSQL,127,13,9,4,2,44,29,10,1,0,0
EMP-1593,HR,Developer,Redis,135,8,5,3,1,31,2,10,0,0,0
EMP-1594,Infrastructure,Senior Developer,Oracle,35,6,6,0,2,15,18,4,1,0,0
EMP-1595,Security,Developer,PostgreSQL,81,2,2,0,0,16,19,9,1,0,0
EMP-1596,Infrastructure,Developer,MongoDB,57,6,5,1,2,40,31,8,1,0,0
EMP-1597,Data Science,Senior Developer,Oracle,78,14,14,0,1,16,30,6,1,0,0
EMP-1598,Engineering,Junior Developer,PostgreSQL,57,9,6,3,1,102,3,5,1,0,0
EMP-1599,HR,Engineer,MySQL,-28,4,3,1,6,29,36,2,1,100,1
EMP-1600,HR,Analyst,SQL Server,5,7,6,1,4,34,11,5,0,0,0
EMP-1601,HR,Intern,MongoDB,-16,13,7,6,8,119,36,6,1,100,1
EMP-1602,Security,Intern,MySQL,56,2,1,1,2,40,2,7,1,0,0
EMP-1603,QA,Manager,Redis,60,7,6,1,0,28,11,10,0,0,0
EMP-1604,QA,Senior Developer,Oracle,-13,11,6,5,11,31,15,8,1,100,1
EMP-1605,HR,Senior Developer,Redis,47,12,10,2,0,13,12,8,1,0,0
EMP-1606,Infrastructure,Senior Developer,Oracle,2,6,3,3,1,7,40,8,1,0,0
EMP-1607,Infrastructure,Senior Developer,Redis,94,4,4,0,2,5,14,8,1,0,0
EMP-1608,Operations,Engineer,SQL Server,97,8,4,4,1,25,13,7,0,2.17,0
EMP-1609,Infrastructure,Intern,MongoDB,27,3,2,1,1,160,39,3,1,0,0
EMP-1610,Operations,Analyst,CockroachDB,121,9,7,2,2,51,38,4,1,0,0
EMP-1611,Infrastructure,Tech Lead,CockroachDB,11,10,7,3,2,21,9,2,0,0,0
EMP-1612,Finance,Analyst,Oracle,-2,1,1,0,7,54,8,4,1,38.0,0
EMP-1613,Finance,Senior Developer,Oracle,97,12,11,1,0,4,35,3,1,0,0
EMP-1614,Engineering,Junior Developer,MariaDB,100,14,8,6,0,47,37,7,1,0,0
EMP-1615,Data Science,Developer,SQL Server,123,11,8,3,2,59,33,7,0,0,0
EMP-1616,Security,Junior Developer,CockroachDB,28,15,12,3,1,77,23,7,1,0,0
EMP-1617,HR,Developer,Redis,133,4,3,1,1,57,18,2,0,0,0
EMP-1618,QA,Developer,MySQL,-3,1,1,0,11,41,34,8,0,88.83,1
EMP-1619,Finance,Senior Developer,MariaDB,83,5,5,0,2,8,37,6,1,0,0
EMP-1620,Operations,Senior Developer,CockroachDB,8,14,10,4,2,3,1,3,1,0,0
EMP-1621,QA,Junior Developer,SQL Server,115,5,5,0,2,55,8,8,1,0,0
EMP-1622,Data Science,Intern,Oracle,-18,5,5,0,12,83,7,6,1,100,1
EMP-1623,Infrastructure,Analyst,MongoDB,114,8,7,1,1,47,18,10,1,0,0
EMP-1624,Engineering,Junior Developer,MongoDB,-21,14,14,0,11,111,36,6,0,76.5,1
EMP-1625,HR,Senior Developer,MySQL,88,5,5,0,0,15,22,3,0,0,0
EMP-1626,Data Science,Tech Lead,PostgreSQL,138,7,4,3,1,2,40,2,0,6.33,0
EMP-1627,Data Science,Tech Lead,MongoDB,118,7,4,3,0,13,3,9,1,0,0
EMP-1628,Infrastructure,Analyst,MongoDB,17,4,2,2,1,50,9,9,1,0,0
EMP-1629,Finance,Developer,Oracle,104,13,13,0,2,70,20,5,0,0,0
EMP-1630,Operations,Senior Developer,MySQL,134,4,2,2,0,30,20,9,1,0,0
EMP-1631,QA,Tech Lead,CockroachDB,15,13,9,4,0,7,12,4,1,0,0
EMP-1632,Operations,Manager,Redis,95,0,0,0,1,34,13,10,1,0,0
EMP-1633,Operations,Senior Developer,MySQL,80,12,7,5,1,34,30,2,1,0,0
EMP-1634,Operations,Manager,MongoDB,40,3,3,0,0,33,24,9,0,0,0
EMP-1635,Security,Analyst,SQL Server,-7,12,11,1,5,43,12,10,0,0,0
EMP-1636,QA,Senior Developer,SQL Server,96,5,4,1,2,23,36,4,1,0,0
EMP-1637,Finance,Analyst,Redis,-34,5,3,2,3,60,22,6,1,100,1
EMP-1638,Data Science,Junior Developer,MariaDB,-23,0,0,0,4,73,7,8,0,100,1
EMP-1639,HR,Junior Developer,CockroachDB,53,4,3,1,0,74,27,4,1,0,0
EMP-1640,QA,Manager,Redis,40,13,11,2,0,8,34,7,1,0,0
EMP-1641,Data Science,Developer,PostgreSQL,119,12,10,2,0,45,10,6,1,0,0
EMP-1642,HR,Analyst,Redis,95,6,5,1,0,70,18,2,0,0,0
EMP-1643,HR,Tech Lead,Redis,-25,13,7,6,4,2,9,10,1,91.33,1
EMP-1644,Engineering,Intern,CockroachDB,46,2,1,1,1,104,29,2,1,0,0
EMP-1645,Engineering,Tech Lead,MySQL,93,14,9,5,1,26,32,4,1,0,0
EMP-1646,HR,Junior Developer,MongoDB,101,3,2,1,2,149,26,9,0,4.83,0
EMP-1647,Engineering,Developer,Oracle,63,8,4,4,2,19,23,3,1,2.17,0
EMP-1648,Finance,Tech Lead,PostgreSQL,-23,12,11,1,8,8,18,4,0,81.33,1
EMP-1649,Engineering,Tech Lead,SQL Server,16,13,9,4,2,28,17,2,1,0,0
EMP-1650,Finance,Junior Developer,MongoDB,-18,7,6,1,9,46,20,5,0,100,1
EMP-1651,Engineering,Engineer,MongoDB,96,11,8,3,2,28,3,7,0,0,0
EMP-1652,Engineering,Intern,SQL Server,74,13,7,6,1,46,19,2,0,25.67,0
EMP-1653,Security,Intern,Oracle,24,15,14,1,0,137,13,8,0,0,0
EMP-1654,Finance,Manager,MySQL,20,13,10,3,1,21,40,7,1,0,0
EMP-1655,Security,Manager,CockroachDB,98,11,8,3,1,3,7,9,0,0,0
EMP-1656,Data Science,Senior Developer,SQL Server,-14,15,13,2,4,9,13,8,1,0,0
EMP-1657,HR,Developer,CockroachDB,131,13,9,4,1,24,39,10,1,0,0
EMP-1658,Data Science,Engineer,Oracle,-3,4,2,2,6,68,29,4,0,75.33,1
EMP-1659,Infrastructure,Senior Developer,SQL Server,55,11,6,5,2,34,34,5,0,17.67,0
EMP-1660,Engineering,Analyst,SQL Server,44,2,2,0,2,40,19,9,1,0,0
EMP-1661,Data Science,Developer,SQL Server,64,13,11,2,1,44,37,9,1,0,0
EMP-1662,Infrastructure,Junior Developer,CockroachDB,8,12,12,0,0,143,35,2,1,0,0
EMP-1663,HR,Tech Lead,CockroachDB,99,9,7,2,2,11,6,7,0,0,0
EMP-1664,Infrastructure,Analyst,SQL Server,-40,2,1,1,4,45,2,8,0,100,1
EMP-1665,Engineering,Intern,MySQL,133,7,4,3,0,140,34,4,1,0,0
EMP-1666,QA,Analyst,CockroachDB,79,4,2,2,2,60,10,9,1,0,0
EMP-1667,Operations,Engineer,MySQL,-2,11,7,4,9,19,6,6,1,44.17,1
EMP-1668,HR,Developer,Redis,148,0,0,0,2,13,11,4,0,6.17,0
EMP-1669,Finance,Junior Developer,CockroachDB,43,6,5,1,2,62,7,8,0,0,0
EMP-1670,HR,Manager,Oracle,101,9,7,2,1,18,25,4,0,0,0
EMP-1671,Security,Analyst,Redis,85,4,4,0,2,65,13,8,1,0,0
EMP-1672,Operations,Developer,Oracle,68,12,7,5,0,61,23,3,1,0,0
EMP-1673,Security,Senior Developer,Redis,17,0,0,0,2,4,2,4,0,4.67,0
EMP-1674,Operations,Manager,MariaDB,86,8,4,4,0,16,36,5,0,0,0
EMP-1675,Security,Intern,CockroachDB,43,6,5,1,0,162,40,2,0,0,0
EMP-1676,QA,Engineer,SQL Server,60,6,5,1,1,60,20,8,0,0,0
EMP-1677,Operations,Analyst,MySQL,135,0,0,0,1,16,6,4,0,0,0
EMP-1678,Engineering,Manager,MariaDB,143,7,6,1,0,30,25,7,1,0,0
EMP-1679,Engineering,Junior Developer,MySQL,136,8,8,0,0,155,4,5,1,0,0
EMP-1680,QA,Senior Developer,CockroachDB,115,2,2,0,0,16,13,8,1,0,0
EMP-1681,Operations,Manager,Redis,72,4,3,1,0,31,13,9,0,0,0
EMP-1682,HR,Engineer,SQL Server,33,2,1,1,1,54,9,9,1,0,0
EMP-1683,Security,Tech Lead,Redis,113,3,3,0,2,15,33,2,0,0,0
EMP-1684,Data Science,Manager,Redis,-19,8,4,4,3,14,15,3,1,87.33,1
EMP-1685,Data Science,Intern,PostgreSQL,59,13,9,4,0,130,36,6,1,0,0
EMP-1686,HR,Junior Developer,SQL Server,1,14,13,1,5,121,37,4,0,0,0
EMP-1687,Finance,Developer,MongoDB,71,2,2,0,2,15,37,6,1,0,0
EMP-1688,QA,Junior Developer,Redis,12,13,9,4,1,44,22,9,1,0,0
EMP-1689,QA,Manager,MariaDB,123,11,6,5,1,13,3,2,1,0,0
EMP-1690,Finance,Manager,Oracle,-17,11,8,3,5,17,8,8,1,35.83,0
EMP-1691,Finance,Intern,SQL Server,131,0,0,0,0,25,40,8,0,0,0
EMP-1692,Security,Intern,MariaDB,137,9,5,4,2,101,15,5,0,24.83,0
EMP-1693,Engineering,Tech Lead,Redis,49,4,2,2,2,6,24,2,0,21.0,0
EMP-1694,Engineering,Developer,MariaDB,35,2,1,1,0,28,38,3,0,0,0
EMP-1695,QA,Engineer,MariaDB,142,1,1,0,1,48,9,4,1,0,0
EMP-1696,Finance,Analyst,MySQL,-3,8,4,4,8,62,32,7,1,65.33,1
EMP-1697,QA,Senior Developer,Oracle,-10,5,4,1,5,5,11,6,0,46.83,0
EMP-1698,Operations,Manager,CockroachDB,58,6,6,0,2,4,36,7,1,0,0
EMP-1699,QA,Tech Lead,PostgreSQL,35,10,7,3,1,33,1,7,0,0,0
EMP-1700,QA,Developer,Redis,97,11,11,0,1,35,31,8,1,0,0
EMP-1701,QA,Senior Developer,CockroachDB,143,13,7,6,0,23,36,6,0,0,0
EMP-1702,QA,Intern,SQL Server,90,10,5,5,2,50,22,3,1,11.33,0
EMP-1703,Data Science,Manager,Redis,86,11,11,0,1,12,8,10,0,0,0
EMP-1704,Infrastructure,Intern,CockroachDB,101,2,1,1,1,88,14,4,1,0,0
EMP-1705,Operations,Developer,MongoDB,13,5,3,2,0,30,4,2,1,0,0
EMP-1706,Security,Developer,Redis,115,2,2,0,1,21,1,10,1,0,0
EMP-1707,Engineering,Engineer,PostgreSQL,-23,13,10,3,8,70,18,3,0,100,1
EMP-1708,Finance,Tech Lead,SQL Server,5,2,1,1,4,15,29,7,0,18.5,0
EMP-1709,Security,Senior Developer,MySQL,45,9,5,4,0,4,12,4,0,0,0
EMP-1710,QA,Intern,CockroachDB,-8,2,1,1,6,48,29,3,1,67.0,1
EMP-1711,Data Science,Senior Developer,MySQL,30,13,11,2,2,10,35,7,1,0,0
EMP-1712,Operations,Manager,MySQL,-6,6,5,1,3,13,17,7,0,0.17,0
EMP-1713,HR,Developer,MySQL,31,11,10,1,2,41,28,7,0,0,0
EMP-1714,Operations,Engineer,MongoDB,117,10,10,0,2,56,11,3,0,0,0
EMP-1715,HR,Junior Developer,MariaDB,59,15,15,0,1,75,35,5,1,0,0
EMP-1716,HR,Senior Developer,MongoDB,120,15,13,2,1,30,1,7,1,0,0
EMP-1717,Operations,Junior Developer,MariaDB,44,11,11,0,0,81,9,9,1,0,0
EMP-1718,Operations,Analyst,PostgreSQL,38,6,4,2,2,21,34,10,0,0,0
EMP-1719,Engineering,Intern,Oracle,-31,5,5,0,9,114,6,6,0,100,1
EMP-1720,HR,Senior Developer,PostgreSQL,0,3,3,0,5,23,30,7,1,0,0
EMP-1721,Engineering,Analyst,PostgreSQL,66,14,7,7,0,47,16,6,1,0,0
EMP-1722,Operations,Analyst,Redis,31,5,4,1,1,25,31,2,1,0,0
EMP-1723,Security,Developer,Redis,91,14,11,3,0,25,23,4,1,0,0
EMP-1724,Data Science,Senior Developer,MongoDB,111,8,7,1,1,22,18,8,1,0,0
EMP-1725,Operations,Intern,PostgreSQL,-37,11,11,0,10,87,17,4,0,100,1
EMP-1726,Finance,Senior Developer,CockroachDB,29,14,11,3,0,35,29,9,1,0,0
EMP-1727,Data Science,Senior Developer,MongoDB,87,10,6,4,0,36,21,10,0,0,0
EMP-1728,Data Science,Intern,Redis,-6,6,6,0,9,103,26,6,0,59.17,0
EMP-1729,Data Science,Manager,MariaDB,83,3,3,0,0,17,34,10,0,0,0
EMP-1730,Engineering,Engineer,MariaDB,4,0,0,0,1,51,15,4,1,0,0
EMP-1731,Engineering,Senior Developer,MariaDB,32,13,9,4,1,22,17,9,0,0,0
EMP-1732,Data Science,Intern,CockroachDB,-22,3,2,1,4,26,21,9,1,67.33,0
EMP-1733,Operations,Senior Developer,Oracle,64,3,3,0,0,36,39,6,1,0,0
EMP-1734,Infrastructure,Developer,Redis,-7,9,7,2,4,45,23,8,0,11.5,0
EMP-1735,QA,Analyst,Oracle,38,11,8,3,0,26,2,5,0,0,0
EMP-1736,Operations,Manager,MariaDB,16,15,15,0,1,33,6,3,0,0,0
EMP-1737,Security,Tech Lead,PostgreSQL,-29,5,4,1,10,26,10,2,0,100,1
EMP-1738,HR,Senior Developer,MongoDB,83,15,9,6,1,35,6,2,0,7.83,0
EMP-1739,Security,Tech Lead,MariaDB,23,13,10,3,1,1,14,7,1,0,0
EMP-1740,Data Science,Junior Developer,MongoDB,103,15,11,4,1,59,7,8,0,0,0
EMP-1741,Operations,Manager,MongoDB,46,7,5,2,1,20,11,6,1,0,0
EMP-1742,Data Science,Senior Developer,Redis,27,15,12,3,0,25,11,5,0,0,0
EMP-1743,Data Science,Engineer,SQL Server,68,12,6,6,2,59,29,10,0,13.83,0
EMP-1744,Finance,Intern,Redis,-18,6,3,3,12,93,21,2,1,100,1
EMP-1745,Infrastructure,Engineer,PostgreSQL,42,6,5,1,1,18,6,8,0,0,0
EMP-1746,Security,Analyst,CockroachDB,36,8,6,2,2,65,30,8,0,0,0
EMP-1747,Security,Junior Developer,MariaDB,-7,5,4,1,9,139,34,8,0,89.17,1
EMP-1748,Engineering,Developer,MariaDB,38,14,13,1,0,18,7,7,1,0,0
EMP-1749,Infrastructure,Developer,Oracle,16,13,9,4,2,40,4,2,0,0,0
EMP-1750,Infrastructure,Analyst,MariaDB,94,13,10,3,0,27,28,4,0,0,0
EMP-1751,Infrastructure,Manager,Redis,-2,1,1,0,5,32,7,10,1,0,0
EMP-1752,Data Science,Analyst,CockroachDB,83,2,1,1,1,18,16,7,1,0,0
EMP-1753,Security,Engineer,SQL Server,-2,15,15,0,3,29,26,5,1,0,0
EMP-1754,Infrastructure,Tech Lead,MongoDB,-26,1,1,0,12,6,34,2,1,100,1
EMP-1755,Security,Senior Developer,SQL Server,88,11,9,2,0,4,3,10,1,0,0
EMP-1756,Finance,Manager,SQL Server,74,1,1,0,1,3,21,3,0,0,0
EMP-1757,Finance,Junior Developer,Oracle,-33,15,11,4,3,66,15,8,1,76.0,1
EMP-1758,HR,Engineer,CockroachDB,137,8,5,3,1,47,28,8,0,0,0
EMP-1759,Engineering,Developer,Redis,31,2,1,1,0,56,2,3,1,0,0
EMP-1760,Engineering,Engineer,MySQL,-17,14,7,7,6,17,12,7,1,100,1
EMP-1761,HR,Analyst,PostgreSQL,57,15,12,3,0,32,31,2,1,0,0
EMP-1762,QA,Intern,PostgreSQL,-22,1,1,0,7,59,26,4,0,100,1
EMP-1763,Operations,Developer,CockroachDB,102,12,8,4,1,31,37,5,1,0,0
EMP-1764,Operations,Developer,SQL Server,5,1,1,0,3,43,28,2,1,0,0
EMP-1765,Operations,Senior Developer,SQL Server,103,7,6,1,0,32,19,8,1,0,0
EMP-1766,Operations,Tech Lead,Oracle,-33,8,7,1,7,8,15,9,0,100,1
EMP-1767,Engineering,Analyst,MySQL,-4,14,11,3,10,61,22,3,1,37.17,0
EMP-1768,Engineering,Junior Developer,MongoDB,73,14,10,4,2,76,22,4,1,0,0
EMP-1769,Data Science,Manager,Oracle,103,9,9,0,0,2,31,4,0,0,0
EMP-1770,Engineering,Manager,MongoDB,28,14,12,2,1,15,16,2,1,0,0
EMP-1771,HR,Manager,MySQL,-20,11,9,2,4,26,27,10,0,36.33,0
EMP-1772,Infrastructure,Tech Lead,PostgreSQL,119,9,7,2,1,4,39,7,0,0,0
EMP-1773,Finance,Engineer,Oracle,92,5,3,2,2,28,1,7,1,0,0
EMP-1774,Data Science,Tech Lead,MySQL,36,11,10,1,2,18,18,4,0,0,0
EMP-1775,QA,Analyst,MariaDB,5,2,1,1,1,52,40,3,0,10.67,0
EMP-1776,Data Science,Senior Developer,MariaDB,97,7,4,3,1,19,34,3,0,5.17,0
EMP-1777,QA,Developer,Redis,144,3,3,0,1,72,19,5,1,0,0
EMP-1778,Operations,Developer,PostgreSQL,143,1,1,0,1,59,14,4,0,0,0
EMP-1779,Engineering,Manager,MySQL,125,1,1,0,0,13,37,5,1,0,0
EMP-1780,Security,Intern,CockroachDB,64,9,5,4,1,113,34,3,0,24.83,0
EMP-1781,Engineering,Junior Developer,Redis,10,4,2,2,1,153,21,9,1,0,0
EMP-1782,HR,Senior Developer,PostgreSQL,112,7,5,2,0,26,28,10,0,0,0
EMP-1783,Data Science,Junior Developer,MySQL,20,4,3,1,1,38,31,3,1,0,0
EMP-1784,HR,Intern,Oracle,116,3,3,0,0,133,28,8,0,0,0
EMP-1785,Data Science,Manager,MongoDB,59,11,8,3,1,10,26,6,1,0,0
EMP-1786,Finance,Manager,PostgreSQL,82,8,8,0,1,35,25,8,1,0,0
EMP-1787,Engineering,Analyst,CockroachDB,14,11,8,3,0,44,4,10,1,0,0
EMP-1788,Engineering,Junior Developer,SQL Server,28,15,8,7,1,149,1,7,1,1.83,0
EMP-1789,Engineering,Tech Lead,MariaDB,30,12,12,0,0,28,29,6,1,0,0
EMP-1790,Data Science,Junior Developer,PostgreSQL,33,3,3,0,0,79,12,4,1,0,0
EMP-1791,HR,Senior Developer,CockroachDB,91,9,5,4,2,8,35,7,1,0,0
EMP-1792,Finance,Senior Developer,MySQL,111,2,1,1,0,34,26,4,0,0,0
EMP-1793,Finance,Analyst,MariaDB,61,6,5,1,2,25,40,5,0,0,0
EMP-1794,Finance,Engineer,Oracle,69,12,7,5,2,15,11,6,1,0,0
EMP-1795,Data Science,Tech Lead,Redis,-31,12,7,5,6,15,14,8,0,100,1
EMP-1796,Data Science,Manager,MongoDB,8,15,14,1,1,31,13,5,1,0,0
EMP-1797,Finance,Developer,Oracle,39,8,7,1,1,30,5,2,1,0,0
EMP-1798,Security,Engineer,CockroachDB,-25,5,5,0,5,36,14,10,1,51.0,0
EMP-1799,Engineering,Intern,PostgreSQL,0,15,9,6,3,77,6,10,1,0,0
EMP-1800,Security,Junior Developer,CockroachDB,120,3,2,1,1,163,20,4,1,0,1
EMP-1801,HR,Tech Lead,MongoDB,-30,14,10,4,7,3,37,7,1,100,1
EMP-1802,Security,Junior Developer,Redis,10,6,3,3,1,153,8,7,0,19.5,0
EMP-1803,Engineering,Intern,MySQL,-4,14,12,2,6,79,35,6,1,0,0
EMP-1804,QA,Tech Lead,CockroachDB,127,6,3,3,2,20,21,9,1,0,0
EMP-1805,Infrastructure,Developer,Oracle,141,1,1,0,1,40,40,10,1,0,0
EMP-1806,QA,Manager,Oracle,131,3,3,0,1,28,38,5,1,0,0
EMP-1807,Infrastructure,Analyst,MongoDB,35,3,2,1,0,57,24,2,1,0,0
EMP-1808,QA,Junior Developer,MySQL,37,13,13,0,2,89,3,10,1,0,1
EMP-1809,Finance,Tech Lead,Redis,-14,13,12,1,6,19,23,3,1,0,0
EMP-1810,QA,Engineer,PostgreSQL,52,2,1,1,2,57,39,6,1,0,0
EMP-1811,QA,Senior Developer,MySQL,50,8,8,0,1,31,4,3,1,0,0
EMP-1812,Security,Manager,PostgreSQL,28,8,6,2,2,13,5,6,0,0,0
EMP-1813,Finance,Intern,MariaDB,115,6,3,3,1,125,31,9,0,6.83,0
EMP-1814,Data Science,Tech Lead,CockroachDB,66,0,0,0,2,5,30,5,0,0.83,0
EMP-1815,Security,Engineer,PostgreSQL,-18,3,3,0,3,50,24,6,0,62.33,1
EMP-1816,Infrastructure,Intern,CockroachDB,131,0,0,0,2,27,40,7,0,0,0
EMP-1817,HR,Analyst,MariaDB,50,9,6,3,2,24,22,6,0,0,0
EMP-1818,HR,Manager,MongoDB,70,1,1,0,0,11,9,6,1,0,0
EMP-1819,Security,Analyst,CockroachDB,121,6,4,2,2,47,30,3,1,0,0
EMP-1820,Data Science,Tech Lead,SQL Server,-27,12,7,5,5,19,7,4,0,100,1
EMP-1821,HR,Analyst,CockroachDB,43,13,12,1,0,51,37,6,0,0,0
EMP-1822,QA,Manager,CockroachDB,57,12,10,2,0,32,1,7,0,0,0
EMP-1823,HR,Analyst,MariaDB,48,6,6,0,0,71,26,2,1,0,0
EMP-1824,Infrastructure,Engineer,Oracle,50,1,1,0,0,36,4,2,1,0,0
EMP-1825,Data Science,Analyst,SQL Server,139,10,10,0,0,46,12,9,0,0,0
EMP-1826,Security,Intern,Redis,-24,7,7,0,6,25,10,8,1,47.17,0
EMP-1827,Security,Analyst,Oracle,142,3,2,1,2,36,14,3,0,10.0,0
EMP-1828,Infrastructure,Tech Lead,MongoDB,56,0,0,0,1,15,9,2,1,0,0
EMP-1829,Engineering,Intern,SQL Server,65,2,1,1,1,85,1,5,1,0,0
EMP-1830,Finance,Junior Developer,MySQL,102,3,2,1,0,71,2,10,0,0,0
EMP-1831,Engineering,Developer,Redis,103,14,12,2,1,65,9,6,1,0,0
EMP-1832,Finance,Manager,MySQL,-20,6,6,0,9,31,40,3,1,90.17,1
EMP-1833,Finance,Analyst,Redis,129,13,13,0,0,62,22,2,1,0,0
EMP-1834,QA,Intern,MongoDB,109,7,4,3,0,118,31,9,0,0,0
EMP-1835,Security,Developer,SQL Server,144,11,7,4,0,67,39,8,1,0,0
EMP-1836,Finance,Tech Lead,MongoDB,54,4,3,1,1,34,31,5,1,0,0
EMP-1837,Finance,Analyst,Redis,34,0,0,0,1,34,22,9,1,0,0
EMP-1838,QA,Intern,Redis,0,9,5,4,3,46,27,3,1,8.67,0
EMP-1839,HR,Analyst,CockroachDB,6,6,5,1,4,63,17,8,0,0,0
EMP-1840,Infrastructure,Intern,Oracle,71,7,4,3,1,54,1,6,1,0,0
EMP-1841,Data Science,Tech Lead,SQL Server,51,11,7,4,0,12,8,10,0,0,0
EMP-1842,Operations,Analyst,MySQL,16,5,5,0,1,24,37,6,1,0,0
EMP-1843,QA,Intern,Oracle,-1,1,1,0,8,24,6,5,1,35.0,0
EMP-1844,HR,Junior Developer,Redis,147,10,8,2,0,156,6,9,1,0,0
EMP-1845,Finance,Analyst,MongoDB,-3,0,0,0,7,18,28,10,0,45.0,0
EMP-1846,QA,Developer,SQL Server,5,13,8,5,1,34,9,7,1,0,0
EMP-1847,Infrastructure,Tech Lead,CockroachDB,100,10,9,1,2,26,30,10,1,0,1
EMP-1848,Operations,Intern,Oracle,-22,14,8,6,5,64,10,10,1,91.67,1
EMP-1849,QA,Analyst,SQL Server,107,6,4,2,2,19,11,8,0,0,0
EMP-1850,Operations,Developer,MariaDB,107,14,9,5,1,60,12,5,1,0,0
EMP-1851,Data Science,Senior Developer,MySQL,17,11,7,4,2,34,33,5,1,0,0
EMP-1852,Finance,Junior Developer,CockroachDB,100,2,2,0,0,28,27,2,1,0,0
EMP-1853,Security,Developer,Redis,-19,8,4,4,3,51,37,7,1,77.5,1
EMP-1854,Engineering,Analyst,PostgreSQL,82,0,0,0,1,19,39,2,0,5.17,0
EMP-1855,Infrastructure,Junior Developer,Oracle,142,15,11,4,1,111,6,9,0,0,0
EMP-1856,Data Science,Intern,CockroachDB,-25,5,5,0,11,41,20,4,0,100,1
EMP-1857,HR,Engineer,MySQL,134,12,12,0,1,56,36,6,1,0,0
EMP-1858,Data Science,Tech Lead,PostgreSQL,-9,7,5,2,12,34,21,3,1,100,1
EMP-1859,Operations,Manager,Oracle,-10,6,6,0,8,28,25,2,1,43.67,0
EMP-1860,Security,Senior Developer,MongoDB,-26,7,7,0,3,9,8,5,1,34.5,0
EMP-1861,Finance,Tech Lead,CockroachDB,-14,5,3,2,11,4,34,8,0,100,1
EMP-1862,Data Science,Senior Developer,Oracle,114,2,2,0,1,17,28,7,1,0,0
EMP-1863,Infrastructure,Tech Lead,Redis,16,5,3,2,1,23,22,5,1,0,0
EMP-1864,Data Science,Senior Developer,PostgreSQL,6,11,8,3,5,4,17,2,1,0,0
EMP-1865,QA,Intern,MariaDB,-3,15,15,0,7,135,27,4,1,0,0
EMP-1866,QA,Intern,PostgreSQL,3,7,4,3,3,24,26,7,0,10.0,0
EMP-1867,Finance,Analyst,PostgreSQL,141,10,5,5,0,47,35,6,1,0,0
EMP-1868,HR,Developer,MariaDB,131,10,6,4,1,50,17,10,1,0,0
EMP-1869,Finance,Tech Lead,Oracle,98,2,1,1,1,4,2,6,1,0,0
EMP-1870,Data Science,Engineer,MongoDB,80,5,5,0,2,32,34,9,1,0,0
EMP-1871,Finance,Analyst,SQL Server,46,2,1,1,1,26,36,7,0,0,0
EMP-1872,HR,Tech Lead,MariaDB,117,2,1,1,2,10,33,8,1,0,0
EMP-1873,QA,Intern,Oracle,118,10,10,0,0,45,20,10,1,0,0
EMP-1874,Security,Senior Developer,SQL Server,86,15,15,0,0,32,32,8,0,0,0
EMP-1875,Infrastructure,Developer,MySQL,100,11,8,3,2,46,33,6,1,0,0
EMP-1876,Security,Developer,PostgreSQL,68,4,2,2,1,60,4,10,1,0,0
EMP-1877,Engineering,Intern,SQL Server,34,11,10,1,2,151,38,9,1,0,0
EMP-1878,Operations,Developer,MariaDB,109,5,4,1,0,60,34,3,1,0,0
EMP-1879,Infrastructure,Manager,MariaDB,11,11,9,2,0,26,20,4,1,0,0
EMP-1880,Finance,Junior Developer,Oracle,-26,1,1,0,7,114,2,2,0,100,1
EMP-1881,Engineering,Manager,SQL Server,-23,8,5,3,11,11,3,5,1,100,1
EMP-1882,QA,Manager,MariaDB,-3,1,1,0,8,23,3,7,1,34.83,0
EMP-1883,Data Science,Analyst,MySQL,137,13,8,5,0,49,36,7,0,0,0
EMP-1884,Security,Engineer,MongoDB,-14,5,4,1,5,26,18,10,0,50.33,0
EMP-1885,Finance,Developer,Redis,24,0,0,0,1,27,28,8,0,0,0
EMP-1886,Finance,Engineer,Redis,18,3,3,0,2,32,5,10,0,0,0
EMP-1887,Data Science,Senior Developer,Redis,119,4,4,0,0,32,40,5,0,0,0
EMP-1888,Security,Senior Developer,SQL Server,7,9,8,1,1,2,21,6,0,0,0
EMP-1889,Engineering,Tech Lead,PostgreSQL,58,14,12,2,0,3,40,5,0,0,0
EMP-1890,Engineering,Engineer,Redis,40,5,4,1,1,33,3,4,1,0,0
EMP-1891,Engineering,Analyst,SQL Server,37,7,6,1,0,71,15,4,1,0,0
EMP-1892,HR,Senior Developer,Redis,137,13,9,4,1,18,33,8,0,0,0
EMP-1893,Finance,Developer,Oracle,131,10,8,2,1,24,28,3,1,0,0
EMP-1894,Finance,Junior Developer,MongoDB,149,11,8,3,1,66,17,10,1,0,0
EMP-1895,Engineering,Analyst,MySQL,101,15,15,0,1,63,5,6,1,0,0
EMP-1896,Infrastructure,Senior Developer,SQL Server,64,14,13,1,1,25,33,8,1,0,0
EMP-1897,Engineering,Senior Developer,Redis,-12,15,8,7,8,36,40,7,1,100,1
EMP-1898,Data Science,Analyst,PostgreSQL,65,3,3,0,1,26,34,9,0,0,0
EMP-1899,QA,Developer,Oracle,53,5,4,1,0,56,4,7,1,0,0
EMP-1900,Finance,Intern,MySQL,-2,7,5,2,5,104,38,10,1,0,0
EMP-1901,Operations,Senior Developer,MongoDB,-40,3,2,1,3,27,17,3,1,100,0
EMP-1902,QA,Analyst,Redis,149,8,6,2,1,34,25,6,1,0,0
EMP-1903,Security,Manager,Redis,15,7,5,2,2,29,10,7,0,0,0
EMP-1904,HR,Engineer,CockroachDB,111,15,14,1,0,66,3,3,1,0,0
EMP-1905,Infrastructure,Engineer,Oracle,130,1,1,0,0,56,39,8,1,0,0
EMP-1906,HR,Analyst,CockroachDB,19,2,2,0,1,51,26,4,1,0,0
EMP-1907,Finance,Analyst,Oracle,48,1,1,0,1,42,8,4,0,0,0
EMP-1908,Finance,Tech Lead,SQL Server,82,11,10,1,2,26,36,7,1,0,0
EMP-1909,Engineering,Engineer,Oracle,139,12,6,6,2,60,1,6,0,30.0,0
EMP-1910,Infrastructure,Engineer,Redis,123,6,3,3,2,63,24,9,1,0,0
EMP-1911,Infrastructure,Senior Developer,CockroachDB,-36,15,10,5,8,1,37,5,1,100,1
EMP-1912,Security,Engineer,CockroachDB,-27,2,1,1,12,18,5,2,0,100,1
EMP-1913,Data Science,Tech Lead,SQL Server,-18,15,12,3,3,2,17,7,0,14.33,0
EMP-1914,Security,Engineer,PostgreSQL,-9,7,4,3,10,19,30,10,1,78.17,1
EMP-1915,QA,Tech Lead,MySQL,109,0,0,0,1,23,20,8,1,0,0
EMP-1916,Operations,Developer,MySQL,-4,11,6,5,12,12,13,4,1,100,1
EMP-1917,QA,Engineer,SQL Server,90,7,4,3,2,30,19,7,1,0,0
EMP-1918,HR,Tech Lead,CockroachDB,-15,11,11,0,3,7,28,10,1,0,0
EMP-1919,QA,Developer,Redis,124,12,12,0,2,22,37,5,1,0,0
EMP-1920,Infrastructure,Senior Developer,PostgreSQL,48,14,11,3,0,35,40,5,1,0,0
EMP-1921,HR,Senior Developer,Redis,-29,15,9,6,9,10,30,8,1,100,1
EMP-1922,Operations,Developer,MariaDB,29,11,6,5,0,15,9,7,0,0,0
EMP-1923,Data Science,Senior Developer,SQL Server,-26,2,2,0,6,23,26,5,1,100,1
EMP-1924,HR,Developer,CockroachDB,134,6,5,1,1,54,22,8,1,0,0
EMP-1925,Infrastructure,Junior Developer,Redis,-17,12,10,2,4,81,8,3,1,28.5,0
EMP-1926,Data Science,Developer,PostgreSQL,24,15,9,6,2,56,11,3,1,0,0
EMP-1927,Operations,Junior Developer,PostgreSQL,-8,2,2,0,6,71,40,2,0,79.83,1
EMP-1928,HR,Junior Developer,SQL Server,-34,2,2,0,5,82,12,5,0,100,1
EMP-1929,Security,Tech Lead,Oracle,148,4,2,2,1,33,33,3,1,0,0
EMP-1930,Data Science,Tech Lead,Redis,-25,4,2,2,4,2,11,3,1,100,1
EMP-1931,Operations,Tech Lead,MariaDB,109,3,3,0,2,11,32,4,0,0,0
EMP-1932,Finance,Manager,MariaDB,5,1,1,0,1,6,32,10,1,0,0
EMP-1933,HR,Manager,Oracle,-32,0,0,0,5,23,40,10,1,100,1
EMP-1934,Data Science,Senior Developer,MongoDB,48,2,2,0,1,17,4,2,0,0,0
EMP-1935,Engineering,Analyst,MongoDB,107,11,6,5,0,18,8,7,0,0,0
EMP-1936,QA,Junior Developer,MariaDB,16,11,7,4,1,153,14,9,0,0,0
EMP-1937,Data Science,Manager,MariaDB,-3,1,1,0,3,19,35,8,1,0,0
EMP-1938,Finance,Tech Lead,PostgreSQL,101,5,3,2,1,28,40,6,0,0,0
EMP-1939,Operations,Engineer,Redis,127,0,0,0,1,20,8,2,1,0,0
EMP-1940,Data Science,Manager,MariaDB,12,9,9,0,0,15,3,4,1,0,0
EMP-1941,Finance,Senior Developer,MySQL,54,6,3,3,2,1,13,10,1,0,0
EMP-1942,Security,Tech Lead,SQL Server,100,0,0,0,0,14,20,10,1,0,0
EMP-1943,Finance,Senior Developer,PostgreSQL,33,15,9,6,0,35,24,4,1,0,0
EMP-1944,QA,Junior Developer,MongoDB,112,7,4,3,2,28,40,3,1,0,0
EMP-1945,HR,Engineer,PostgreSQL,69,1,1,0,0,31,17,2,0,0,0
EMP-1946,QA,Intern,MariaDB,105,11,6,5,0,140,40,5,1,0,0
EMP-1947,HR,Developer,Redis,51,8,5,3,2,25,2,7,0,0,0
EMP-1948,Data Science,Tech Lead,Oracle,135,12,11,1,0,5,36,3,1,0,0
EMP-1949,Data Science,Senior Developer,MySQL,-17,0,0,0,4,4,39,3,0,96.67,1
EMP-1950,HR,Analyst,MariaDB,73,8,8,0,1,41,29,6,1,0,0
EMP-1951,Infrastructure,Analyst,SQL Server,72,1,1,0,0,21,21,2,0,0,0
EMP-1952,Security,Tech Lead,SQL Server,26,1,1,0,1,6,32,9,0,0,0
EMP-1953,Finance,Junior Developer,PostgreSQL,-16,2,2,0,4,95,2,5,1,58.83,1
EMP-1954,HR,Tech Lead,MySQL,88,13,8,5,0,5,5,10,0,0,0
EMP-1955,HR,Intern,Redis,54,8,6,2,2,106,26,3,0,1.67,0
EMP-1956,Data Science,Developer,CockroachDB,-37,4,3,1,5,43,11,8,0,100,1
EMP-1957,Finance,Tech Lead,MySQL,-29,14,7,7,12,24,4,7,0,100,1
EMP-1958,Operations,Senior Developer,PostgreSQL,129,14,9,5,1,5,33,4,1,0,0
EMP-1959,QA,Senior Developer,Oracle,119,13,8,5,2,17,8,7,1,0,0
EMP-1960,Operations,Junior Developer,Redis,107,10,8,2,2,141,7,5,0,0,1
EMP-1961,Engineering,Senior Developer,PostgreSQL,52,3,3,0,0,14,12,3,1,0,0
EMP-1962,Engineering,Intern,Oracle,24,7,5,2,2,123,17,8,1,0,0
EMP-1963,Infrastructure,Junior Developer,Redis,128,8,8,0,0,76,17,8,1,0,0
EMP-1964,Operations,Tech Lead,Redis,71,4,3,1,1,34,14,2,1,0,0
EMP-1965,Operations,Tech Lead,MariaDB,32,11,7,4,1,35,9,3,0,0,0
EMP-1966,QA,Junior Developer,Redis,147,6,4,2,1,69,20,9,1,0,0
EMP-1967,Data Science,Tech Lead,MySQL,106,11,9,2,0,23,13,9,1,0,0
EMP-1968,Infrastructure,Junior Developer,MySQL,23,7,6,1,1,32,15,8,1,0,0
EMP-1969,Infrastructure,Junior Developer,Redis,3,2,2,0,4,30,39,2,0,21.0,0
EMP-1970,Infrastructure,Junior Developer,SQL Server,107,8,8,0,1,105,6,5,1,0,0
EMP-1971,HR,Senior Developer,MariaDB,137,2,1,1,0,11,5,10,1,0,0
EMP-1972,HR,Engineer,SQL Server,129,11,6,5,2,72,9,9,1,0,0
EMP-1973,Finance,Developer,MySQL,23,6,3,3,2,43,10,7,1,0,0
EMP-1974,Data Science,Tech Lead,Redis,16,15,14,1,2,2,28,8,1,0,0
EMP-1975,Security,Engineer,Redis,-10,13,10,3,4,39,27,8,0,10.5,0
EMP-1976,HR,Tech Lead,MariaDB,100,14,7,7,0,36,24,5,0,14.0,0
EMP-1977,Data Science,Analyst,PostgreSQL,23,2,2,0,1,62,23,3,1,0,0
EMP-1978,QA,Analyst,Redis,-14,4,2,2,9,69,29,7,1,100,1
EMP-1979,Data Science,Analyst,Redis,79,1,1,0,2,72,27,5,1,0,0
EMP-1980,Data Science,Junior Developer,SQL Server,127,4,2,2,1,142,3,7,0,13.67,0
EMP-1981,QA,Manager,MySQL,82,5,4,1,2,35,35,5,0,0,0
EMP-1982,Security,Junior Developer,MongoDB,26,1,1,0,0,138,25,4,1,0,0
EMP-1983,Engineering,Junior Developer,MongoDB,70,13,11,2,0,122,15,6,1,0,0
EMP-1984,Engineering,Analyst,MongoDB,-11,7,6,1,5,61,16,8,0,36.17,0
EMP-1985,QA,Analyst,SQL Server,130,14,9,5,2,19,38,4,1,0,0
EMP-1986,Infrastructure,Junior Developer,MariaDB,-17,2,1,1,9,30,35,6,0,100,1
EMP-1987,Engineering,Senior Developer,SQL Server,-35,11,9,2,3,33,26,5,1,82.5,1
EMP-1988,Operations,Intern,Oracle,135,11,10,1,0,86,37,10,1,0,0
EMP-1989,QA,Manager,PostgreSQL,127,2,2,0,1,23,21,6,1,0,0
EMP-1990,Security,Engineer,Redis,21,6,3,3,2,61,19,8,1,0,0
EMP-1991,Engineering,Intern,SQL Server,82,1,1,0,1,108,2,10,1,0,0
EMP-1992,Finance,Engineer,Redis,28,4,2,2,0,18,37,9,0,0,0
EMP-1993,Infrastructure,Intern,MongoDB,71,7,4,3,1,123,37,6,0,10.5,0
EMP-1994,Data Science,Developer,SQL Server,54,15,9,6,2,51,11,8,1,0,0
EMP-1995,Security,Analyst,Redis,140,13,8,5,0,56,33,10,1,0,0
EMP-1996,HR,Junior Developer,MariaDB,16,5,4,1,0,139,34,10,0,0,0
EMP-1997,HR,Engineer,MongoDB,6,10,10,0,1,56,32,10,0,0,0
EMP-1998,Engineering,Manager,MySQL,132,2,1,1,0,36,29,8,1,0,0
EMP-1999,HR,Junior Developer,CockroachDB,16,13,11,2,1,69,7,9,0,0,0
EMP-2000,Infrastructure,Junior Developer,MongoDB,148,1,1,0,1,126,3,4,1,0,0
EMP-2001,QA,Developer,CockroachDB,50,7,6,1,2,55,30,10,1,0,0
EMP-2002,Security,Engineer,PostgreSQL,119,15,15,0,1,30,23,10,1,0,0
EMP-2003,QA,Analyst,Oracle,-24,7,4,3,11,72,19,8,1,100,1
EMP-2004,HR,Junior Developer,MongoDB,40,6,6,0,2,143,33,2,0,0,0
EMP-2005,HR,Developer,Oracle,-16,7,4,3,6,27,22,6,0,100,1
EMP-2006,Finance,Senior Developer,MariaDB,36,7,7,0,1,19,38,7,1,0,0
EMP-2007,QA,Junior Developer,Oracle,26,14,10,4,2,48,4,6,0,0,0
EMP-2008,HR,Senior Developer,SQL Server,102,4,2,2,0,34,3,4,1,0,0
EMP-2009,Operations,Manager,MongoDB,10,13,10,3,1,2,16,7,1,0,0
EMP-2010,Operations,Tech Lead,SQL Server,-8,7,5,2,4,22,21,7,1,6.67,0
EMP-2011,HR,Engineer,CockroachDB,12,5,3,2,1,53,11,10,0,0,0
EMP-2012,Engineering,Engineer,Oracle,38,0,0,0,2,28,12,6,0,0.67,0
EMP-2013,Security,Senior Developer,SQL Server,-7,15,10,5,3,1,26,5,0,18.17,0
EMP-2014,Security,Junior Developer,MongoDB,105,0,0,0,2,42,23,7,1,0,0
EMP-2015,Security,Manager,Oracle,123,1,1,0,2,1,16,5,1,0,0
EMP-2016,Infrastructure,Engineer,Oracle,134,4,4,0,2,33,39,9,0,0,0
EMP-2017,Finance,Developer,CockroachDB,31,1,1,0,2,67,18,7,0,0,0
EMP-2018,HR,Developer,Oracle,54,2,2,0,0,35,13,10,1,0,0
EMP-2019,Operations,Tech Lead,SQL Server,105,8,8,0,2,27,16,9,0,0,0
EMP-2020,QA,Developer,PostgreSQL,128,7,6,1,2,47,29,5,0,0,0
EMP-2021,QA,Manager,MongoDB,83,8,7,1,2,17,19,6,1,0,0
EMP-2022,Finance,Junior Developer,SQL Server,26,10,7,3,2,160,35,5,0,6.67,0
EMP-2023,Operations,Senior Developer,CockroachDB,97,9,6,3,1,35,25,8,0,0,0
EMP-2024,Data Science,Junior Developer,Oracle,114,13,11,2,0,156,9,9,1,0,0
EMP-2025,Engineering,Manager,Oracle,120,8,8,0,0,4,27,5,0,0,0
EMP-2026,QA,Junior Developer,CockroachDB,24,9,7,2,1,137,6,8,1,0,0
EMP-2027,Infrastructure,Analyst,MySQL,80,11,8,3,2,68,23,9,0,0,0
EMP-2028,Finance,Manager,Oracle,-4,0,0,0,4,1,5,8,1,0,0
EMP-2029,Infrastructure,Analyst,SQL Server,113,11,9,2,2,32,3,9,1,0,0
EMP-2030,Operations,Engineer,PostgreSQL,9,14,12,2,1,29,15,9,1,0,0
EMP-2031,Data Science,Tech Lead,SQL Server,140,7,4,3,1,36,13,3,0,8.0,0
EMP-2032,Infrastructure,Junior Developer,CockroachDB,116,13,9,4,0,24,27,5,0,0,0
EMP-2033,Operations,Analyst,MongoDB,119,15,13,2,0,28,38,5,0,0,0
EMP-2034,Infrastructure,Intern,CockroachDB,23,7,4,3,0,160,37,4,1,0,0
EMP-2035,Operations,Developer,MongoDB,92,7,4,3,2,22,36,8,1,0,0
EMP-2036,Operations,Senior Developer,CockroachDB,17,12,8,4,1,4,9,5,1,0,0
EMP-2037,HR,Manager,MariaDB,89,2,1,1,2,29,32,4,0,12.83,0
EMP-2038,QA,Intern,CockroachDB,97,2,2,0,2,112,18,6,1,0,0
EMP-2039,QA,Manager,MariaDB,56,9,6,3,1,20,37,4,1,0,0
EMP-2040,QA,Engineer,MariaDB,121,12,8,4,1,15,38,4,1,0,0
EMP-2041,Infrastructure,Engineer,MySQL,24,8,6,2,2,29,1,10,1,0,0
EMP-2042,Security,Manager,Oracle,87,1,1,0,2,17,38,4,1,0,0
EMP-2043,Infrastructure,Analyst,Oracle,-25,2,1,1,7,28,23,4,0,100,1
EMP-2044,Engineering,Manager,SQL Server,132,13,9,4,2,16,17,8,0,0,0
EMP-2045,Security,Engineer,MySQL,139,11,7,4,0,21,30,9,1,0,0
EMP-2046,HR,Intern,Redis,104,13,9,4,2,141,22,10,0,0,0
EMP-2047,Finance,Tech Lead,MySQL,-34,5,3,2,4,36,15,2,1,100,1
EMP-2048,Data Science,Senior Developer,Oracle,-32,7,7,0,3,11,15,2,1,70.83,1
EMP-2049,Data Science,Manager,MongoDB,32,10,10,0,0,14,38,9,0,0,0
EMP-2050,Engineering,Intern,Oracle,98,15,10,5,2,139,6,3,1,0,0
EMP-2051,Finance,Junior Developer,MySQL,-3,8,7,1,9,110,10,10,1,11.33,0
EMP-2052,Engineering,Junior Developer,MongoDB,25,1,1,0,0,36,27,8,1,0,0
EMP-2053,Engineering,Manager,CockroachDB,40,3,3,0,0,18,14,4,1,0,0
EMP-2054,Infrastructure,Engineer,Redis,57,0,0,0,2,56,9,2,1,0,0
EMP-2055,Infrastructure,Intern,SQL Server,-37,9,6,3,10,106,17,2,0,100,1
EMP-2056,Security,Intern,PostgreSQL,-32,1,1,0,5,136,8,8,1,100,1
EMP-2057,Infrastructure,Developer,PostgreSQL,-18,1,1,0,9,64,12,3,1,100,1
EMP-2058,QA,Tech Lead,CockroachDB,27,11,8,3,2,6,9,10,1,0,0
EMP-2059,Data Science,Analyst,MariaDB,75,13,8,5,2,47,36,5,0,3.83,0
EMP-2060,HR,Analyst,Redis,-38,12,6,6,8,44,16,3,1,100,1
EMP-2061,Infrastructure,Manager,Redis,127,5,4,1,1,2,38,5,1,0,0
EMP-2062,Operations,Intern,Oracle,121,1,1,0,2,145,33,4,1,0,0
EMP-2063,Finance,Tech Lead,MySQL,21,3,3,0,2,9,4,5,1,0,0
EMP-2064,Security,Junior Developer,MariaDB,26,4,2,2,0,84,29,4,0,6.0,0
EMP-2065,Data Science,Analyst,CockroachDB,113,13,9,4,1,46,28,8,1,0,0
EMP-2066,Security,Manager,SQL Server,38,10,9,1,1,11,29,8,0,0,0
EMP-2067,Security,Manager,PostgreSQL,96,3,3,0,0,30,5,9,1,0,0
EMP-2068,Engineering,Developer,MySQL,-4,11,8,3,4,50,5,3,0,24.33,0
EMP-2069,HR,Tech Lead,MongoDB,70,11,9,2,1,9,7,10,0,0,0
EMP-2070,Data Science,Engineer,Oracle,101,14,7,7,2,16,36,6,0,26.67,0
EMP-2071,Data Science,Junior Developer,MySQL,-12,6,3,3,6,78,27,2,1,100,1
EMP-2072,Finance,Intern,SQL Server,116,12,6,6,1,159,25,7,0,32.5,0
EMP-2073,Security,Developer,MongoDB,21,12,9,3,1,13,20,4,1,0,0
EMP-2074,Engineering,Senior Developer,MariaDB,118,4,3,1,2,23,27,3,0,0,0
EMP-2075,Finance,Tech Lead,MariaDB,89,1,1,0,0,15,35,2,0,0,0
EMP-2076,HR,Tech Lead,MySQL,134,0,0,0,0,17,13,2,1,0,0
EMP-2077,Security,Manager,Oracle,-36,2,1,1,6,7,31,10,0,100,1
EMP-2078,QA,Intern,Redis,21,14,14,0,2,161,1,7,1,0,0
EMP-2079,QA,Intern,PostgreSQL,132,13,13,0,1,105,39,7,0,0,0
EMP-2080,HR,Junior Developer,Oracle,-5,13,7,6,11,24,25,6,1,100,1
EMP-2081,HR,Junior Developer,MongoDB,119,10,5,5,1,27,7,8,1,0,0
EMP-2082,Infrastructure,Analyst,MariaDB,5,5,5,0,1,26,17,7,0,0,0
EMP-2083,HR,Manager,MySQL,69,1,1,0,1,18,28,4,1,0,0
EMP-2084,HR,Tech Lead,MariaDB,-18,7,6,1,8,31,9,6,0,97.17,1
EMP-2085,HR,Senior Developer,Oracle,50,4,2,2,1,32,19,3,1,0,0
EMP-2086,Engineering,Developer,MongoDB,-25,6,5,1,11,41,27,8,0,100,1
EMP-2087,HR,Developer,MySQL,90,1,1,0,1,72,26,5,0,0,1
EMP-2088,Operations,Engineer,PostgreSQL,28,5,3,2,1,65,15,2,1,0,0
EMP-2089,QA,Junior Developer,PostgreSQL,90,3,3,0,2,108,9,9,1,0,0
EMP-2090,QA,Analyst,MariaDB,0,7,4,3,1,14,8,9,1,0,0
EMP-2091,Data Science,Manager,PostgreSQL,69,7,4,3,0,25,24,8,0,0,0
EMP-2092,Infrastructure,Developer,CockroachDB,84,1,1,0,0,50,3,8,1,0,0
EMP-2093,Data Science,Tech Lead,CockroachDB,25,14,10,4,2,26,20,3,1,0,0
EMP-2094,Engineering,Intern,Redis,108,7,4,3,1,156,11,10,1,0,0
EMP-2095,Data Science,Analyst,MariaDB,61,10,6,4,1,53,1,6,0,0,0
EMP-2096,Data Science,Intern,MySQL,59,7,5,2,0,55,26,2,1,0,0
EMP-2097,Infrastructure,Developer,Redis,-40,12,6,6,10,43,11,9,1,100,1
EMP-2098,Finance,Developer,MongoDB,73,4,4,0,0,62,39,3,0,0,0
EMP-2099,Infrastructure,Developer,Redis,70,6,5,1,1,51,38,6,1,0,0
EMP-2100,Finance,Senior Developer,Oracle,88,9,6,3,2,22,20,8,0,0,0
EMP-2101,Infrastructure,Senior Developer,Oracle,45,12,7,5,2,32,21,10,0,0,0
EMP-2102,Operations,Manager,PostgreSQL,118,5,5,0,2,36,9,9,1,0,0
EMP-2103,Infrastructure,Engineer,Redis,94,7,6,1,0,39,9,9,1,0,0
EMP-2104,Security,Tech Lead,MySQL,146,8,8,0,2,1,35,10,0,0,0
EMP-2105,Operations,Developer,PostgreSQL,112,1,1,0,1,33,8,2,0,0,0
EMP-2106,Data Science,Tech Lead,CockroachDB,126,8,5,3,0,32,20,3,0,0,0
EMP-2107,Security,Tech Lead,PostgreSQL,-40,4,4,0,12,29,31,2,0,100,1
EMP-2108,Engineering,Junior Developer,SQL Server,4,2,2,0,2,111,27,4,1,0,0
EMP-2109,Engineering,Analyst,PostgreSQL,98,15,10,5,2,19,13,9,1,0,0
EMP-2110,Operations,Junior Developer,CockroachDB,32,6,5,1,2,127,2,3,0,1.17,0
EMP-2111,Data Science,Manager,CockroachDB,118,11,6,5,0,9,22,3,1,0,0
EMP-2112,Finance,Tech Lead,MariaDB,44,6,6,0,1,24,36,10,1,0,0
EMP-2113,Security,Manager,Redis,-1,0,0,0,4,16,16,7,0,18.67,0
EMP-2114,QA,Engineer,Redis,132,11,8,3,0,33,16,6,0,0,0
EMP-2115,Engineering,Junior Developer,CockroachDB,50,9,9,0,2,67,39,7,1,0,1
EMP-2116,HR,Developer,Oracle,30,14,11,3,1,14,4,2,0,0,0
EMP-2117,Infrastructure,Developer,MySQL,19,15,15,0,1,58,8,6,0,0,0
EMP-2118,HR,Senior Developer,Redis,5,12,8,4,4,2,19,9,1,0,0
EMP-2119,HR,Senior Developer,MariaDB,-9,11,11,0,8,24,16,5,1,0,0
EMP-2120,Data Science,Junior Developer,PostgreSQL,57,14,14,0,1,67,5,9,0,0,0
EMP-2121,Security,Analyst,Oracle,45,11,6,5,1,66,7,2,1,0,0
EMP-2122,Engineering,Manager,MySQL,47,4,2,2,0,14,38,2,0,2.33,0
EMP-2123,HR,Analyst,CockroachDB,136,14,11,3,1,29,37,7,0,0,0
EMP-2124,Data Science,Engineer,PostgreSQL,121,9,9,0,0,26,32,8,1,0,0
EMP-2125,Engineering,Junior Developer,Oracle,27,11,9,2,0,67,8,5,0,0,0
EMP-2126,QA,Junior Developer,CockroachDB,12,10,5,5,0,88,36,5,0,14.67,0
EMP-2127,Engineering,Developer,CockroachDB,67,12,8,4,2,26,20,9,1,0,0
EMP-2128,HR,Senior Developer,MariaDB,43,12,10,2,0,7,28,5,1,0,1
EMP-2129,Finance,Senior Developer,MariaDB,-10,15,8,7,11,11,13,8,0,100,1
EMP-2130,Infrastructure,Tech Lead,Oracle,95,1,1,0,2,28,5,8,0,0,0
EMP-2131,HR,Intern,CockroachDB,128,14,8,6,1,156,38,7,0,16.0,0
EMP-2132,Finance,Tech Lead,Oracle,140,10,9,1,0,24,16,9,1,0,0
EMP-2133,Finance,Tech Lead,MariaDB,29,6,6,0,1,10,32,4,1,0,0
EMP-2134,Operations,Analyst,Oracle,108,15,12,3,0,72,34,7,0,0,0
EMP-2135,HR,Tech Lead,PostgreSQL,71,12,7,5,0,9,23,7,1,0,0
EMP-2136,Finance,Manager,Redis,-12,3,3,0,4,1,21,6,1,15.17,0
EMP-2137,Finance,Engineer,MariaDB,103,1,1,0,0,34,2,6,0,0,0
EMP-2138,Engineering,Junior Developer,Redis,9,4,4,0,1,151,30,9,0,0,0
EMP-2139,HR,Developer,MySQL,52,13,7,6,0,53,30,6,1,0,0
EMP-2140,Operations,Developer,Redis,-31,10,10,0,12,30,27,2,1,100,1
EMP-2141,Engineering,Junior Developer,MongoDB,123,3,2,1,2,36,26,10,1,0,0
EMP-2142,Operations,Developer,SQL Server,-26,7,7,0,9,59,37,7,0,100,1
EMP-2143,Engineering,Developer,CockroachDB,-24,3,3,0,10,35,30,5,0,100,1
EMP-2144,HR,Junior Developer,CockroachDB,17,6,4,2,2,91,12,7,0,0,0
EMP-2145,Data Science,Developer,CockroachDB,-19,1,1,0,4,22,19,8,1,54.67,0
EMP-2146,HR,Engineer,Oracle,-35,4,2,2,9,35,17,8,0,100,1
EMP-2147,Engineering,Senior Developer,MongoDB,49,15,15,0,1,26,19,3,0,0,0
EMP-2148,Engineering,Manager,MongoDB,-28,2,2,0,6,24,36,8,0,100,1
EMP-2149,Security,Tech Lead,PostgreSQL,106,6,5,1,0,5,32,2,1,0,0
EMP-2150,Engineering,Intern,MongoDB,-27,6,4,2,8,133,8,9,1,100,1
EMP-2151,Security,Engineer,MongoDB,133,7,4,3,2,47,2,9,0,0,0
EMP-2152,Finance,Manager,Redis,-10,9,8,1,6,8,23,2,1,16.33,0
EMP-2153,Security,Tech Lead,Redis,40,10,10,0,2,31,28,3,1,0,0
EMP-2154,Engineering,Intern,PostgreSQL,-16,7,4,3,4,67,17,8,1,62.17,1
EMP-2155,Finance,Developer,Oracle,54,0,0,0,2,30,38,3,0,13.0,0
EMP-2156,Data Science,Senior Developer,PostgreSQL,14,5,4,1,1,27,31,5,0,0,0
EMP-2157,Finance,Manager,MySQL,47,10,7,3,1,7,26,7,1,0,0
EMP-2158,Data Science,Analyst,SQL Server,65,8,8,0,1,46,25,10,0,0,0
EMP-2159,HR,Junior Developer,SQL Server,53,2,2,0,1,148,35,9,1,0,0
EMP-2160,Operations,Analyst,SQL Server,53,1,1,0,0,41,19,5,0,0,0
EMP-2161,Security,Developer,MySQL,60,4,4,0,1,50,32,10,1,0,0
EMP-2162,HR,Tech Lead,MongoDB,121,5,4,1,1,12,15,3,1,0,0
EMP-2163,Operations,Tech Lead,Oracle,107,0,0,0,0,30,34,10,1,0,0
EMP-2164,Operations,Intern,SQL Server,-32,15,9,6,7,61,1,4,0,100,1
EMP-2165,Engineering,Analyst,Redis,92,14,10,4,2,41,4,5,1,0,0
EMP-2166,Finance,Senior Developer,Oracle,-34,15,8,7,10,10,20,5,0,100,1
EMP-2167,QA,Developer,MariaDB,110,3,3,0,0,47,18,10,1,0,0
EMP-2168,Infrastructure,Junior Developer,MariaDB,101,13,7,6,2,25,24,4,1,0,0
EMP-2169,Security,Engineer,Redis,-17,9,6,3,4,38,4,10,1,37.33,0
EMP-2170,Finance,Junior Developer,SQL Server,126,9,8,1,2,137,18,6,0,0,0
EMP-2171,Security,Analyst,MariaDB,88,4,2,2,0,16,19,3,1,0,0
EMP-2172,Data Science,Developer,MariaDB,128,15,14,1,1,37,22,4,0,0,0
EMP-2173,Data Science,Intern,SQL Server,129,5,5,0,1,99,5,8,0,0,0
EMP-2174,Finance,Intern,Redis,98,15,14,1,2,32,12,9,1,0,0
EMP-2175,Engineering,Developer,Redis,-36,4,2,2,11,71,27,9,0,100,1
EMP-2176,Operations,Manager,SQL Server,5,8,4,4,5,10,4,7,0,39.67,0
EMP-2177,Finance,Intern,MariaDB,142,11,8,3,0,115,28,7,0,0,0
EMP-2178,QA,Junior Developer,Oracle,107,1,1,0,1,116,38,5,1,0,0
EMP-2179,Engineering,Intern,Oracle,31,12,8,4,1,95,26,7,0,0,0
EMP-2180,Data Science,Developer,MySQL,-12,1,1,0,6,37,15,3,0,94.17,1
EMP-2181,HR,Analyst,MongoDB,69,0,0,0,1,37,23,7,1,0,0
EMP-2182,Operations,Manager,Oracle,50,15,8,7,2,20,22,5,1,0,0
EMP-2183,Infrastructure,Developer,Oracle,143,9,9,0,2,46,3,10,1,0,0
EMP-2184,Infrastructure,Manager,Redis,-40,1,1,0,3,15,19,7,1,100,1
EMP-2185,Operations,Manager,CockroachDB,109,15,10,5,1,10,36,2,1,0,0
EMP-2186,Infrastructure,Engineer,SQL Server,54,12,6,6,1,37,34,9,1,0,0
EMP-2187,QA,Junior Developer,Redis,-3,12,9,3,11,93,10,8,0,69.5,1
EMP-2188,Engineering,Senior Developer,PostgreSQL,-40,7,4,3,11,7,37,10,0,100,1
EMP-2189,HR,Senior Developer,Redis,133,14,8,6,2,3,15,7,0,0.5,0
EMP-2190,Engineering,Engineer,PostgreSQL,141,4,3,1,0,48,19,8,1,0,0
EMP-2191,Operations,Senior Developer,SQL Server,90,1,1,0,1,31,26,7,1,0,0
EMP-2192,Data Science,Manager,Oracle,62,8,4,4,1,3,40,9,0,0,0
EMP-2193,Data Science,Developer,MongoDB,90,6,4,2,0,20,4,3,1,0,0
EMP-2194,Data Science,Analyst,MariaDB,116,2,1,1,1,45,15,5,0,1.5,0
EMP-2195,HR,Intern,MariaDB,-18,14,7,7,11,141,34,3,0,100,1
EMP-2196,QA,Manager,SQL Server,72,14,9,5,2,12,36,5,1,0,0
EMP-2197,Finance,Intern,PostgreSQL,147,2,1,1,1,105,37,5,1,0,0
EMP-2198,Data Science,Intern,SQL Server,-6,5,5,0,3,102,28,3,0,19.0,0
EMP-2199,QA,Tech Lead,PostgreSQL,1,4,3,1,1,27,26,7,0,0,0
EMP-2200,Infrastructure,Manager,SQL Server,73,3,3,0,1,28,15,7,0,0,0
EMP-2201,HR,Senior Developer,PostgreSQL,100,2,1,1,0,1,3,3,1,0,0
EMP-2202,Data Science,Tech Lead,Oracle,64,10,9,1,1,11,8,3,1,0,0
EMP-2203,Data Science,Developer,MySQL,13,1,1,0,1,55,11,8,1,0,0
EMP-2204,HR,Engineer,Redis,83,1,1,0,1,36,8,6,0,0,0
EMP-2205,Operations,Senior Developer,Redis,32,4,2,2,2,17,40,9,0,0,0
EMP-2206,Infrastructure,Analyst,MongoDB,48,12,11,1,1,37,8,4,1,0,0
EMP-2207,Engineering,Engineer,MariaDB,-21,6,4,2,9,68,36,2,1,100,1
EMP-2208,QA,Engineer,Redis,139,1,1,0,1,69,25,9,0,0,0
EMP-2209,Operations,Junior Developer,Oracle,79,8,6,2,1,74,22,3,1,0,0
EMP-2210,Infrastructure,Tech Lead,MySQL,35,2,2,0,1,29,28,4,1,0,0
EMP-2211,Operations,Engineer,SQL Server,85,11,9,2,2,27,39,2,0,0,0
EMP-2212,Data Science,Engineer,Oracle,-12,11,10,1,10,52,39,4,0,72.67,1
EMP-2213,Infrastructure,Manager,MongoDB,132,0,0,0,2,31,13,6,0,1.17,0
EMP-2214,Security,Junior Developer,SQL Server,67,6,6,0,0,95,5,8,1,0,0
EMP-2215,Security,Analyst,MongoDB,21,13,10,3,0,33,19,3,0,0,0
EMP-2216,Finance,Tech Lead,Oracle,138,12,9,3,1,33,40,9,1,0,1
EMP-2217,Operations,Senior Developer,PostgreSQL,111,15,15,0,2,24,10,3,1,0,0
EMP-2218,Security,Senior Developer,CockroachDB,127,10,9,1,2,4,11,3,1,0,0
EMP-2219,Operations,Intern,MariaDB,0,3,2,1,1,45,28,4,0,0,1
EMP-2220,Security,Intern,Oracle,-14,15,10,5,6,35,31,5,1,56.83,0
EMP-2221,Infrastructure,Developer,CockroachDB,126,10,7,3,2,21,10,2,1,0,0
EMP-2222,Engineering,Junior Developer,Redis,134,11,6,5,2,54,39,10,0,1.0,0
EMP-2223,QA,Tech Lead,Redis,145,14,12,2,2,26,16,4,0,0,0
EMP-2224,Data Science,Intern,MySQL,134,13,7,6,0,158,9,2,1,9.33,0
EMP-2225,Operations,Intern,SQL Server,64,6,3,3,0,30,31,9,1,0,0
EMP-2226,Data Science,Manager,MySQL,-14,4,2,2,6,25,30,4,1,87.17,1
EMP-2227,Data Science,Senior Developer,Redis,7,10,5,5,1,28,6,10,0,0,0
EMP-2228,Data Science,Senior Developer,SQL Server,145,2,2,0,2,16,20,10,0,0,0
EMP-2229,Finance,Senior Developer,PostgreSQL,19,0,0,0,0,24,22,3,1,0,0
EMP-2230,Engineering,Engineer,Oracle,117,12,6,6,2,55,39,2,1,20.17,0
EMP-2231,Data Science,Analyst,MariaDB,71,11,9,2,1,68,8,9,0,0,0
EMP-2232,HR,Engineer,Redis,9,14,8,6,0,60,12,2,1,0,0
EMP-2233,HR,Intern,SQL Server,87,6,6,0,1,146,21,8,1,0,0
EMP-2234,Engineering,Senior Developer,PostgreSQL,54,14,11,3,2,2,20,3,0,0,0
EMP-2235,Data Science,Developer,PostgreSQL,134,4,2,2,2,58,25,7,1,0,0
EMP-2236,Data Science,Manager,CockroachDB,55,4,4,0,2,23,28,3,1,0,0
EMP-2237,HR,Manager,CockroachDB,32,10,5,5,2,13,34,10,1,0,0
EMP-2238,Security,Tech Lead,Oracle,3,12,6,6,5,10,18,5,1,30.67,0
EMP-2239,Engineering,Manager,MariaDB,13,8,7,1,0,9,7,8,1,0,0
EMP-2240,Engineering,Analyst,PostgreSQL,50,9,6,3,1,60,26,7,0,0,0
EMP-2241,Security,Tech Lead,PostgreSQL,127,13,8,5,1,4,15,7,0,0,0
EMP-2242,HR,Junior Developer,MongoDB,-14,14,13,1,4,156,28,6,0,6.0,0
EMP-2243,QA,Tech Lead,SQL Server,140,2,2,0,2,27,31,3,0,0,0
EMP-2244,Engineering,Engineer,PostgreSQL,-23,14,9,5,11,35,5,2,0,100,1
EMP-2245,Data Science,Intern,Oracle,26,7,4,3,1,78,30,4,1,0,0
EMP-2246,QA,Engineer,MariaDB,-4,0,0,0,4,30,8,9,1,0,0
EMP-2247,Data Science,Engineer,MariaDB,-25,6,6,0,3,71,30,6,1,44.83,0
EMP-2248,Operations,Junior Developer,SQL Server,112,8,6,2,1,57,10,4,1,0,0
EMP-2249,Engineering,Senior Developer,Oracle,52,8,5,3,0,1,25,6,1,0,0
EMP-2250,Engineering,Junior Developer,MySQL,147,1,1,0,0,56,13,6,0,0,0
EMP-2251,QA,Junior Developer,MariaDB,114,13,13,0,2,111,33,3,0,0,0
EMP-2252,Engineering,Intern,SQL Server,95,0,0,0,0,167,14,10,1,0,0
EMP-2253,HR,Manager,SQL Server,-31,6,5,1,8,7,39,8,1,100,1
EMP-2254,Finance,Developer,Oracle,-15,11,11,0,5,35,3,7,0,0,0
EMP-2255,Engineering,Senior Developer,Oracle,131,15,13,2,0,26,12,6,1,0,0
EMP-2256,Operations,Analyst,CockroachDB,-4,13,9,4,3,55,23,4,0,15.17,0
EMP-2257,Operations,Junior Developer,MariaDB,107,15,14,1,2,97,5,6,0,0,0
EMP-2258,Infrastructure,Intern,MariaDB,-39,15,8,7,9,113,23,9,1,100,1
EMP-2259,Operations,Analyst,MySQL,84,0,0,0,2,55,2,7,0,1.17,0
EMP-2260,HR,Developer,MongoDB,35,4,4,0,0,52,15,5,0,0,0
EMP-2261,Operations,Manager,PostgreSQL,-21,12,10,2,6,25,11,8,0,60.17,1
EMP-2262,Data Science,Analyst,Oracle,67,13,11,2,1,45,6,6,1,0,0
EMP-2263,Infrastructure,Junior Developer,MariaDB,6,3,3,0,4,31,36,10,0,0,0
EMP-2264,QA,Manager,SQL Server,136,3,2,1,0,19,26,6,1,0,1
EMP-2265,Infrastructure,Engineer,MariaDB,-5,12,10,2,7,68,22,10,1,0,0
EMP-2266,Operations,Junior Developer,PostgreSQL,87,1,1,0,1,119,36,4,1,0,0
EMP-2267,Infrastructure,Manager,Oracle,1,6,3,3,3,31,20,10,1,0,0
EMP-2268,Operations,Analyst,MongoDB,46,1,1,0,1,33,13,3,0,0,0
EMP-2269,Infrastructure,Intern,CockroachDB,19,15,10,5,1,161,17,2,0,8.83,0
EMP-2270,Engineering,Intern,MySQL,30,4,3,1,1,36,22,10,1,0,0
EMP-2271,QA,Analyst,MongoDB,116,10,6,4,1,68,2,7,1,0,0
EMP-2272,Engineering,Junior Developer,MariaDB,35,9,8,1,2,55,9,2,0,0,0
EMP-2273,Engineering,Developer,PostgreSQL,40,1,1,0,1,49,24,9,1,0,0
EMP-2274,Security,Engineer,MariaDB,-32,6,3,3,10,19,8,3,1,100,1
EMP-2275,Engineering,Developer,CockroachDB,147,6,6,0,2,19,16,2,1,0,0
EMP-2276,QA,Junior Developer,MongoDB,89,2,1,1,1,124,24,9,0,0,0
EMP-2277,Engineering,Junior Developer,Redis,102,11,6,5,2,112,38,10,0,10.67,0
EMP-2278,QA,Intern,PostgreSQL,93,11,6,5,0,52,28,9,1,0,0
EMP-2279,Infrastructure,Senior Developer,MariaDB,148,15,8,7,2,34,8,7,0,17.67,0
EMP-2280,QA,Developer,SQL Server,32,10,5,5,1,53,22,3,1,1.83,0
EMP-2281,Engineering,Senior Developer,SQL Server,107,12,9,3,1,24,10,6,1,0,0
EMP-2282,Finance,Senior Developer,PostgreSQL,29,13,9,4,1,23,30,8,1,0,0
EMP-2283,Data Science,Junior Developer,PostgreSQL,117,2,2,0,0,39,22,4,0,0,0
EMP-2284,Operations,Analyst,MongoDB,-34,2,2,0,10,40,39,5,0,100,1
EMP-2285,Data Science,Senior Developer,MySQL,81,12,12,0,1,20,23,9,0,0,0
EMP-2286,Operations,Manager,PostgreSQL,-36,9,8,1,9,5,14,8,1,100,1
EMP-2287,Finance,Intern,MariaDB,27,12,10,2,2,56,21,9,1,0,0
EMP-2288,Engineering,Tech Lead,SQL Server,123,13,8,5,1,11,40,8,0,0,0
EMP-2289,Engineering,Developer,Oracle,4,8,6,2,4,65,10,3,0,14.83,0
EMP-2290,Operations,Intern,Redis,76,8,8,0,2,159,30,8,1,0,0
EMP-2291,Security,Senior Developer,MariaDB,-40,14,8,6,6,19,31,5,1,100,1
EMP-2292,Data Science,Senior Developer,CockroachDB,17,4,3,1,2,4,36,10,1,0,0
EMP-2293,Infrastructure,Analyst,Redis,44,11,6,5,1,26,17,7,0,0,0
EMP-2294,HR,Analyst,Redis,146,9,7,2,0,69,27,6,0,0,0
EMP-2295,Data Science,Senior Developer,CockroachDB,80,4,3,1,2,11,1,6,1,0,0
EMP-2296,Engineering,Manager,MongoDB,-34,7,6,1,11,21,4,2,1,100,1
EMP-2297,Engineering,Manager,MySQL,26,15,12,3,0,13,23,9,0,0,0
EMP-2298,QA,Tech Lead,Redis,130,0,0,0,0,31,15,2,1,0,0
EMP-2299,Infrastructure,Engineer,SQL Server,54,6,3,3,1,44,11,2,1,0,0
EMP-2300,Infrastructure,Intern,SQL Server,31,14,7,7,1,95,34,9,1,0,0
EMP-2301,Security,Engineer,MySQL,126,2,1,1,1,55,7,2,0,15.17,0
EMP-2302,Data Science,Analyst,CockroachDB,141,15,13,2,1,67,38,10,1,0,0
EMP-2303,Security,Senior Developer,SQL Server,139,1,1,0,0,5,15,6,0,0,0
EMP-2304,Security,Tech Lead,MySQL,23,9,5,4,0,8,4,4,1,0,0
EMP-2305,Data Science,Engineer,MariaDB,58,0,0,0,0,66,28,6,1,0,0
EMP-2306,Operations,Intern,CockroachDB,103,2,1,1,2,81,2,5,1,0,1
EMP-2307,HR,Developer,Oracle,81,3,3,0,1,56,37,10,0,0,0
EMP-2308,QA,Developer,MariaDB,60,9,8,1,1,26,9,8,0,0,0
EMP-2309,Data Science,Senior Developer,MongoDB,80,13,8,5,1,13,36,5,1,0,0
EMP-2310,Finance,Manager,MariaDB,43,4,3,1,2,22,37,10,1,0,0
EMP-2311,QA,Senior Developer,Redis,117,14,14,0,2,25,29,4,1,0,0
EMP-2312,Operations,Junior Developer,PostgreSQL,131,0,0,0,1,110,37,2,1,0,0
EMP-2313,Infrastructure,Manager,Redis,27,3,2,1,2,32,8,2,1,0,0
EMP-2314,QA,Senior Developer,PostgreSQL,-4,11,9,2,9,31,38,7,0,35.17,0
EMP-2315,Finance,Junior Developer,MySQL,100,14,10,4,0,54,12,3,1,0,0
EMP-2316,Engineering,Tech Lead,MySQL,69,14,9,5,0,31,34,10,0,0,0
EMP-2317,Data Science,Tech Lead,PostgreSQL,1,12,10,2,1,19,23,6,0,0,0
EMP-2318,Data Science,Manager,SQL Server,116,12,8,4,1,13,1,8,0,0,0
EMP-2319,Data Science,Tech Lead,MongoDB,75,1,1,0,0,7,10,8,0,0,0
EMP-2320,Infrastructure,Intern,Redis,96,6,6,0,2,41,30,10,1,0,0
EMP-2321,Security,Engineer,CockroachDB,3,2,2,0,4,59,12,2,1,0.83,0
EMP-2322,HR,Intern,Oracle,11,12,9,3,1,25,30,4,1,0,0
EMP-2323,Security,Intern,MongoDB,29,5,3,2,2,94,23,7,1,0,0
EMP-2324,Infrastructure,Intern,SQL Server,70,11,7,4,1,82,2,10,1,0,0
EMP-2325,HR,Intern,PostgreSQL,10,11,9,2,2,137,28,8,1,0,0
EMP-2326,Finance,Intern,PostgreSQL,128,3,2,1,2,60,21,5,0,6.0,0
EMP-2327,Infrastructure,Analyst,MongoDB,110,13,9,4,2,28,23,9,1,0,0
EMP-2328,Infrastructure,Manager,MariaDB,45,9,7,2,1,27,32,7,1,0,0
EMP-2329,Infrastructure,Junior Developer,MariaDB,63,10,7,3,1,71,24,7,1,0,0
EMP-2330,Finance,Engineer,MySQL,-3,10,8,2,10,59,1,4,1,40.83,0
EMP-2331,QA,Senior Developer,CockroachDB,104,11,9,2,0,20,38,6,1,0,0
EMP-2332,HR,Engineer,PostgreSQL,30,9,6,3,0,23,34,2,1,0,0
EMP-2333,Finance,Intern,CockroachDB,-34,9,7,2,7,27,10,9,1,100,1
EMP-2334,HR,Analyst,Redis,39,6,4,2,2,53,36,8,0,0,0
EMP-2335,Operations,Manager,MariaDB,-10,13,10,3,8,22,1,4,0,63.67,1
EMP-2336,Infrastructure,Analyst,SQL Server,-21,15,15,0,11,24,16,4,1,37.0,1
EMP-2337,Finance,Engineer,MongoDB,-39,10,7,3,5,49,13,7,0,100,1
EMP-2338,HR,Senior Developer,MySQL,36,10,8,2,1,26,19,10,0,0,0
EMP-2339,Engineering,Engineer,SQL Server,48,2,2,0,2,29,7,9,1,0,0
EMP-2340,QA,Senior Developer,PostgreSQL,49,10,8,2,0,9,40,2,0,0,0
EMP-2341,Engineering,Intern,SQL Server,113,11,8,3,1,155,21,3,1,0,0
EMP-2342,Security,Junior Developer,Redis,49,6,5,1,2,67,19,2,0,0,0
EMP-2343,Data Science,Engineer,CockroachDB,67,13,12,1,1,35,38,9,0,0,0
EMP-2344,Engineering,Developer,Redis,82,10,8,2,0,14,32,10,0,0,0
EMP-2345,Operations,Manager,MongoDB,29,0,0,0,1,25,21,4,1,0,0
EMP-2346,Security,Analyst,SQL Server,40,8,7,1,2,19,37,2,1,0,1
EMP-2347,QA,Junior Developer,MongoDB,101,11,7,4,1,72,19,9,1,0,0
EMP-2348,Finance,Developer,MongoDB,76,5,5,0,1,69,30,2,0,0,0
EMP-2349,QA,Intern,PostgreSQL,19,0,0,0,2,29,18,2,1,0,0
EMP-2350,Engineering,Tech Lead,Redis,148,13,10,3,2,4,3,4,1,0,0
EMP-2351,QA,Intern,Oracle,125,0,0,0,0,61,36,9,0,0,0
EMP-2352,Finance,Senior Developer,Oracle,13,15,14,1,0,3,12,4,0,0,0
EMP-2353,QA,Intern,MySQL,83,11,6,5,2,146,34,4,1,15.33,0
EMP-2354,Engineering,Analyst,Redis,145,11,7,4,2,38,26,3,1,0,0
EMP-2355,Infrastructure,Manager,MySQL,93,4,4,0,1,29,34,3,1,0,0
EMP-2356,HR,Engineer,MongoDB,9,1,1,0,1,37,30,10,1,0,0
EMP-2357,Operations,Intern,Redis,117,4,4,0,2,91,26,8,1,0,0
EMP-2358,Finance,Junior Developer,MySQL,-23,0,0,0,6,136,19,6,1,100,1
EMP-2359,Infrastructure,Tech Lead,CockroachDB,-19,2,1,1,10,31,39,5,0,100,1
EMP-2360,Finance,Senior Developer,MongoDB,62,0,0,0,0,36,8,9,1,0,0
EMP-2361,Operations,Tech Lead,CockroachDB,137,15,14,1,2,26,34,9,1,0,0
EMP-2362,Finance,Junior Developer,CockroachDB,35,0,0,0,0,109,20,7,0,0,0
EMP-2363,HR,Intern,PostgreSQL,-17,9,5,4,10,69,8,10,0,100,1
EMP-2364,Security,Senior Developer,MariaDB,142,10,9,1,1,25,19,6,0,0,0
EMP-2365,Infrastructure,Engineer,Redis,140,9,5,4,0,14,17,9,1,0,0
EMP-2366,Infrastructure,Intern,SQL Server,83,0,0,0,2,54,14,10,0,0,0
EMP-2367,Infrastructure,Tech Lead,MariaDB,62,0,0,0,2,29,40,10,1,0,0
EMP-2368,Operations,Engineer,SQL Server,-32,0,0,0,6,27,3,4,1,100,1
EMP-2369,Data Science,Analyst,MySQL,64,15,13,2,0,20,13,4,1,0,0
EMP-2370,QA,Analyst,Oracle,125,5,3,2,1,61,32,4,1,0,0
EMP-2371,Data Science,Senior Developer,PostgreSQL,85,2,2,0,2,27,39,10,0,0,0
EMP-2372,Finance,Developer,Oracle,70,3,3,0,0,33,30,4,1,0,0
EMP-2373,HR,Analyst,MySQL,8,0,0,0,0,70,4,5,0,0,0
EMP-2374,QA,Tech Lead,MySQL,46,1,1,0,0,22,8,3,0,0,0
EMP-2375,Infrastructure,Tech Lead,Redis,51,1,1,0,0,4,27,4,0,0,0
EMP-2376,QA,Tech Lead,PostgreSQL,76,4,2,2,1,18,10,8,1,0,0
EMP-2377,Security,Senior Developer,MySQL,108,4,3,1,0,32,3,4,1,0,0
EMP-2378,Finance,Engineer,SQL Server,-24,13,9,4,10,25,22,10,0,100,1
EMP-2379,Operations,Engineer,Oracle,94,2,1,1,1,67,13,2,1,0,0
EMP-2380,Security,Senior Developer,Redis,48,1,1,0,1,17,22,3,1,0,0
EMP-2381,Data Science,Senior Developer,CockroachDB,1,1,1,0,1,26,20,5,1,0,0
EMP-2382,Finance,Developer,Oracle,23,2,2,0,0,57,21,5,1,0,1
EMP-2383,Operations,Intern,PostgreSQL,61,8,5,3,2,166,2,9,1,0,0
EMP-2384,Security,Engineer,SQL Server,20,4,3,1,2,66,31,10,1,0,0
EMP-2385,Finance,Senior Developer,PostgreSQL,90,8,7,1,1,14,10,8,0,0,0
EMP-2386,Security,Intern,MongoDB,-34,7,7,0,12,61,5,2,0,100,1
EMP-2387,Data Science,Manager,Oracle,-30,12,11,1,6,19,1,10,0,67.17,1
EMP-2388,QA,Senior Developer,MariaDB,64,14,7,7,0,8,29,4,1,0,1
EMP-2389,Engineering,Tech Lead,Oracle,120,9,8,1,1,36,13,6,1,0,0
EMP-2390,QA,Senior Developer,CockroachDB,12,14,11,3,2,35,7,5,1,0,0
EMP-2391,Security,Manager,PostgreSQL,-3,6,4,2,3,10,37,5,0,15.67,0
EMP-2392,Infrastructure,Tech Lead,SQL Server,65,2,2,0,2,22,31,8,0,0,0
EMP-2393,Finance,Junior Developer,MongoDB,26,4,3,1,0,104,25,10,1,0,0
EMP-2394,Security,Tech Lead,PostgreSQL,-29,5,5,0,5,16,9,5,1,83.67,1
EMP-2395,Data Science,Engineer,SQL Server,124,11,6,5,1,54,28,5,0,11.0,0
EMP-2396,Security,Engineer,PostgreSQL,-2,13,11,2,12,19,19,4,1,26.17,0
EMP-2397,Engineering,Analyst,CockroachDB,-37,10,6,4,5,27,27,8,1,100,1
EMP-2398,Finance,Junior Developer,PostgreSQL,64,6,5,1,0,159,33,10,1,0,0
EMP-2399,HR,Senior Developer,MariaDB,91,10,7,3,2,22,14,9,1,0,0
EMP-2400,HR,Analyst,CockroachDB,122,1,1,0,1,15,6,8,0,0,0
EMP-2401,QA,Senior Developer,MongoDB,95,13,9,4,0,15,1,10,1,0,0
EMP-2402,Infrastructure,Senior Developer,CockroachDB,-33,0,0,0,11,6,2,9,1,100,1
EMP-2403,QA,Tech Lead,MongoDB,81,4,2,2,2,11,28,9,0,0,0
EMP-2404,Engineering,Senior Developer,Oracle,109,15,15,0,0,13,25,2,1,0,0
EMP-2405,QA,Junior Developer,Redis,71,1,1,0,0,151,39,8,1,0,0
EMP-2406,QA,Senior Developer,MongoDB,116,6,3,3,2,24,34,3,1,0,0
EMP-2407,Security,Senior Developer,Oracle,11,12,10,2,1,9,6,6,1,0,0
EMP-2408,Finance,Developer,MongoDB,-23,9,9,0,3,50,6,10,0,18.33,1
EMP-2409,Data Science,Junior Developer,Redis,17,2,2,0,0,38,29,4,1,0,0
EMP-2410,Operations,Junior Developer,Oracle,61,12,9,3,2,44,27,7,0,0,0
EMP-2411,Infrastructure,Engineer,PostgreSQL,78,3,3,0,0,34,28,4,0,0,0
EMP-2412,Security,Developer,CockroachDB,65,12,7,5,2,22,40,2,1,0,0
EMP-2413,QA,Manager,Redis,-17,3,3,0,11,30,28,2,1,100,1
EMP-2414,Finance,Junior Developer,CockroachDB,117,11,10,1,2,131,40,10,1,0,0
EMP-2415,Finance,Analyst,MongoDB,-39,3,3,0,8,38,20,9,1,100,1
EMP-2416,Data Science,Engineer,Redis,47,4,4,0,0,47,25,5,1,0,0
EMP-2417,Finance,Developer,CockroachDB,95,12,7,5,2,34,37,3,1,0,0
EMP-2418,Infrastructure,Engineer,MongoDB,132,8,8,0,2,25,23,6,1,0,0
EMP-2419,Operations,Engineer,Oracle,68,7,4,3,2,70,9,9,1,0,0
EMP-2420,Engineering,Intern,Oracle,-3,2,1,1,10,139,2,10,1,74.17,1
EMP-2421,Data Science,Tech Lead,Redis,15,6,5,1,0,17,25,7,1,0,0
EMP-2422,Security,Engineer,MySQL,88,11,6,5,1,53,28,5,1,0,0
EMP-2423,HR,Intern,SQL Server,53,1,1,0,0,48,6,3,0,0,0
EMP-2424,Data Science,Senior Developer,PostgreSQL,97,13,11,2,2,11,21,3,1,0,0
EMP-2425,Finance,Intern,MariaDB,94,10,6,4,2,42,33,8,1,0,1
EMP-2426,Data Science,Developer,MySQL,37,9,8,1,0,44,33,8,0,0,0
EMP-2427,Finance,Senior Developer,Redis,0,5,4,1,3,28,9,9,0,0,0
EMP-2428,Infrastructure,Analyst,MySQL,96,9,5,4,1,36,1,6,1,0,0
EMP-2429,Security,Senior Developer,PostgreSQL,-3,3,2,1,6,2,16,3,1,31.33,0
EMP-2430,Engineering,Manager,MariaDB,35,10,9,1,0,19,8,5,1,0,0
EMP-2431,Operations,Engineer,Oracle,-20,14,11,3,9,16,29,2,1,87.67,1
EMP-2432,Security,Senior Developer,MariaDB,3,7,6,1,1,23,38,5,1,0,0
EMP-2433,Operations,Tech Lead,Redis,29,13,8,5,1,19,11,10,0,0,0
EMP-2434,Engineering,Senior Developer,MySQL,15,12,9,3,0,35,12,2,0,0,0
EMP-2435,Finance,Tech Lead,MariaDB,78,3,2,1,2,26,21,4,0,4.33,0
EMP-2436,Engineering,Senior Developer,CockroachDB,-15,5,5,0,8,21,4,10,1,38.5,0
EMP-2437,Operations,Intern,PostgreSQL,110,8,7,1,0,125,7,8,1,0,0
EMP-2438,Operations,Tech Lead,CockroachDB,5,7,5,2,5,18,20,7,1,0,0
EMP-2439,Infrastructure,Tech Lead,SQL Server,129,15,11,4,2,35,37,10,0,0,0
EMP-2440,Security,Manager,MariaDB,-11,15,14,1,10,34,9,5,0,29.67,0
EMP-2441,Engineering,Engineer,MongoDB,89,2,1,1,2,27,32,2,1,0,0
EMP-2442,HR,Senior Developer,MongoDB,49,11,8,3,0,16,31,10,1,0,0
EMP-2443,Security,Developer,SQL Server,103,5,5,0,0,54,23,5,1,0,0
EMP-2444,Operations,Intern,CockroachDB,129,0,0,0,1,164,18,8,1,0,0
EMP-2445,Security,Engineer,MariaDB,113,12,6,6,2,23,4,2,0,39.83,0
EMP-2446,QA,Tech Lead,CockroachDB,142,12,10,2,0,27,32,2,0,0,0
EMP-2447,Engineering,Tech Lead,MongoDB,85,10,9,1,1,24,11,4,0,0,0
EMP-2448,Security,Tech Lead,MongoDB,68,7,6,1,1,26,35,8,1,0,0
EMP-2449,Operations,Senior Developer,PostgreSQL,6,8,4,4,1,7,12,10,0,0,0
EMP-2450,Security,Developer,PostgreSQL,13,15,14,1,0,63,28,4,1,0,0
EMP-2451,Finance,Manager,SQL Server,-34,11,10,1,6,22,40,5,0,100,1
EMP-2452,Engineering,Developer,MariaDB,128,4,3,1,1,44,33,9,1,0,1
EMP-2453,Security,Manager,MariaDB,75,8,5,3,0,24,20,4,0,0,0
EMP-2454,Security,Engineer,MariaDB,21,14,10,4,1,25,37,3,1,0,0
EMP-2455,QA,Manager,PostgreSQL,-9,13,7,6,9,10,7,2,1,100,1
EMP-2456,Data Science,Tech Lead,Oracle,7,8,4,4,5,18,37,2,1,36.0,0
EMP-2457,Finance,Developer,Oracle,24,12,7,5,1,12,18,8,0,0,0
EMP-2458,Operations,Manager,SQL Server,92,4,4,0,0,10,20,6,0,0,0
EMP-2459,HR,Intern,Oracle,77,5,3,2,1,62,9,7,1,0,0
EMP-2460,Infrastructure,Junior Developer,Redis,98,14,10,4,1,58,6,4,0,0,0
EMP-2461,Operations,Manager,PostgreSQL,74,3,3,0,1,36,2,4,0,0,0
EMP-2462,Engineering,Senior Developer,SQL Server,20,0,0,0,2,31,20,9,1,0,0
EMP-2463,QA,Manager,MongoDB,26,12,8,4,0,3,22,3,1,0,0
EMP-2464,Infrastructure,Analyst,SQL Server,115,0,0,0,0,22,33,10,1,0,0
EMP-2465,Engineering,Tech Lead,PostgreSQL,98,1,1,0,1,30,11,3,1,0,0
EMP-2466,Engineering,Analyst,MariaDB,124,4,4,0,0,24,15,8,0,0,0
EMP-2467,QA,Tech Lead,Redis,36,0,0,0,2,24,35,4,0,8.0,0
EMP-2468,Infrastructure,Manager,PostgreSQL,-17,8,7,1,3,2,27,7,1,1.33,0
EMP-2469,Data Science,Engineer,SQL Server,22,9,8,1,2,16,8,3,1,0,0
EMP-2470,Infrastructure,Manager,MySQL,86,11,11,0,2,7,13,4,1,0,0
EMP-2471,Data Science,Junior Developer,PostgreSQL,73,1,1,0,2,111,7,2,1,0,1
EMP-2472,Engineering,Intern,MariaDB,-33,3,2,1,10,120,1,6,0,100,1
EMP-2473,Finance,Developer,Redis,128,6,4,2,1,15,26,8,1,0,0
EMP-2474,Security,Manager,MySQL,88,9,7,2,0,8,14,10,1,0,0
EMP-2475,Data Science,Intern,MariaDB,33,5,4,1,1,144,33,7,1,0,0
EMP-2476,Engineering,Engineer,CockroachDB,131,8,8,0,0,19,26,3,1,0,0
EMP-2477,QA,Intern,SQL Server,52,1,1,0,0,151,1,5,1,0,0
EMP-2478,Engineering,Junior Developer,MariaDB,117,15,11,4,1,93,1,3,1,0,0
EMP-2479,Security,Manager,PostgreSQL,87,4,3,1,0,21,2,4,0,0,0
EMP-2480,HR,Developer,PostgreSQL,127,8,4,4,1,24,32,5,1,0,0
EMP-2481,Infrastructure,Junior Developer,SQL Server,145,2,2,0,1,75,36,5,1,0,0
EMP-2482,HR,Engineer,SQL Server,11,12,7,5,2,28,26,3,1,0,0
EMP-2483,Data Science,Senior Developer,MongoDB,73,5,3,2,0,29,22,10,1,0,0
EMP-2484,HR,Manager,MySQL,98,4,2,2,0,1,36,6,0,0,0
EMP-2485,QA,Intern,MongoDB,98,6,6,0,0,162,32,4,0,0,0
EMP-2486,Engineering,Junior Developer,Oracle,-8,0,0,0,8,124,31,7,1,79.67,1
EMP-2487,Security,Senior Developer,Oracle,55,11,9,2,1,5,25,4,0,0,0
EMP-2488,Infrastructure,Tech Lead,CockroachDB,50,12,9,3,1,12,27,8,1,0,0
EMP-2489,Data Science,Manager,Redis,67,8,5,3,1,36,18,7,0,0,0
EMP-2490,Engineering,Intern,SQL Server,9,3,2,1,1,134,18,5,0,8.33,0
EMP-2491,Finance,Tech Lead,SQL Server,17,11,9,2,2,7,36,9,0,0,0
EMP-2492,Data Science,Developer,Oracle,5,10,10,0,4,37,9,2,1,0,0
EMP-2493,Finance,Intern,Oracle,30,10,8,2,0,141,19,3,1,0,0
EMP-2494,QA,Intern,Oracle,22,10,6,4,0,42,20,10,1,0,0
EMP-2495,QA,Developer,Oracle,2,0,0,0,5,46,40,2,1,24.67,0
EMP-2496,Operations,Developer,MySQL,141,7,5,2,1,37,26,5,1,0,0
EMP-2497,Data Science,Senior Developer,MariaDB,58,13,8,5,0,18,38,4,1,0,0
EMP-2498,Security,Engineer,Oracle,11,6,3,3,2,53,9,6,0,16.83,0
EMP-2499,Finance,Engineer,PostgreSQL,128,11,11,0,1,19,28,3,0,0,0
EMP-2500,Operations,Senior Developer,Oracle,147,10,5,5,1,30,34,8,1,0,0
EMP-2501,Data Science,Analyst,PostgreSQL,93,1,1,0,2,51,37,9,0,0,0
EMP-2502,Operations,Junior Developer,Oracle,15,1,1,0,1,132,5,6,1,0,0
EMP-2503,Security,Analyst,Redis,112,4,3,1,0,15,20,5,0,0,0
EMP-2504,QA,Analyst,PostgreSQL,58,1,1,0,2,16,3,10,1,0,0
EMP-2505,Security,Intern,MariaDB,3,2,1,1,3,74,18,6,1,0,0
EMP-2506,Data Science,Junior Developer,Redis,45,10,6,4,1,109,16,8,0,0,0
EMP-2507,Engineering,Manager,Oracle,125,11,6,5,2,23,6,4,0,19.83,0
EMP-2508,Finance,Tech Lead,SQL Server,119,4,2,2,0,33,39,7,0,0,0
EMP-2509,QA,Engineer,MariaDB,41,10,5,5,1,59,38,9,0,3.83,0
EMP-2510,Engineering,Junior Developer,MongoDB,48,10,9,1,1,45,8,3,0,0,0
EMP-2511,Operations,Intern,MongoDB,37,1,1,0,0,144,19,3,0,4.0,0
EMP-2512,Security,Tech Lead,MongoDB,97,4,2,2,0,25,24,6,0,0,0
EMP-2513,HR,Intern,MariaDB,5,11,10,1,5,25,8,7,1,0,0
EMP-2514,Engineering,Developer,MongoDB,84,2,2,0,2,19,36,5,0,0,0
EMP-2515,Infrastructure,Intern,CockroachDB,86,13,12,1,0,61,5,7,1,0,0
EMP-2516,Data Science,Tech Lead,Oracle,17,6,3,3,2,34,39,3,0,25.67,0
EMP-2517,Data Science,Engineer,Oracle,-16,13,12,1,9,17,16,5,0,52.83,0
EMP-2518,Security,Developer,MySQL,141,5,4,1,2,70,3,4,1,0,0
EMP-2519,Engineering,Tech Lead,PostgreSQL,42,6,3,3,1,30,26,5,0,7.0,0
EMP-2520,Operations,Engineer,Oracle,150,9,9,0,1,46,12,2,0,0,0
EMP-2521,QA,Developer,Redis,55,3,2,1,1,14,8,8,0,0,0
EMP-2522,Finance,Intern,MariaDB,132,9,7,2,1,65,33,2,1,0,0
EMP-2523,HR,Analyst,MongoDB,95,14,10,4,0,65,22,6,1,0,0
EMP-2524,Data Science,Junior Developer,SQL Server,86,8,7,1,1,117,26,4,0,0,0
EMP-2525,Operations,Intern,MongoDB,127,9,9,0,1,123,21,6,0,0,0
EMP-2526,Data Science,Analyst,MariaDB,37,12,11,1,1,59,18,9,0,0,0
EMP-2527,Finance,Engineer,SQL Server,76,3,3,0,1,71,36,3,0,0,0
EMP-2528,HR,Junior Developer,SQL Server,22,14,12,2,2,106,36,5,1,0,0
EMP-2529,Operations,Tech Lead,Redis,101,8,7,1,2,4,35,7,0,0,0
EMP-2530,HR,Developer,CockroachDB,143,3,2,1,0,45,15,2,1,0,0
EMP-2531,Data Science,Developer,MySQL,44,14,10,4,0,17,25,3,1,0,0
EMP-2532,Engineering,Tech Lead,CockroachDB,128,7,6,1,0,4,25,7,1,0,0
EMP-2533,Engineering,Intern,MongoDB,74,5,5,0,0,82,33,10,1,0,0
EMP-2534,Engineering,Tech Lead,SQL Server,61,12,8,4,2,25,5,8,0,0,0
EMP-2535,Finance,Manager,MariaDB,33,2,2,0,1,9,24,7,0,0,0
EMP-2536,Infrastructure,Manager,MariaDB,115,3,3,0,0,15,6,6,1,0,0
EMP-2537,Engineering,Intern,SQL Server,20,6,5,1,2,144,17,8,0,0,0
EMP-2538,Engineering,Developer,MongoDB,-25,6,5,1,12,51,31,2,0,100,1
EMP-2539,Infrastructure,Manager,Redis,142,1,1,0,2,22,25,8,1,0,0
EMP-2540,Engineering,Intern,Redis,-4,8,4,4,3,48,34,2,0,62.0,1
EMP-2541,Data Science,Analyst,MongoDB,125,15,11,4,1,44,14,8,1,0,0
EMP-2542,Finance,Analyst,MySQL,71,15,15,0,1,28,10,6,1,0,0
EMP-2543,HR,Developer,MongoDB,27,1,1,0,2,66,3,8,1,0,0
EMP-2544,Finance,Engineer,MySQL,69,15,11,4,1,55,18,7,0,0,0
EMP-2545,Operations,Analyst,PostgreSQL,145,6,4,2,1,28,14,8,0,0,0
EMP-2546,Data Science,Senior Developer,MongoDB,-26,5,3,2,8,7,21,5,1,100,1
EMP-2547,Operations,Manager,CockroachDB,42,13,7,6,2,11,28,8,1,0,0
EMP-2548,HR,Junior Developer,MariaDB,71,13,9,4,1,166,4,9,0,0,0
EMP-2549,Infrastructure,Engineer,CockroachDB,130,3,3,0,2,15,19,4,0,0,0
EMP-2550,Operations,Engineer,Oracle,37,12,11,1,2,52,10,7,1,0,0
EMP-2551,QA,Senior Developer,Redis,19,15,12,3,1,9,26,7,0,0,0
EMP-2552,QA,Intern,SQL Server,75,3,3,0,0,145,23,2,0,0,0
EMP-2553,Engineering,Developer,CockroachDB,65,2,2,0,1,42,24,8,0,0,0
EMP-2554,Infrastructure,Manager,PostgreSQL,95,1,1,0,2,28,12,8,0,0,0
EMP-2555,Finance,Manager,SQL Server,54,6,3,3,0,21,17,8,1,0,0
EMP-2556,Engineering,Manager,MongoDB,149,1,1,0,1,12,38,5,1,0,0
EMP-2557,Security,Analyst,MySQL,-11,0,0,0,5,40,25,2,1,67.67,1
EMP-2558,Security,Junior Developer,CockroachDB,108,15,12,3,0,159,40,6,1,0,0
EMP-2559,QA,Engineer,SQL Server,61,11,7,4,0,64,18,8,1,0,0
EMP-2560,Infrastructure,Developer,MongoDB,99,2,2,0,2,42,19,10,0,0,0
EMP-2561,HR,Manager,CockroachDB,145,13,8,5,1,12,22,2,0,0,0
EMP-2562,Infrastructure,Intern,MongoDB,47,11,9,2,2,96,26,6,1,0,0
EMP-2563,Engineering,Senior Developer,CockroachDB,-19,3,2,1,10,22,30,6,0,100,1
EMP-2564,Security,Engineer,MySQL,29,5,3,2,2,71,30,5,1,0,0
EMP-2565,Operations,Junior Developer,MongoDB,23,1,1,0,1,165,3,9,1,0,0
EMP-2566,HR,Analyst,PostgreSQL,137,5,4,1,2,59,22,3,1,0,0
EMP-2567,HR,Engineer,MySQL,29,3,3,0,2,28,39,5,1,0,0
EMP-2568,HR,Analyst,PostgreSQL,107,13,7,6,1,51,24,5,1,0,0
EMP-2569,Data Science,Developer,MongoDB,-17,6,5,1,9,61,33,4,0,100,1
EMP-2570,Security,Developer,CockroachDB,18,2,1,1,2,44,16,5,1,0,0
EMP-2571,Finance,Engineer,MySQL,-36,4,2,2,10,14,8,2,1,100,1
EMP-2572,QA,Analyst,SQL Server,-30,11,11,0,11,26,40,6,1,97.33,1
EMP-2573,Engineering,Senior Developer,SQL Server,129,2,1,1,2,34,5,3,0,17.67,0
EMP-2574,Finance,Analyst,PostgreSQL,146,14,7,7,1,62,14,5,0,28.33,0
EMP-2575,HR,Engineer,MySQL,82,2,2,0,0,57,30,8,1,0,0
EMP-2576,HR,Developer,SQL Server,51,2,2,0,1,72,11,10,1,0,0
EMP-2577,Infrastructure,Manager,Redis,82,3,2,1,2,16,22,4,1,0,0
EMP-2578,Security,Manager,CockroachDB,61,11,11,0,2,3,22,6,1,0,0
EMP-2579,Security,Manager,PostgreSQL,74,7,4,3,1,6,13,2,1,0,0
EMP-2580,QA,Manager,SQL Server,106,15,14,1,2,12,13,8,0,0,0
EMP-2581,Engineering,Intern,PostgreSQL,13,4,2,2,1,151,33,7,0,15.17,0
EMP-2582,QA,Analyst,MySQL,46,9,8,1,1,31,20,8,1,0,0
EMP-2583,Finance,Tech Lead,PostgreSQL,-27,14,8,6,3,16,26,2,0,100,1
EMP-2584,Finance,Tech Lead,CockroachDB,41,10,10,0,1,6,26,9,0,0,0
EMP-2585,Security,Developer,Redis,-22,14,11,3,12,62,1,3,1,100,1
EMP-2586,Security,Manager,Oracle,106,4,4,0,1,9,38,3,1,0,0
EMP-2587,Finance,Tech Lead,PostgreSQL,55,2,1,1,2,26,37,10,1,0,0
EMP-2588,Engineering,Senior Developer,PostgreSQL,-16,7,5,2,8,32,11,4,1,92.33,1
EMP-2589,Finance,Developer,MySQL,64,1,1,0,1,35,22,8,1,0,0
EMP-2590,Finance,Engineer,CockroachDB,85,5,4,1,1,60,28,5,1,0,0
EMP-2591,Operations,Developer,MariaDB,-23,14,7,7,9,64,10,4,0,100,1
EMP-2592,Finance,Manager,Redis,121,2,2,0,0,28,11,5,1,0,0
EMP-2593,HR,Junior Developer,MariaDB,-23,5,5,0,11,53,27,2,1,100,1
EMP-2594,Infrastructure,Intern,MariaDB,18,4,3,1,1,155,7,3,0,11.83,0
EMP-2595,QA,Developer,PostgreSQL,142,7,4,3,0,46,24,8,1,0,0
EMP-2596,Operations,Engineer,CockroachDB,23,13,7,6,2,69,25,4,1,6.5,0
EMP-2597,Security,Senior Developer,MongoDB,92,11,10,1,0,36,5,10,0,0,0
EMP-2598,Data Science,Analyst,Oracle,43,5,3,2,0,35,10,5,1,0,0
EMP-2599,Finance,Senior Developer,MongoDB,3,8,7,1,2,20,30,7,1,0,0
EMP-2600,HR,Manager,Oracle,34,10,8,2,2,2,33,10,0,0,0
EMP-2601,Infrastructure,Manager,PostgreSQL,142,2,2,0,1,17,3,5,0,0,0
EMP-2602,Security,Developer,CockroachDB,108,7,4,3,1,31,16,5,0,0,0
EMP-2603,QA,Intern,MariaDB,133,5,4,1,2,62,33,8,1,0,0
EMP-2604,HR,Developer,Redis,89,5,5,0,0,47,36,9,1,0,0
EMP-2605,Infrastructure,Developer,MySQL,-19,4,3,1,9,18,12,4,1,100,1
EMP-2606,HR,Engineer,MySQL,53,10,10,0,1,58,1,9,0,0,0
EMP-2607,HR,Developer,CockroachDB,-22,14,8,6,9,71,27,8,0,100,0
EMP-2608,HR,Engineer,Redis,117,13,11,2,1,47,31,5,1,0,0
EMP-2609,Finance,Tech Lead,SQL Server,-30,15,12,3,10,10,22,7,1,100,1
EMP-2610,Operations,Developer,CockroachDB,4,15,15,0,2,33,23,4,1,0,0
EMP-2611,Finance,Junior Developer,MariaDB,5,12,8,4,4,165,34,6,1,2.5,0
EMP-2612,Security,Manager,SQL Server,123,15,11,4,1,18,25,6,0,0,0
EMP-2613,Data Science,Senior Developer,Redis,32,3,2,1,0,32,13,7,0,0,0
EMP-2614,HR,Intern,PostgreSQL,77,6,4,2,2,120,10,8,1,0,0
EMP-2615,Finance,Intern,Oracle,107,0,0,0,2,53,34,8,1,0,0
EMP-2616,Data Science,Senior Developer,MySQL,17,9,7,2,2,2,23,8,1,0,0
EMP-2617,QA,Manager,MariaDB,1,11,8,3,5,2,34,10,1,0,0
EMP-2618,HR,Developer,PostgreSQL,52,2,2,0,2,26,19,2,0,0.33,0
EMP-2619,HR,Developer,Oracle,98,13,7,6,2,42,32,10,1,0,0
EMP-2620,Finance,Senior Developer,MySQL,36,3,2,1,1,16,35,10,1,0,0
EMP-2621,HR,Developer,MongoDB,99,15,13,2,1,15,15,5,1,0,0
EMP-2622,Operations,Junior Developer,PostgreSQL,64,3,3,0,2,165,27,10,1,0,0
EMP-2623,QA,Analyst,MongoDB,42,2,1,1,1,57,18,7,1,0,0
EMP-2624,Security,Engineer,MongoDB,61,5,4,1,2,28,38,3,1,0,0
EMP-2625,Finance,Developer,MariaDB,5,5,5,0,3,21,7,2,1,0,0
EMP-2626,Infrastructure,Junior Developer,Oracle,8,3,2,1,2,37,38,10,0,0,0
EMP-2627,Data Science,Senior Developer,MariaDB,98,0,0,0,0,24,37,6,1,0,0
EMP-2628,Security,Senior Developer,SQL Server,94,4,4,0,2,25,25,10,1,0,0
EMP-2629,Operations,Analyst,Oracle,10,8,8,0,0,42,2,6,1,0,0
EMP-2630,Security,Intern,Redis,19,4,2,2,1,43,13,7,0,0,0
EMP-2631,Infrastructure,Manager,MySQL,30,11,11,0,2,35,37,10,0,0,0
EMP-2632,QA,Developer,SQL Server,101,8,6,2,0,28,4,8,0,0,0
EMP-2633,Operations,Manager,CockroachDB,34,1,1,0,0,11,26,10,0,0,0
EMP-2634,Data Science,Manager,Redis,-32,8,7,1,4,9,5,2,1,92.5,1
EMP-2635,Data Science,Engineer,CockroachDB,11,10,8,2,0,47,29,10,1,0,0
EMP-2636,Data Science,Junior Developer,CockroachDB,-7,3,2,1,9,138,37,10,1,72.0,1
EMP-2637,Data Science,Junior Developer,MySQL,89,14,13,1,1,56,34,2,0,0,0
EMP-2638,QA,Junior Developer,CockroachDB,-11,8,4,4,8,124,2,10,1,95.67,1
EMP-2639,HR,Engineer,Redis,-16,6,3,3,8,36,1,7,0,100,1
EMP-2640,Operations,Analyst,CockroachDB,130,0,0,0,0,31,6,8,1,0,0
EMP-2641,Engineering,Tech Lead,Oracle,-11,3,2,1,11,10,3,5,0,100,1
EMP-2642,Finance,Manager,Redis,129,2,1,1,0,24,4,4,1,0,0
EMP-2643,Data Science,Manager,MariaDB,57,8,8,0,0,16,36,8,0,0,0
EMP-2644,Finance,Developer,PostgreSQL,-2,0,0,0,8,29,8,6,0,68.83,1
EMP-2645,Operations,Manager,MongoDB,-29,5,4,1,3,36,12,9,1,71.0,1
EMP-2646,QA,Tech Lead,MongoDB,97,5,3,2,0,26,10,10,1,0,0
EMP-2647,Finance,Intern,CockroachDB,126,0,0,0,1,141,29,10,0,0,0
EMP-2648,Engineering,Senior Developer,MongoDB,145,4,2,2,2,36,34,7,1,0,0
EMP-2649,QA,Analyst,SQL Server,138,0,0,0,2,25,21,8,0,0,0
EMP-2650,Operations,Tech Lead,MariaDB,110,5,3,2,2,2,12,3,0,8.33,0
EMP-2651,Finance,Senior Developer,MariaDB,-6,6,5,1,8,25,34,9,1,19.17,0
EMP-2652,Infrastructure,Analyst,Oracle,-31,11,6,5,11,16,12,6,1,100,1
EMP-2653,Data Science,Manager,MariaDB,141,9,8,1,0,19,27,5,1,0,0
EMP-2654,Security,Junior Developer,Redis,66,0,0,0,1,92,19,10,1,0,0
EMP-2655,Infrastructure,Tech Lead,PostgreSQL,3,0,0,0,2,33,7,7,0,0,0
EMP-2656,Infrastructure,Intern,MongoDB,-38,11,7,4,5,45,22,6,1,100,1
EMP-2657,Engineering,Intern,MongoDB,-11,12,7,5,5,77,19,3,1,73.83,1
EMP-2658,Data Science,Intern,SQL Server,74,15,11,4,1,153,36,9,1,0,0
EMP-2659,Engineering,Tech Lead,Oracle,56,9,9,0,2,33,14,6,1,0,0
EMP-2660,Infrastructure,Engineer,MongoDB,-5,6,5,1,7,12,24,8,1,7.0,0
EMP-2661,Engineering,Junior Developer,MongoDB,-19,11,8,3,12,57,25,2,0,100,1
EMP-2662,QA,Junior Developer,MongoDB,117,1,1,0,2,106,31,10,0,0,0
EMP-2663,HR,Junior Developer,MongoDB,98,3,3,0,2,158,22,8,1,0,0
EMP-2664,Engineering,Manager,CockroachDB,40,5,5,0,1,6,14,8,0,0,0
EMP-2665,Engineering,Intern,Redis,129,2,1,1,2,121,31,9,1,0,0
EMP-2666,Finance,Developer,Oracle,16,9,7,2,1,68,5,7,1,0,0
EMP-2667,HR,Tech Lead,SQL Server,33,4,4,0,1,24,2,10,1,0,0
EMP-2668,HR,Developer,MySQL,39,4,3,1,2,30,5,10,1,0,0
EMP-2669,Data Science,Engineer,Oracle,51,13,11,2,0,16,18,8,1,0,0
EMP-2670,Security,Senior Developer,PostgreSQL,41,10,7,3,2,9,8,7,0,0,0
EMP-2671,Security,Senior Developer,PostgreSQL,14,6,3,3,0,9,35,5,1,0,0
EMP-2672,Operations,Analyst,MongoDB,-10,8,8,0,5,52,28,3,0,22.67,0
EMP-2673,Infrastructure,Tech Lead,SQL Server,-7,4,3,1,8,25,10,5,0,80.17,1
EMP-2674,Infrastructure,Engineer,PostgreSQL,-18,5,3,2,11,37,22,8,0,100,1
EMP-2675,HR,Tech Lead,PostgreSQL,-24,0,0,0,8,14,37,9,0,100,1
EMP-2676,QA,Intern,MongoDB,10,2,1,1,1,66,29,7,0,0,0
EMP-2677,Operations,Developer,MariaDB,87,1,1,0,0,15,33,5,1,0,0
EMP-2678,Data Science,Junior Developer,MongoDB,-7,9,6,3,11,36,21,7,0,100,1
EMP-2679,Security,Junior Developer,CockroachDB,12,10,8,2,1,141,31,10,0,0,0
EMP-2680,HR,Junior Developer,PostgreSQL,27,14,12,2,0,146,7,3,0,0,0
EMP-2681,HR,Engineer,Oracle,20,14,14,0,1,37,8,4,0,0,0
EMP-2682,QA,Developer,MariaDB,76,6,6,0,0,69,16,5,1,0,0
EMP-2683,Infrastructure,Manager,MongoDB,76,2,2,0,1,15,36,2,1,0,0
EMP-2684,Infrastructure,Tech Lead,MySQL,146,5,4,1,0,35,11,5,0,0,0
EMP-2685,Infrastructure,Senior Developer,MySQL,57,6,6,0,2,2,40,9,1,0,0
EMP-2686,Finance,Manager,MySQL,19,13,13,0,2,7,4,5,1,0,0
EMP-2687,Engineering,Manager,SQL Server,31,12,12,0,1,11,29,7,1,0,0
EMP-2688,Infrastructure,Senior Developer,MariaDB,86,8,5,3,0,29,19,9,0,0,0
EMP-2689,Security,Developer,Oracle,-40,7,6,1,10,44,32,6,0,100,1
EMP-2690,Infrastructure,Intern,CockroachDB,65,0,0,0,2,152,17,8,0,13.33,0
EMP-2691,QA,Developer,SQL Server,140,15,14,1,2,23,18,4,1,0,0
EMP-2692,HR,Manager,MariaDB,76,8,8,0,2,13,40,9,1,0,0
EMP-2693,Data Science,Intern,MySQL,13,2,1,1,0,35,17,8,1,0,0
EMP-2694,Operations,Engineer,Oracle,53,1,1,0,2,14,7,5,0,0,0
EMP-2695,Security,Tech Lead,MySQL,16,13,7,6,0,8,19,5,0,0,0
EMP-2696,Infrastructure,Intern,PostgreSQL,-25,15,10,5,5,126,26,7,0,100,1
EMP-2697,Security,Analyst,MongoDB,92,10,6,4,2,42,10,8,0,0,0
EMP-2698,HR,Senior Developer,Redis,148,3,3,0,1,32,3,5,0,0,0
EMP-2699,QA,Analyst,MongoDB,48,10,10,0,1,64,10,5,1,0,0
EMP-2700,Data Science,Engineer,MongoDB,2,5,5,0,3,49,16,10,0,0,0
EMP-2701,Infrastructure,Developer,PostgreSQL,102,1,1,0,0,33,32,9,1,0,0
EMP-2702,Operations,Analyst,CockroachDB,-22,1,1,0,11,63,18,9,1,100,1
EMP-2703,Data Science,Developer,MongoDB,-12,2,2,0,5,67,8,9,1,32.17,0
EMP-2704,Security,Tech Lead,MySQL,45,6,3,3,2,17,32,3,0,22.83,0
EMP-2705,HR,Manager,MySQL,-16,1,1,0,8,24,8,6,0,100,1
EMP-2706,Data Science,Tech Lead,Redis,59,7,4,3,2,16,6,5,1,0,0
EMP-2707,HR,Engineer,PostgreSQL,-16,3,3,0,7,21,40,9,1,52.5,0
EMP-2708,HR,Junior Developer,CockroachDB,0,7,4,3,4,144,30,5,1,23.0,0
EMP-2709,QA,Manager,SQL Server,126,13,8,5,0,8,36,4,1,0,0
EMP-2710,Engineering,Senior Developer,MongoDB,16,6,4,2,1,21,35,8,0,0,0
EMP-2711,Infrastructure,Tech Lead,CockroachDB,-12,5,3,2,8,27,30,3,1,95.5,1
EMP-2712,Security,Tech Lead,MongoDB,115,4,2,2,1,31,11,5,1,0,0
EMP-2713,HR,Engineer,MongoDB,-27,12,7,5,4,49,26,9,1,99.17,1
EMP-2714,Data Science,Engineer,SQL Server,-25,12,10,2,10,49,28,3,0,100,1
EMP-2715,Finance,Junior Developer,PostgreSQL,47,9,6,3,0,95,39,6,0,0,0
EMP-2716,Security,Junior Developer,Redis,-37,1,1,0,5,120,38,5,1,100,1
EMP-2717,Infrastructure,Developer,MySQL,26,7,7,0,0,54,36,8,1,0,0
EMP-2718,Engineering,Analyst,MongoDB,23,8,5,3,2,12,40,7,0,0,0
EMP-2719,Infrastructure,Intern,MongoDB,123,14,10,4,2,93,25,9,1,0,0
EMP-2720,Operations,Analyst,MongoDB,66,1,1,0,0,69,40,4,1,0,0
EMP-2721,HR,Analyst,MariaDB,127,3,2,1,2,37,32,10,0,0,0
EMP-2722,Security,Senior Developer,MongoDB,121,14,13,1,0,16,21,8,1,0,0
EMP-2723,QA,Engineer,Oracle,-10,12,6,6,4,37,36,8,1,53.17,0
EMP-2724,Security,Engineer,MariaDB,11,5,4,1,1,20,29,6,1,0,0
EMP-2725,HR,Intern,Oracle,146,13,9,4,2,66,33,10,1,0,0
EMP-2726,Finance,Analyst,Redis,78,0,0,0,2,47,7,9,0,0,0
EMP-2727,Data Science,Senior Developer,Oracle,-17,12,10,2,11,4,14,10,1,57.67,0
EMP-2728,Finance,Developer,CockroachDB,89,4,4,0,2,55,31,5,0,0,0
EMP-2729,Operations,Tech Lead,PostgreSQL,2,14,9,5,4,27,38,5,0,12.5,0
EMP-2730,Finance,Analyst,Redis,11,10,6,4,2,64,40,6,0,6.67,0
EMP-2731,Data Science,Analyst,SQL Server,138,13,9,4,2,59,17,3,1,0,0
EMP-2732,HR,Senior Developer,SQL Server,109,1,1,0,0,30,35,4,0,0,0
EMP-2733,Engineering,Intern,CockroachDB,59,12,12,0,1,68,12,5,0,0,0
EMP-2734,HR,Senior Developer,PostgreSQL,45,15,8,7,0,8,30,10,1,0,0
EMP-2735,Operations,Senior Developer,PostgreSQL,-32,4,4,0,8,5,4,2,0,100,1
EMP-2736,Finance,Intern,MySQL,-25,5,5,0,12,125,23,4,1,100,1
EMP-2737,Security,Intern,MariaDB,-14,9,7,2,7,42,5,10,0,61.0,1
EMP-2738,Infrastructure,Intern,Redis,-27,12,9,3,5,120,7,4,0,100,1
EMP-2739,Infrastructure,Developer,MariaDB,64,12,7,5,1,39,6,9,1,0,0
EMP-2740,Security,Junior Developer,Oracle,42,15,10,5,1,54,6,2,1,0,0
EMP-2741,HR,Tech Lead,MariaDB,71,15,15,0,0,20,5,9,0,0,0
EMP-2742,Infrastructure,Junior Developer,Oracle,94,3,2,1,2,106,23,5,1,0,0
EMP-2743,Finance,Senior Developer,Redis,104,6,6,0,2,11,4,8,1,0,0
EMP-2744,Finance,Developer,PostgreSQL,-21,4,4,0,9,36,8,3,1,100,1
EMP-2745,Operations,Developer,Redis,84,5,3,2,2,50,9,9,0,0,0
EMP-2746,HR,Analyst,Oracle,94,6,3,3,1,43,6,3,0,17.17,0
EMP-2747,HR,Analyst,CockroachDB,70,7,4,3,2,48,4,8,1,0,0
EMP-2748,Infrastructure,Developer,CockroachDB,19,15,11,4,0,34,19,4,1,0,0
EMP-2749,Finance,Senior Developer,Oracle,-8,12,11,1,4,19,2,10,1,0,0
EMP-2750,HR,Analyst,Redis,116,15,13,2,2,42,1,8,0,0,0
EMP-2751,Infrastructure,Analyst,PostgreSQL,3,4,4,0,1,53,39,6,0,0,0
EMP-2752,QA,Intern,CockroachDB,21,6,4,2,0,134,6,8,0,0,0
EMP-2753,HR,Manager,SQL Server,-8,8,6,2,5,23,30,9,0,25.83,0
EMP-2754,QA,Manager,MySQL,51,8,7,1,1,12,31,9,1,0,0
EMP-2755,Finance,Developer,MongoDB,118,2,2,0,1,59,19,6,1,0,0
EMP-2756,HR,Manager,MariaDB,59,4,4,0,0,14,37,4,1,0,0
EMP-2757,Operations,Analyst,CockroachDB,11,6,4,2,0,60,20,3,0,0,0
EMP-2758,Finance,Intern,MongoDB,1,2,1,1,1,34,28,7,0,0,0
EMP-2759,Infrastructure,Tech Lead,Redis,-36,13,13,0,8,8,18,3,1,84.33,1
EMP-2760,Finance,Junior Developer,Redis,77,1,1,0,1,46,30,6,1,0,0
EMP-2761,Security,Junior Developer,Oracle,28,6,5,1,2,89,5,2,0,0,0
EMP-2762,Finance,Junior Developer,MongoDB,125,5,4,1,1,101,14,8,0,0,0
EMP-2763,Engineering,Engineer,CockroachDB,34,14,9,5,0,63,23,9,1,0,0
EMP-2764,Infrastructure,Engineer,MariaDB,40,2,2,0,2,22,18,7,1,0,0
EMP-2765,QA,Senior Developer,SQL Server,150,13,12,1,2,2,35,4,0,0,0
EMP-2766,Data Science,Tech Lead,SQL Server,-18,2,2,0,5,30,20,9,0,75.0,0
EMP-2767,Operations,Engineer,CockroachDB,-30,0,0,0,9,39,30,6,1,100,1
EMP-2768,Data Science,Tech Lead,SQL Server,90,13,11,2,0,10,23,8,0,0,0
EMP-2769,HR,Engineer,CockroachDB,19,14,10,4,1,52,10,3,1,0,0
EMP-2770,Operations,Developer,MySQL,122,5,4,1,0,42,3,6,0,0,0
EMP-2771,Security,Developer,Redis,138,7,4,3,1,63,18,2,0,16.5,0
EMP-2772,Data Science,Senior Developer,SQL Server,-6,10,5,5,10,27,5,4,1,100,1
EMP-2773,Infrastructure,Junior Developer,Oracle,-34,15,9,6,4,112,14,2,1,100,1
EMP-2774,Operations,Engineer,MySQL,33,12,10,2,2,13,34,9,1,0,0
EMP-2775,Engineering,Senior Developer,MongoDB,106,6,5,1,1,22,38,4,1,0,1
EMP-2776,Data Science,Developer,MySQL,34,9,6,3,2,42,17,7,1,0,0
EMP-2777,Engineering,Developer,MongoDB,-17,0,0,0,10,42,18,7,1,100,1
EMP-2778,Operations,Intern,CockroachDB,41,15,11,4,0,78,24,9,1,0,0
EMP-2779,Finance,Engineer,Oracle,138,12,9,3,2,71,20,4,1,0,0
EMP-2780,Finance,Developer,PostgreSQL,88,8,5,3,0,38,11,7,1,0,0
EMP-2781,Security,Junior Developer,Redis,-20,11,7,4,5,122,4,9,0,100,1
EMP-2782,QA,Analyst,PostgreSQL,125,2,2,0,0,71,12,10,0,0,0
EMP-2783,Infrastructure,Tech Lead,PostgreSQL,96,8,4,4,1,22,7,4,1,0,0
EMP-2784,QA,Developer,SQL Server,-24,15,15,0,4,16,21,5,0,0,0
EMP-2785,QA,Engineer,MariaDB,10,2,2,0,0,22,20,3,1,0,0
EMP-2786,QA,Analyst,CockroachDB,137,8,7,1,1,31,18,3,0,0,0
EMP-2787,Infrastructure,Manager,MySQL,88,0,0,0,0,10,39,10,1,0,0
EMP-2788,HR,Intern,SQL Server,86,8,4,4,1,60,19,5,1,0,0
EMP-2789,Security,Engineer,CockroachDB,-37,5,4,1,9,25,11,9,1,100,1
EMP-2790,Data Science,Analyst,Redis,18,11,6,5,1,64,3,4,1,0,0
EMP-2791,Security,Tech Lead,MariaDB,132,14,9,5,2,19,24,9,0,0,0
EMP-2792,Finance,Developer,MySQL,-29,15,12,3,12,43,9,3,1,100,1
EMP-2793,HR,Junior Developer,MongoDB,103,2,2,0,2,70,36,6,0,0,0
EMP-2794,QA,Analyst,Redis,138,14,7,7,1,25,5,7,0,14.17,0
EMP-2795,Infrastructure,Manager,CockroachDB,80,2,2,0,0,34,4,7,1,0,0
EMP-2796,Finance,Intern,CockroachDB,48,1,1,0,0,149,30,4,0,0.83,0
EMP-2797,Data Science,Intern,PostgreSQL,29,2,2,0,2,28,37,5,1,0,0
EMP-2798,Engineering,Tech Lead,MariaDB,36,14,7,7,1,9,39,5,0,19.5,0
EMP-2799,QA,Intern,MySQL,70,6,5,1,0,121,19,8,1,0,0
EMP-2800,Operations,Junior Developer,Oracle,97,15,8,7,2,154,30,10,1,0.67,0
EMP-2801,Security,Manager,MongoDB,104,2,1,1,0,11,33,4,1,0,0
EMP-2802,Operations,Senior Developer,MariaDB,-35,7,6,1,10,17,1,9,0,100,1
EMP-2803,Finance,Intern,Redis,92,3,2,1,0,67,7,7,1,0,0
EMP-2804,Data Science,Tech Lead,PostgreSQL,41,10,5,5,1,5,18,4,0,14.83,0
EMP-2805,Finance,Analyst,MongoDB,-6,8,7,1,10,67,18,4,1,50.17,0
EMP-2806,Engineering,Manager,Redis,107,6,3,3,0,26,10,8,1,0,0
EMP-2807,Operations,Tech Lead,CockroachDB,34,13,13,0,0,12,2,4,1,0,0
EMP-2808,QA,Junior Developer,MongoDB,66,3,2,1,1,75,9,3,0,6.5,0
EMP-2809,Engineering,Engineer,Oracle,95,15,9,6,2,71,2,5,0,11.83,0
EMP-2810,QA,Developer,MariaDB,108,9,6,3,2,54,37,2,1,0,0
EMP-2811,Infrastructure,Tech Lead,PostgreSQL,44,13,11,2,1,1,40,5,1,0,0
EMP-2812,Security,Engineer,CockroachDB,76,7,5,2,1,24,22,5,1,0,0
EMP-2813,Infrastructure,Manager,PostgreSQL,-24,13,8,5,5,16,31,6,1,95.67,1
EMP-2814,Engineering,Tech Lead,SQL Server,52,5,4,1,2,8,11,5,1,0,0
EMP-2815,HR,Senior Developer,SQL Server,111,3,3,0,2,20,9,7,0,0,0
EMP-2816,Engineering,Developer,Redis,75,6,6,0,0,56,31,9,1,0,0
EMP-2817,Security,Senior Developer,MariaDB,13,3,2,1,2,15,13,5,1,0,0
EMP-2818,Infrastructure,Intern,MySQL,87,11,11,0,2,61,1,6,0,0,0
EMP-2819,Security,Junior Developer,MySQL,36,5,5,0,0,24,31,7,1,0,0
EMP-2820,Operations,Senior Developer,PostgreSQL,-10,11,7,4,7,11,30,7,1,50.83,0
EMP-2821,Data Science,Engineer,CockroachDB,-1,0,0,0,3,21,23,10,1,0,0
EMP-2822,Finance,Developer,MariaDB,-2,1,1,0,5,63,38,2,1,27.5,0
EMP-2823,HR,Senior Developer,PostgreSQL,-25,15,15,0,8,17,28,9,0,26.83,0
EMP-2824,Finance,Developer,MySQL,21,11,6,5,2,47,27,2,0,31.83,0
EMP-2825,Engineering,Junior Developer,MongoDB,86,6,6,0,2,73,1,6,0,0,0
EMP-2826,Operations,Engineer,Redis,-13,8,6,2,6,62,30,9,0,62.33,1
EMP-2827,HR,Senior Developer,SQL Server,26,6,6,0,2,18,40,8,1,0,0
EMP-2828,Data Science,Intern,CockroachDB,36,13,8,5,2,38,6,6,0,0,0
EMP-2829,Operations,Tech Lead,Redis,88,6,3,3,2,3,26,3,0,20.5,0
EMP-2830,QA,Tech Lead,SQL Server,-25,12,7,5,7,4,18,4,0,100,1
EMP-2831,Security,Developer,Oracle,20,5,5,0,1,48,3,6,1,0,0
EMP-2832,Infrastructure,Intern,MySQL,-8,15,14,1,11,85,20,6,1,7.17,0
EMP-2833,Security,Engineer,PostgreSQL,102,4,3,1,0,26,14,6,1,0,0
EMP-2834,QA,Intern,MariaDB,41,11,6,5,0,48,13,5,0,0,0
EMP-2835,HR,Developer,Oracle,-4,2,1,1,10,39,9,8,0,94.5,1
EMP-2836,Operations,Senior Developer,CockroachDB,131,5,5,0,2,5,35,3,1,0,0
EMP-2837,Infrastructure,Senior Developer,SQL Server,106,12,6,6,2,19,9,9,1,0,0
EMP-2838,Infrastructure,Senior Developer,MongoDB,-29,7,7,0,4,10,8,7,1,48.67,0
EMP-2839,Operations,Developer,Redis,-33,11,7,4,8,64,14,7,1,100,1
EMP-2840,Engineering,Junior Developer,CockroachDB,-13,5,4,1,5,128,14,6,1,54.33,0
EMP-2841,Infrastructure,Senior Developer,CockroachDB,116,11,7,4,1,4,29,4,0,0,0
EMP-2842,Infrastructure,Analyst,MariaDB,126,1,1,0,2,40,23,2,1,0,0
EMP-2843,Finance,Developer,MongoDB,63,12,6,6,0,40,23,5,1,0,0
EMP-2844,HR,Analyst,Oracle,138,14,9,5,0,36,6,9,1,0,0
EMP-2845,HR,Developer,MySQL,-13,6,4,2,9,59,29,4,1,100,1
EMP-2846,Security,Intern,Oracle,134,8,6,2,1,43,31,4,0,0,0
EMP-2847,Operations,Developer,Oracle,31,2,2,0,2,40,38,6,1,0,0
EMP-2848,HR,Engineer,PostgreSQL,74,8,7,1,0,12,18,3,1,0,0
EMP-2849,Operations,Manager,PostgreSQL,-22,10,10,0,9,17,18,5,1,55.83,0
EMP-2850,Data Science,Intern,SQL Server,115,7,6,1,1,143,27,5,0,0,0
EMP-2851,QA,Intern,MariaDB,86,7,4,3,2,80,18,2,1,4.33,0
EMP-2852,Engineering,Intern,CockroachDB,74,9,9,0,1,157,16,8,0,0,0
EMP-2853,Infrastructure,Manager,MariaDB,-5,9,7,2,8,22,8,9,0,35.67,0
EMP-2854,Engineering,Analyst,MongoDB,89,9,9,0,1,49,29,8,1,0,0
EMP-2855,Data Science,Intern,MySQL,5,3,3,0,4,54,31,2,1,0,0
EMP-2856,QA,Junior Developer,Redis,107,1,1,0,0,48,17,5,1,0,0
EMP-2857,HR,Analyst,PostgreSQL,-30,4,4,0,9,65,36,7,1,100,1
EMP-2858,QA,Intern,CockroachDB,12,9,7,2,1,132,27,10,1,0,0
EMP-2859,Finance,Analyst,PostgreSQL,76,4,2,2,2,58,5,7,1,0,0
EMP-2860,Engineering,Intern,Oracle,108,6,3,3,0,147,13,9,1,0,0
EMP-2861,Data Science,Developer,MariaDB,4,14,7,7,1,28,7,3,1,5.67,0
EMP-2862,QA,Senior Developer,MongoDB,-40,13,8,5,7,12,12,7,0,100,1
EMP-2863,QA,Senior Developer,Oracle,114,5,3,2,1,15,21,6,1,0,0
EMP-2864,Engineering,Analyst,MariaDB,94,15,10,5,1,49,37,5,1,0,0
EMP-2865,Engineering,Engineer,Redis,112,15,8,7,2,17,6,10,1,0,0
EMP-2866,Data Science,Intern,Oracle,122,5,4,1,0,157,13,7,1,0,0
EMP-2867,Data Science,Analyst,PostgreSQL,64,3,2,1,0,62,8,4,0,0,0
EMP-2868,QA,Senior Developer,PostgreSQL,31,7,5,2,0,30,17,3,0,0,0
EMP-2869,Engineering,Developer,Oracle,82,9,7,2,1,29,40,10,1,0,0
EMP-2870,QA,Junior Developer,CockroachDB,-3,2,2,0,3,120,15,7,1,0,0
EMP-2871,QA,Analyst,CockroachDB,32,14,11,3,0,36,38,7,0,0,0
EMP-2872,QA,Tech Lead,MySQL,79,15,12,3,0,13,28,7,1,0,0
EMP-2873,Infrastructure,Intern,CockroachDB,12,13,9,4,0,158,8,6,0,0,0
EMP-2874,Operations,Tech Lead,MySQL,22,15,13,2,1,33,25,4,0,0,0
EMP-2875,Operations,Analyst,CockroachDB,7,15,12,3,3,54,7,5,1,0,0
EMP-2876,Engineering,Manager,PostgreSQL,70,5,5,0,1,31,37,4,0,0,0
EMP-2877,Data Science,Tech Lead,MySQL,21,12,6,6,0,5,26,4,0,8.83,0
EMP-2878,Engineering,Analyst,Redis,-20,11,8,3,5,47,9,7,0,81.83,1
EMP-2879,Data Science,Senior Developer,MariaDB,127,12,10,2,0,14,18,8,1,0,0
EMP-2880,QA,Junior Developer,Redis,4,11,11,0,4,141,1,8,0,0,0
EMP-2881,Infrastructure,Junior Developer,MySQL,-26,2,2,0,4,28,28,8,0,100,1
EMP-2882,Operations,Analyst,MongoDB,20,14,9,5,2,40,34,8,1,0,0
EMP-2883,Engineering,Tech Lead,SQL Server,58,9,5,4,2,29,4,6,0,8.83,0
EMP-2884,Operations,Tech Lead,Redis,113,11,7,4,0,27,13,6,1,0,0
EMP-2885,QA,Junior Developer,Redis,103,9,6,3,2,88,26,4,1,0,0
EMP-2886,QA,Analyst,Oracle,41,5,4,1,1,16,12,9,1,0,0
EMP-2887,Security,Junior Developer,Oracle,79,15,9,6,2,89,31,7,1,0,0
EMP-2888,Data Science,Intern,MySQL,-39,8,4,4,9,157,26,2,0,100,1
EMP-2889,Engineering,Intern,MySQL,110,4,4,0,0,42,18,8,0,0,0
EMP-2890,Finance,Junior Developer,MySQL,-2,6,6,0,4,46,25,3,1,0,0
EMP-2891,Engineering,Developer,MariaDB,136,1,1,0,1,34,13,3,0,0,0
EMP-2892,HR,Developer,PostgreSQL,96,2,1,1,1,40,36,7,1,0,0
EMP-2893,Data Science,Tech Lead,Oracle,-32,3,3,0,6,28,12,9,0,100,1
EMP-2894,Engineering,Intern,MySQL,81,2,2,0,0,57,28,3,1,0,0
EMP-2895,Data Science,Developer,MySQL,150,14,14,0,0,25,37,6,0,0,0
EMP-2896,Finance,Manager,Oracle,72,13,13,0,2,6,17,3,1,0,0
EMP-2897,QA,Developer,CockroachDB,64,14,8,6,1,41,6,8,1,0,0
EMP-2898,Engineering,Developer,MariaDB,78,8,4,4,2,33,17,3,1,4.5,0
EMP-2899,Data Science,Analyst,CockroachDB,108,2,2,0,0,72,12,5,1,0,0
EMP-2900,Data Science,Junior Developer,SQL Server,21,0,0,0,1,152,4,4,0,19.33,0
EMP-2901,Engineering,Intern,CockroachDB,89,11,7,4,0,42,6,9,0,0,0
EMP-2902,QA,Tech Lead,Oracle,4,4,4,0,3,24,24,3,1,0,0
EMP-2903,Infrastructure,Analyst,SQL Server,124,4,2,2,2,24,24,9,1,0,0
EMP-2904,Data Science,Analyst,MySQL,132,9,8,1,0,69,27,7,1,0,0
EMP-2905,Infrastructure,Developer,SQL Server,59,12,7,5,0,14,14,8,1,0,0
EMP-2906,Engineering,Engineer,Redis,-24,3,3,0,4,66,33,5,1,78.0,1
EMP-2907,QA,Analyst,Oracle,127,12,10,2,2,48,17,4,1,0,0
EMP-2908,Infrastructure,Junior Developer,SQL Server,85,15,10,5,1,77,12,2,1,0,0
EMP-2909,Security,Intern,SQL Server,29,9,5,4,1,105,31,3,0,23.5,0
EMP-2910,Infrastructure,Intern,Oracle,148,11,6,5,1,95,27,6,1,0,0
EMP-2911,Engineering,Junior Developer,PostgreSQL,122,10,10,0,0,50,40,8,1,0,0
EMP-2912,Security,Tech Lead,MongoDB,72,13,12,1,2,14,6,7,1,0,0
EMP-2913,QA,Tech Lead,SQL Server,76,11,6,5,2,17,23,3,1,0,0
EMP-2914,QA,Junior Developer,MongoDB,86,13,13,0,1,93,15,10,1,0,0
EMP-2915,Infrastructure,Manager,CockroachDB,87,15,13,2,1,4,28,4,0,0,0
EMP-2916,Data Science,Junior Developer,MySQL,-9,12,8,4,11,136,16,6,0,100,1
EMP-2917,Security,Manager,SQL Server,141,15,9,6,1,25,28,7,1,0,0
EMP-2918,Operations,Manager,Redis,35,2,1,1,2,10,34,6,0,1.67,0
EMP-2919,Engineering,Senior Developer,MySQL,-26,11,6,5,11,17,18,8,1,100,1
EMP-2920,HR,Manager,Redis,72,6,5,1,0,34,26,10,1,0,0
EMP-2921,Data Science,Intern,MySQL,89,11,11,0,1,52,20,9,1,0,0
EMP-2922,Finance,Intern,Redis,-39,7,5,2,6,53,37,7,0,100,1
EMP-2923,Finance,Senior Developer,MariaDB,-39,14,7,7,10,34,26,3,1,100,1
EMP-2924,QA,Tech Lead,PostgreSQL,71,4,2,2,2,11,20,8,0,0,0
EMP-2925,QA,Engineer,MySQL,47,0,0,0,0,31,25,3,1,0,0
EMP-2926,Finance,Engineer,MariaDB,143,7,7,0,1,40,37,4,1,0,0
EMP-2927,Data Science,Intern,CockroachDB,141,1,1,0,2,83,1,9,1,0,0
EMP-2928,Operations,Intern,SQL Server,57,2,1,1,2,28,7,8,1,0,0
EMP-2929,Operations,Junior Developer,MariaDB,-10,4,4,0,10,168,8,9,0,100,1
EMP-2930,HR,Engineer,MariaDB,-9,10,7,3,12,44,28,9,1,82.33,1
EMP-2931,HR,Engineer,MongoDB,-1,13,7,6,8,52,29,9,0,72.67,1
EMP-2932,Operations,Manager,PostgreSQL,72,11,11,0,2,6,22,10,0,0,0
EMP-2933,Engineering,Senior Developer,MySQL,15,13,13,0,0,9,36,3,0,0,0
EMP-2934,Data Science,Intern,MySQL,102,5,4,1,1,163,13,8,1,0,0
EMP-2935,Infrastructure,Intern,MariaDB,96,9,6,3,0,25,14,7,1,0,0
EMP-2936,Security,Analyst,MariaDB,118,13,13,0,1,53,12,9,0,0,0
EMP-2937,Finance,Senior Developer,MongoDB,-10,13,8,5,12,25,12,6,1,100,1
EMP-2938,Engineering,Analyst,Redis,-22,14,7,7,12,17,12,6,1,100,1
EMP-2939,Security,Analyst,CockroachDB,-33,15,12,3,7,47,32,9,1,88.83,1
EMP-2940,QA,Intern,Oracle,64,5,3,2,0,159,22,7,1,0,0
EMP-2941,Engineering,Developer,MariaDB,98,9,7,2,2,63,7,5,1,0,0
EMP-2942,Finance,Senior Developer,MongoDB,148,2,1,1,2,25,32,7,1,0,1
EMP-2943,Data Science,Engineer,Redis,117,12,6,6,0,24,21,2,1,0,0
EMP-2944,QA,Engineer,PostgreSQL,52,2,2,0,0,36,33,9,0,0,0
EMP-2945,Data Science,Analyst,Oracle,34,12,7,5,0,20,16,9,1,0,0
EMP-2946,Data Science,Junior Developer,Redis,71,13,11,2,1,157,23,3,1,0,0
EMP-2947,Operations,Analyst,CockroachDB,58,3,2,1,1,34,28,6,0,0,0
EMP-2948,Infrastructure,Tech Lead,MySQL,19,8,6,2,2,29,19,3,1,0,0
EMP-2949,Finance,Senior Developer,Oracle,-40,12,9,3,3,36,26,5,0,100,1
EMP-2950,Operations,Senior Developer,MySQL,91,12,10,2,0,22,11,7,1,0,0
EMP-2951,Infrastructure,Engineer,MariaDB,-24,10,6,4,5,19,16,3,1,100,1
EMP-2952,Data Science,Analyst,Oracle,-29,6,3,3,10,13,14,2,0,100,1
EMP-2953,Infrastructure,Analyst,MySQL,48,13,11,2,1,53,13,9,0,0,0
EMP-2954,QA,Developer,Oracle,61,3,2,1,2,60,16,5,1,0,0
EMP-2955,Finance,Manager,Oracle,52,11,8,3,2,1,30,9,1,0,0
EMP-2956,Finance,Engineer,MariaDB,121,2,2,0,1,60,20,8,1,0,0
EMP-2957,Engineering,Developer,Oracle,111,3,2,1,2,46,20,9,1,0,0
EMP-2958,Security,Tech Lead,MongoDB,0,4,2,2,2,33,30,7,0,5.5,0
EMP-2959,HR,Analyst,Oracle,10,9,6,3,1,23,37,4,0,0,0
EMP-2960,HR,Analyst,PostgreSQL,83,15,14,1,0,49,26,4,0,0,0
EMP-2961,Security,Junior Developer,CockroachDB,78,3,2,1,2,140,13,10,0,0,0
EMP-2962,Security,Intern,PostgreSQL,-6,10,10,0,8,49,34,4,1,0,0
EMP-2963,QA,Analyst,MySQL,50,9,8,1,1,36,6,9,1,0,0
EMP-2964,Data Science,Intern,SQL Server,139,7,7,0,0,107,32,3,1,0,0
EMP-2965,Security,Intern,SQL Server,55,10,8,2,1,54,14,10,1,0,0
EMP-2966,HR,Analyst,MariaDB,48,3,3,0,0,16,17,10,1,0,0
EMP-2967,Infrastructure,Analyst,Redis,131,6,3,3,0,38,14,7,1,0,0
EMP-2968,Operations,Developer,CockroachDB,-31,7,6,1,4,24,4,2,0,100,1
EMP-2969,Security,Intern,PostgreSQL,119,12,10,2,0,36,32,10,0,0,0
EMP-2970,Operations,Junior Developer,PostgreSQL,136,11,9,2,1,74,16,8,1,0,0
EMP-2971,Infrastructure,Engineer,MariaDB,-24,13,13,0,9,32,15,6,0,63.33,1
EMP-2972,Security,Manager,Oracle,-25,3,2,1,10,21,20,4,1,100,1
EMP-2973,Finance,Senior Developer,CockroachDB,2,5,3,2,4,4,15,5,1,0,0
EMP-2974,QA,Intern,MariaDB,52,14,12,2,1,141,37,3,1,0,0
EMP-2975,Operations,Manager,SQL Server,19,11,11,0,2,10,26,7,0,0,0
EMP-2976,Data Science,Analyst,SQL Server,97,13,12,1,0,29,8,2,0,0,0
EMP-2977,HR,Junior Developer,MySQL,49,1,1,0,2,130,11,6,1,0,0
EMP-2978,Data Science,Analyst,MariaDB,21,15,11,4,1,25,37,6,0,0,0
EMP-2979,QA,Manager,PostgreSQL,45,8,4,4,0,18,14,3,1,0,0
EMP-2980,HR,Developer,MariaDB,47,0,0,0,2,52,29,7,1,0,0
EMP-2981,Security,Analyst,Redis,77,4,2,2,2,60,14,2,1,5.0,0
EMP-2982,Operations,Senior Developer,PostgreSQL,39,2,2,0,1,11,39,2,0,0,0
EMP-2983,Data Science,Manager,SQL Server,106,10,8,2,1,35,3,8,1,0,0
EMP-2984,Data Science,Manager,MongoDB,112,8,5,3,0,20,4,8,0,0,0
EMP-2985,Infrastructure,Tech Lead,MariaDB,53,12,11,1,2,26,5,10,1,0,0
EMP-2986,Data Science,Intern,MongoDB,136,12,7,5,0,155,3,4,1,0,0
EMP-2987,Engineering,Junior Developer,MySQL,62,2,2,0,2,143,4,5,1,0,0
EMP-2988,HR,Manager,PostgreSQL,13,5,3,2,2,30,35,9,0,0,0
EMP-2989,Infrastructure,Engineer,Oracle,115,1,1,0,0,27,5,10,0,0,0
EMP-2990,QA,Developer,Oracle,66,3,3,0,1,31,28,7,1,0,0
EMP-2991,QA,Developer,Oracle,132,11,9,2,2,28,16,9,1,0,0
EMP-2992,HR,Manager,MariaDB,116,5,5,0,0,27,28,5,0,0,0
EMP-2993,Engineering,Developer,CockroachDB,74,4,3,1,2,16,10,10,1,0,0
EMP-2994,Operations,Senior Developer,MariaDB,120,3,2,1,0,3,23,4,1,0,0
EMP-2995,HR,Intern,MongoDB,148,9,6,3,2,50,11,2,1,0,0
EMP-2996,Infrastructure,Developer,MariaDB,-17,4,2,2,12,12,35,3,0,100,1
EMP-2997,HR,Analyst,Oracle,17,10,10,0,1,34,27,9,1,0,0
EMP-2998,Infrastructure,Manager,PostgreSQL,26,13,10,3,0,30,13,8,1,0,0
EMP-2999,Operations,Senior Developer,PostgreSQL,89,9,9,0,2,13,6,6,0,0,0
EMP-3000,Engineering,Junior Developer,CockroachDB,-4,12,8,4,4,154,18,9,0,29.67,0
